nohup: ignoring input
Standard Commons Logging discovery in action with spring-jcl: please remove commons-logging.jar from classpath in order to avoid potential conflicts

  .   ____          _            __ _ _
 /\\ / ___'_ __ _ _(_)_ __  __ _ \ \ \ \
( ( )\___ | '_ | '_| | '_ \/ _` | \ \ \ \
 \\/  ___)| |_)| | | | | || (_| |  ) ) ) )
  '  |____| .__|_| |_|_| |_\__, | / / / /
 =========|_|==============|___/=/_/_/_/

 :: Spring Boot ::                (v3.4.2)

2025-03-26T15:28:59.314Z DEBUG 835411 --- [gdgoc] [kground-preinit] o.h.v.i.xml.config.ValidationXmlParser   : Trying to load META-INF/validation.xml for XML based Validator configuration.
2025-03-26T15:28:59.341Z DEBUG 835411 --- [gdgoc] [kground-preinit] o.h.v.i.xml.config.ResourceLoaderHelper  : Trying to load META-INF/validation.xml via TCCL
2025-03-26T15:28:59.344Z DEBUG 835411 --- [gdgoc] [kground-preinit] o.h.v.i.xml.config.ResourceLoaderHelper  : Trying to load META-INF/validation.xml via Hibernate Validator's class loader
2025-03-26T15:28:59.346Z DEBUG 835411 --- [gdgoc] [kground-preinit] o.h.v.i.xml.config.ValidationXmlParser   : No META-INF/validation.xml found. Using annotation based configuration only.
2025-03-26T15:28:59.381Z DEBUG 835411 --- [gdgoc] [kground-preinit] o.h.v.i.e.resolver.TraversableResolvers  : Found jakarta.persistence.Persistence on classpath containing 'getPersistenceUtil'. Assuming JPA 2 environment. Trying to instantiate JPA aware TraversableResolver
2025-03-26T15:28:59.383Z DEBUG 835411 --- [gdgoc] [kground-preinit] o.h.v.i.e.resolver.TraversableResolvers  : Instantiated JPA aware TraversableResolver of type org.hibernate.validator.internal.engine.resolver.JPATraversableResolver.
2025-03-26T15:28:59.469Z DEBUG 835411 --- [gdgoc] [kground-preinit] .h.v.m.ResourceBundleMessageInterpolator : Loaded expression factory via original TCCL
2025-03-26T15:28:59.565Z  INFO 835411 --- [gdgoc] [           main] c.gomin_jungdok.gdgoc.GdgocApplication   : Starting GdgocApplication v0.0.1-SNAPSHOT using Java 17.0.14 with PID 835411 (/home/jjwon0407/gomin_jungdok_test_server/backend/build/libs/gdgoc-0.0.1-SNAPSHOT.jar started by jjwon0407 in /home/jjwon0407/gomin_jungdok_test_server/backend)
2025-03-26T15:28:59.567Z  INFO 835411 --- [gdgoc] [           main] c.gomin_jungdok.gdgoc.GdgocApplication   : No active profile set, falling back to 1 default profile: "default"
2025-03-26T15:28:59.974Z DEBUG 835411 --- [gdgoc] [kground-preinit] .i.e.ValidatorFactoryConfigurationHelper : HV000252: Using org.hibernate.validator.internal.engine.DefaultPropertyNodeNameProvider as property node name provider.
2025-03-26T15:28:59.989Z DEBUG 835411 --- [gdgoc] [kground-preinit] .i.e.ValidatorFactoryConfigurationHelper : HV000234: Using org.hibernate.validator.messageinterpolation.ResourceBundleMessageInterpolator as ValidatorFactory-scoped message interpolator.
2025-03-26T15:28:59.990Z DEBUG 835411 --- [gdgoc] [kground-preinit] .i.e.ValidatorFactoryConfigurationHelper : HV000234: Using org.hibernate.validator.internal.engine.resolver.JPATraversableResolver as ValidatorFactory-scoped traversable resolver.
2025-03-26T15:28:59.992Z DEBUG 835411 --- [gdgoc] [kground-preinit] .i.e.ValidatorFactoryConfigurationHelper : HV000234: Using org.hibernate.validator.internal.util.ExecutableParameterNameProvider as ValidatorFactory-scoped parameter name provider.
2025-03-26T15:28:59.992Z DEBUG 835411 --- [gdgoc] [kground-preinit] .i.e.ValidatorFactoryConfigurationHelper : HV000234: Using org.hibernate.validator.internal.engine.DefaultClockProvider as ValidatorFactory-scoped clock provider.
2025-03-26T15:28:59.994Z DEBUG 835411 --- [gdgoc] [kground-preinit] .i.e.ValidatorFactoryConfigurationHelper : HV000234: Using org.hibernate.validator.internal.engine.scripting.DefaultScriptEvaluatorFactory as ValidatorFactory-scoped script evaluator factory.
2025-03-26T15:29:02.882Z  INFO 835411 --- [gdgoc] [           main] .s.d.r.c.RepositoryConfigurationDelegate : Bootstrapping Spring Data JPA repositories in DEFAULT mode.
2025-03-26T15:29:03.091Z  INFO 835411 --- [gdgoc] [           main] .s.d.r.c.RepositoryConfigurationDelegate : Finished Spring Data repository scanning in 185 ms. Found 7 JPA repository interfaces.
2025-03-26T15:29:04.709Z  INFO 835411 --- [gdgoc] [           main] o.s.b.w.embedded.tomcat.TomcatWebServer  : Tomcat initialized with port 8081 (http)
2025-03-26T15:29:04.739Z  INFO 835411 --- [gdgoc] [           main] o.apache.catalina.core.StandardService   : Starting service [Tomcat]
2025-03-26T15:29:04.740Z  INFO 835411 --- [gdgoc] [           main] o.apache.catalina.core.StandardEngine    : Starting Servlet engine: [Apache Tomcat/10.1.34]
2025-03-26T15:29:04.833Z  INFO 835411 --- [gdgoc] [           main] o.a.c.c.C.[Tomcat].[localhost].[/]       : Initializing Spring embedded WebApplicationContext
2025-03-26T15:29:04.835Z  INFO 835411 --- [gdgoc] [           main] w.s.c.ServletWebServerApplicationContext : Root WebApplicationContext: initialization completed in 5023 ms
Standard Commons Logging discovery in action with spring-jcl: please remove commons-logging.jar from classpath in order to avoid potential conflicts
2025-03-26T15:29:05.252Z DEBUG 835411 --- [gdgoc] [           main] o.hibernate.jpa.internal.util.LogHelper  : PersistenceUnitInfo [
	name: default
	persistence provider classname: null
	classloader: TomcatEmbeddedWebappClassLoader
  context: ROOT
  delegate: true
----------> Parent Classloader:
org.springframework.boot.loader.launch.LaunchedClassLoader@279f2327

	excludeUnlistedClasses: true
	JTA datasource: null
	Non JTA datasource: HikariDataSource (null)
	Transaction type: RESOURCE_LOCAL
	PU root URL: nested:/home/jjwon0407/gomin_jungdok_test_server/backend/build/libs/gdgoc-0.0.1-SNAPSHOT.jar/!BOOT-INF/classes/
	Shared Cache Mode: UNSPECIFIED
	Validation Mode: AUTO
	Jar files URLs []
	Managed classes names [
		com.gomin_jungdok.gdgoc.comment.Comment
		com.gomin_jungdok.gdgoc.post.Post
		com.gomin_jungdok.gdgoc.post.post_image.PostImage
		com.gomin_jungdok.gdgoc.user.User
		com.gomin_jungdok.gdgoc.vote.Vote
		com.gomin_jungdok.gdgoc.vote_option.VoteOption]
	Mapping files names []
	Properties []
2025-03-26T15:29:05.276Z DEBUG 835411 --- [gdgoc] [           main] o.h.i.internal.IntegratorServiceImpl     : Adding Integrator [org.hibernate.boot.beanvalidation.BeanValidationIntegrator].
2025-03-26T15:29:05.281Z DEBUG 835411 --- [gdgoc] [           main] o.h.i.internal.IntegratorServiceImpl     : Adding Integrator [org.hibernate.cache.internal.CollectionCacheInvalidator].
2025-03-26T15:29:05.394Z  INFO 835411 --- [gdgoc] [           main] org.hibernate.Version                    : HHH000412: Hibernate ORM core version 6.6.5.Final
2025-03-26T15:29:05.401Z DEBUG 835411 --- [gdgoc] [           main] org.hibernate.cfg.Environment            : HHH000206: 'hibernate.properties' not found
2025-03-26T15:29:05.460Z DEBUG 835411 --- [gdgoc] [           main] org.hibernate.orm.idgen.factory          : Registering IdentifierGenerator strategy [uuid2] -> [org.hibernate.id.UUIDGenerator]
2025-03-26T15:29:05.462Z DEBUG 835411 --- [gdgoc] [           main] org.hibernate.orm.idgen.factory          : Registering IdentifierGenerator strategy [guid] -> [org.hibernate.id.GUIDGenerator]
2025-03-26T15:29:05.463Z DEBUG 835411 --- [gdgoc] [           main] org.hibernate.orm.idgen.factory          : Registering IdentifierGenerator strategy [uuid] -> [org.hibernate.id.UUIDHexGenerator]
2025-03-26T15:29:05.463Z DEBUG 835411 --- [gdgoc] [           main] org.hibernate.orm.idgen.factory          : Registering IdentifierGenerator strategy [uuid.hex] -> [org.hibernate.id.UUIDHexGenerator]
2025-03-26T15:29:05.464Z DEBUG 835411 --- [gdgoc] [           main] org.hibernate.orm.idgen.factory          : Registering IdentifierGenerator strategy [assigned] -> [org.hibernate.id.Assigned]
2025-03-26T15:29:05.467Z DEBUG 835411 --- [gdgoc] [           main] org.hibernate.orm.idgen.factory          : Registering IdentifierGenerator strategy [identity] -> [org.hibernate.id.IdentityGenerator]
2025-03-26T15:29:05.468Z DEBUG 835411 --- [gdgoc] [           main] org.hibernate.orm.idgen.factory          : Registering IdentifierGenerator strategy [select] -> [org.hibernate.id.SelectGenerator]
2025-03-26T15:29:05.471Z DEBUG 835411 --- [gdgoc] [           main] org.hibernate.orm.idgen.factory          : Registering IdentifierGenerator strategy [sequence] -> [org.hibernate.id.enhanced.SequenceStyleGenerator]
2025-03-26T15:29:05.472Z DEBUG 835411 --- [gdgoc] [           main] org.hibernate.orm.idgen.factory          : Registering IdentifierGenerator strategy [increment] -> [org.hibernate.id.IncrementGenerator]
2025-03-26T15:29:05.473Z DEBUG 835411 --- [gdgoc] [           main] org.hibernate.orm.idgen.factory          : Registering IdentifierGenerator strategy [foreign] -> [org.hibernate.id.ForeignGenerator]
2025-03-26T15:29:05.474Z DEBUG 835411 --- [gdgoc] [           main] org.hibernate.orm.idgen.factory          : Registering IdentifierGenerator strategy [enhanced-sequence] -> [org.hibernate.id.enhanced.SequenceStyleGenerator]
2025-03-26T15:29:05.476Z DEBUG 835411 --- [gdgoc] [           main] org.hibernate.orm.idgen.factory          : Registering IdentifierGenerator strategy [enhanced-table] -> [org.hibernate.id.enhanced.TableGenerator]
2025-03-26T15:29:05.489Z DEBUG 835411 --- [gdgoc] [           main] o.h.c.internal.RegionFactoryInitiator    : Cannot default RegionFactory based on registered strategies as `[]` RegionFactory strategies were registered
2025-03-26T15:29:05.491Z  INFO 835411 --- [gdgoc] [           main] o.h.c.internal.RegionFactoryInitiator    : HHH000026: Second-level cache disabled
2025-03-26T15:29:05.718Z DEBUG 835411 --- [gdgoc] [           main] org.hibernate.type.BasicTypeRegistry     : Adding type registration boolean -> org.hibernate.type.BasicTypeReference@222acad
2025-03-26T15:29:05.719Z DEBUG 835411 --- [gdgoc] [           main] org.hibernate.type.BasicTypeRegistry     : Adding type registration boolean -> org.hibernate.type.BasicTypeReference@222acad
2025-03-26T15:29:05.721Z DEBUG 835411 --- [gdgoc] [           main] org.hibernate.type.BasicTypeRegistry     : Adding type registration java.lang.Boolean -> org.hibernate.type.BasicTypeReference@222acad
2025-03-26T15:29:05.722Z DEBUG 835411 --- [gdgoc] [           main] org.hibernate.type.BasicTypeRegistry     : Adding type registration numeric_boolean -> org.hibernate.type.BasicTypeReference@56cfe6be
2025-03-26T15:29:05.725Z DEBUG 835411 --- [gdgoc] [           main] org.hibernate.type.BasicTypeRegistry     : Adding type registration org.hibernate.type.NumericBooleanConverter -> org.hibernate.type.BasicTypeReference@56cfe6be
2025-03-26T15:29:05.725Z DEBUG 835411 --- [gdgoc] [           main] org.hibernate.type.BasicTypeRegistry     : Adding type registration true_false -> org.hibernate.type.BasicTypeReference@7f0d8eff
2025-03-26T15:29:05.726Z DEBUG 835411 --- [gdgoc] [           main] org.hibernate.type.BasicTypeRegistry     : Adding type registration org.hibernate.type.TrueFalseConverter -> org.hibernate.type.BasicTypeReference@7f0d8eff
2025-03-26T15:29:05.726Z DEBUG 835411 --- [gdgoc] [           main] org.hibernate.type.BasicTypeRegistry     : Adding type registration yes_no -> org.hibernate.type.BasicTypeReference@149aa7b2
2025-03-26T15:29:05.726Z DEBUG 835411 --- [gdgoc] [           main] org.hibernate.type.BasicTypeRegistry     : Adding type registration org.hibernate.type.YesNoConverter -> org.hibernate.type.BasicTypeReference@149aa7b2
2025-03-26T15:29:05.726Z DEBUG 835411 --- [gdgoc] [           main] org.hibernate.type.BasicTypeRegistry     : Adding type registration byte -> org.hibernate.type.BasicTypeReference@3ca3648
2025-03-26T15:29:05.726Z DEBUG 835411 --- [gdgoc] [           main] org.hibernate.type.BasicTypeRegistry     : Adding type registration byte -> org.hibernate.type.BasicTypeReference@3ca3648
2025-03-26T15:29:05.727Z DEBUG 835411 --- [gdgoc] [           main] org.hibernate.type.BasicTypeRegistry     : Adding type registration java.lang.Byte -> org.hibernate.type.BasicTypeReference@3ca3648
2025-03-26T15:29:05.727Z DEBUG 835411 --- [gdgoc] [           main] org.hibernate.type.BasicTypeRegistry     : Adding type registration binary -> org.hibernate.type.BasicTypeReference@2a99ca99
2025-03-26T15:29:05.727Z DEBUG 835411 --- [gdgoc] [           main] org.hibernate.type.BasicTypeRegistry     : Adding type registration byte[] -> org.hibernate.type.BasicTypeReference@2a99ca99
2025-03-26T15:29:05.727Z DEBUG 835411 --- [gdgoc] [           main] org.hibernate.type.BasicTypeRegistry     : Adding type registration [B -> org.hibernate.type.BasicTypeReference@2a99ca99
2025-03-26T15:29:05.728Z DEBUG 835411 --- [gdgoc] [           main] org.hibernate.type.BasicTypeRegistry     : Adding type registration binary_wrapper -> org.hibernate.type.BasicTypeReference@39f0c343
2025-03-26T15:29:05.728Z DEBUG 835411 --- [gdgoc] [           main] org.hibernate.type.BasicTypeRegistry     : Adding type registration wrapper-binary -> org.hibernate.type.BasicTypeReference@39f0c343
2025-03-26T15:29:05.728Z DEBUG 835411 --- [gdgoc] [           main] org.hibernate.type.BasicTypeRegistry     : Adding type registration image -> org.hibernate.type.BasicTypeReference@781654f8
2025-03-26T15:29:05.728Z DEBUG 835411 --- [gdgoc] [           main] org.hibernate.type.BasicTypeRegistry     : Adding type registration blob -> org.hibernate.type.BasicTypeReference@2abc55c4
2025-03-26T15:29:05.728Z DEBUG 835411 --- [gdgoc] [           main] org.hibernate.type.BasicTypeRegistry     : Adding type registration java.sql.Blob -> org.hibernate.type.BasicTypeReference@2abc55c4
2025-03-26T15:29:05.729Z DEBUG 835411 --- [gdgoc] [           main] org.hibernate.type.BasicTypeRegistry     : Adding type registration materialized_blob -> org.hibernate.type.BasicTypeReference@4e958f08
2025-03-26T15:29:05.729Z DEBUG 835411 --- [gdgoc] [           main] org.hibernate.type.BasicTypeRegistry     : Adding type registration materialized_blob_wrapper -> org.hibernate.type.BasicTypeReference@71c0b742
2025-03-26T15:29:05.729Z DEBUG 835411 --- [gdgoc] [           main] org.hibernate.type.BasicTypeRegistry     : Adding type registration short -> org.hibernate.type.BasicTypeReference@3bbb8c16
2025-03-26T15:29:05.731Z DEBUG 835411 --- [gdgoc] [           main] org.hibernate.type.BasicTypeRegistry     : Adding type registration short -> org.hibernate.type.BasicTypeReference@3bbb8c16
2025-03-26T15:29:05.732Z DEBUG 835411 --- [gdgoc] [           main] org.hibernate.type.BasicTypeRegistry     : Adding type registration java.lang.Short -> org.hibernate.type.BasicTypeReference@3bbb8c16
2025-03-26T15:29:05.733Z DEBUG 835411 --- [gdgoc] [           main] org.hibernate.type.BasicTypeRegistry     : Adding type registration integer -> org.hibernate.type.BasicTypeReference@73e1ecd0
2025-03-26T15:29:05.733Z DEBUG 835411 --- [gdgoc] [           main] org.hibernate.type.BasicTypeRegistry     : Adding type registration int -> org.hibernate.type.BasicTypeReference@73e1ecd0
2025-03-26T15:29:05.734Z DEBUG 835411 --- [gdgoc] [           main] org.hibernate.type.BasicTypeRegistry     : Adding type registration java.lang.Integer -> org.hibernate.type.BasicTypeReference@73e1ecd0
2025-03-26T15:29:05.734Z DEBUG 835411 --- [gdgoc] [           main] org.hibernate.type.BasicTypeRegistry     : Adding type registration long -> org.hibernate.type.BasicTypeReference@11eec06b
2025-03-26T15:29:05.734Z DEBUG 835411 --- [gdgoc] [           main] org.hibernate.type.BasicTypeRegistry     : Adding type registration long -> org.hibernate.type.BasicTypeReference@11eec06b
2025-03-26T15:29:05.734Z DEBUG 835411 --- [gdgoc] [           main] org.hibernate.type.BasicTypeRegistry     : Adding type registration java.lang.Long -> org.hibernate.type.BasicTypeReference@11eec06b
2025-03-26T15:29:05.735Z DEBUG 835411 --- [gdgoc] [           main] org.hibernate.type.BasicTypeRegistry     : Adding type registration float -> org.hibernate.type.BasicTypeReference@65600fb3
2025-03-26T15:29:05.740Z DEBUG 835411 --- [gdgoc] [           main] org.hibernate.type.BasicTypeRegistry     : Adding type registration float -> org.hibernate.type.BasicTypeReference@65600fb3
2025-03-26T15:29:05.740Z DEBUG 835411 --- [gdgoc] [           main] org.hibernate.type.BasicTypeRegistry     : Adding type registration java.lang.Float -> org.hibernate.type.BasicTypeReference@65600fb3
2025-03-26T15:29:05.741Z DEBUG 835411 --- [gdgoc] [           main] org.hibernate.type.BasicTypeRegistry     : Adding type registration double -> org.hibernate.type.BasicTypeReference@25ce435
2025-03-26T15:29:05.741Z DEBUG 835411 --- [gdgoc] [           main] org.hibernate.type.BasicTypeRegistry     : Adding type registration double -> org.hibernate.type.BasicTypeReference@25ce435
2025-03-26T15:29:05.742Z DEBUG 835411 --- [gdgoc] [           main] org.hibernate.type.BasicTypeRegistry     : Adding type registration java.lang.Double -> org.hibernate.type.BasicTypeReference@25ce435
2025-03-26T15:29:05.742Z DEBUG 835411 --- [gdgoc] [           main] org.hibernate.type.BasicTypeRegistry     : Adding type registration big_integer -> org.hibernate.type.BasicTypeReference@7ea71fc2
2025-03-26T15:29:05.742Z DEBUG 835411 --- [gdgoc] [           main] org.hibernate.type.BasicTypeRegistry     : Adding type registration java.math.BigInteger -> org.hibernate.type.BasicTypeReference@7ea71fc2
2025-03-26T15:29:05.742Z DEBUG 835411 --- [gdgoc] [           main] org.hibernate.type.BasicTypeRegistry     : Adding type registration big_decimal -> org.hibernate.type.BasicTypeReference@19ad75e5
2025-03-26T15:29:05.743Z DEBUG 835411 --- [gdgoc] [           main] org.hibernate.type.BasicTypeRegistry     : Adding type registration java.math.BigDecimal -> org.hibernate.type.BasicTypeReference@19ad75e5
2025-03-26T15:29:05.743Z DEBUG 835411 --- [gdgoc] [           main] org.hibernate.type.BasicTypeRegistry     : Adding type registration character -> org.hibernate.type.BasicTypeReference@7cd5fcf4
2025-03-26T15:29:05.743Z DEBUG 835411 --- [gdgoc] [           main] org.hibernate.type.BasicTypeRegistry     : Adding type registration char -> org.hibernate.type.BasicTypeReference@7cd5fcf4
2025-03-26T15:29:05.743Z DEBUG 835411 --- [gdgoc] [           main] org.hibernate.type.BasicTypeRegistry     : Adding type registration java.lang.Character -> org.hibernate.type.BasicTypeReference@7cd5fcf4
2025-03-26T15:29:05.744Z DEBUG 835411 --- [gdgoc] [           main] org.hibernate.type.BasicTypeRegistry     : Adding type registration character_nchar -> org.hibernate.type.BasicTypeReference@19cdc217
2025-03-26T15:29:05.744Z DEBUG 835411 --- [gdgoc] [           main] org.hibernate.type.BasicTypeRegistry     : Adding type registration string -> org.hibernate.type.BasicTypeReference@5f5297e3
2025-03-26T15:29:05.744Z DEBUG 835411 --- [gdgoc] [           main] org.hibernate.type.BasicTypeRegistry     : Adding type registration java.lang.String -> org.hibernate.type.BasicTypeReference@5f5297e3
2025-03-26T15:29:05.744Z DEBUG 835411 --- [gdgoc] [           main] org.hibernate.type.BasicTypeRegistry     : Adding type registration nstring -> org.hibernate.type.BasicTypeReference@2d22d3b1
2025-03-26T15:29:05.744Z DEBUG 835411 --- [gdgoc] [           main] org.hibernate.type.BasicTypeRegistry     : Adding type registration characters -> org.hibernate.type.BasicTypeReference@7ec3a8bd
2025-03-26T15:29:05.745Z DEBUG 835411 --- [gdgoc] [           main] org.hibernate.type.BasicTypeRegistry     : Adding type registration char[] -> org.hibernate.type.BasicTypeReference@7ec3a8bd
2025-03-26T15:29:05.745Z DEBUG 835411 --- [gdgoc] [           main] org.hibernate.type.BasicTypeRegistry     : Adding type registration [C -> org.hibernate.type.BasicTypeReference@7ec3a8bd
2025-03-26T15:29:05.745Z DEBUG 835411 --- [gdgoc] [           main] org.hibernate.type.BasicTypeRegistry     : Adding type registration wrapper-characters -> org.hibernate.type.BasicTypeReference@9690008
2025-03-26T15:29:05.746Z DEBUG 835411 --- [gdgoc] [           main] org.hibernate.type.BasicTypeRegistry     : Adding type registration text -> org.hibernate.type.BasicTypeReference@42cf6349
2025-03-26T15:29:05.746Z DEBUG 835411 --- [gdgoc] [           main] org.hibernate.type.BasicTypeRegistry     : Adding type registration ntext -> org.hibernate.type.BasicTypeReference@79cb8ffa
2025-03-26T15:29:05.746Z DEBUG 835411 --- [gdgoc] [           main] org.hibernate.type.BasicTypeRegistry     : Adding type registration clob -> org.hibernate.type.BasicTypeReference@1a2e563e
2025-03-26T15:29:05.746Z DEBUG 835411 --- [gdgoc] [           main] org.hibernate.type.BasicTypeRegistry     : Adding type registration java.sql.Clob -> org.hibernate.type.BasicTypeReference@1a2e563e
2025-03-26T15:29:05.746Z DEBUG 835411 --- [gdgoc] [           main] org.hibernate.type.BasicTypeRegistry     : Adding type registration nclob -> org.hibernate.type.BasicTypeReference@5b066c33
2025-03-26T15:29:05.747Z DEBUG 835411 --- [gdgoc] [           main] org.hibernate.type.BasicTypeRegistry     : Adding type registration java.sql.NClob -> org.hibernate.type.BasicTypeReference@5b066c33
2025-03-26T15:29:05.747Z DEBUG 835411 --- [gdgoc] [           main] org.hibernate.type.BasicTypeRegistry     : Adding type registration materialized_clob -> org.hibernate.type.BasicTypeReference@62ea8931
2025-03-26T15:29:05.747Z DEBUG 835411 --- [gdgoc] [           main] org.hibernate.type.BasicTypeRegistry     : Adding type registration materialized_clob_char_array -> org.hibernate.type.BasicTypeReference@47fb7ec9
2025-03-26T15:29:05.747Z DEBUG 835411 --- [gdgoc] [           main] org.hibernate.type.BasicTypeRegistry     : Adding type registration materialized_clob_character_array -> org.hibernate.type.BasicTypeReference@2f8c4fae
2025-03-26T15:29:05.747Z DEBUG 835411 --- [gdgoc] [           main] org.hibernate.type.BasicTypeRegistry     : Adding type registration materialized_nclob -> org.hibernate.type.BasicTypeReference@4703c998
2025-03-26T15:29:05.748Z DEBUG 835411 --- [gdgoc] [           main] org.hibernate.type.BasicTypeRegistry     : Adding type registration materialized_nclob_character_array -> org.hibernate.type.BasicTypeReference@71166348
2025-03-26T15:29:05.748Z DEBUG 835411 --- [gdgoc] [           main] org.hibernate.type.BasicTypeRegistry     : Adding type registration materialized_nclob_char_array -> org.hibernate.type.BasicTypeReference@6d874695
2025-03-26T15:29:05.749Z DEBUG 835411 --- [gdgoc] [           main] org.hibernate.type.BasicTypeRegistry     : Adding type registration Duration -> org.hibernate.type.BasicTypeReference@20bb85b4
2025-03-26T15:29:05.749Z DEBUG 835411 --- [gdgoc] [           main] org.hibernate.type.BasicTypeRegistry     : Adding type registration java.time.Duration -> org.hibernate.type.BasicTypeReference@20bb85b4
2025-03-26T15:29:05.749Z DEBUG 835411 --- [gdgoc] [           main] org.hibernate.type.BasicTypeRegistry     : Adding type registration LocalDateTime -> org.hibernate.type.BasicTypeReference@79add732
2025-03-26T15:29:05.749Z DEBUG 835411 --- [gdgoc] [           main] org.hibernate.type.BasicTypeRegistry     : Adding type registration java.time.LocalDateTime -> org.hibernate.type.BasicTypeReference@79add732
2025-03-26T15:29:05.749Z DEBUG 835411 --- [gdgoc] [           main] org.hibernate.type.BasicTypeRegistry     : Adding type registration LocalDate -> org.hibernate.type.BasicTypeReference@3be3e76c
2025-03-26T15:29:05.750Z DEBUG 835411 --- [gdgoc] [           main] org.hibernate.type.BasicTypeRegistry     : Adding type registration java.time.LocalDate -> org.hibernate.type.BasicTypeReference@3be3e76c
2025-03-26T15:29:05.753Z DEBUG 835411 --- [gdgoc] [           main] org.hibernate.type.BasicTypeRegistry     : Adding type registration LocalTime -> org.hibernate.type.BasicTypeReference@6c07ad6b
2025-03-26T15:29:05.754Z DEBUG 835411 --- [gdgoc] [           main] org.hibernate.type.BasicTypeRegistry     : Adding type registration java.time.LocalTime -> org.hibernate.type.BasicTypeReference@6c07ad6b
2025-03-26T15:29:05.754Z DEBUG 835411 --- [gdgoc] [           main] org.hibernate.type.BasicTypeRegistry     : Adding type registration OffsetDateTime -> org.hibernate.type.BasicTypeReference@10ed037a
2025-03-26T15:29:05.754Z DEBUG 835411 --- [gdgoc] [           main] org.hibernate.type.BasicTypeRegistry     : Adding type registration java.time.OffsetDateTime -> org.hibernate.type.BasicTypeReference@10ed037a
2025-03-26T15:29:05.756Z DEBUG 835411 --- [gdgoc] [           main] org.hibernate.type.BasicTypeRegistry     : Adding type registration OffsetDateTimeWithTimezone -> org.hibernate.type.BasicTypeReference@76e4212
2025-03-26T15:29:05.756Z DEBUG 835411 --- [gdgoc] [           main] org.hibernate.type.BasicTypeRegistry     : Adding type registration OffsetDateTimeWithoutTimezone -> org.hibernate.type.BasicTypeReference@23121d14
2025-03-26T15:29:05.757Z DEBUG 835411 --- [gdgoc] [           main] org.hibernate.type.BasicTypeRegistry     : Adding type registration OffsetTime -> org.hibernate.type.BasicTypeReference@72af90e8
2025-03-26T15:29:05.758Z DEBUG 835411 --- [gdgoc] [           main] org.hibernate.type.BasicTypeRegistry     : Adding type registration java.time.OffsetTime -> org.hibernate.type.BasicTypeReference@72af90e8
2025-03-26T15:29:05.758Z DEBUG 835411 --- [gdgoc] [           main] org.hibernate.type.BasicTypeRegistry     : Adding type registration OffsetTimeUtc -> org.hibernate.type.BasicTypeReference@aa1bb14
2025-03-26T15:29:05.758Z DEBUG 835411 --- [gdgoc] [           main] org.hibernate.type.BasicTypeRegistry     : Adding type registration OffsetTimeWithTimezone -> org.hibernate.type.BasicTypeReference@7faa0680
2025-03-26T15:29:05.759Z DEBUG 835411 --- [gdgoc] [           main] org.hibernate.type.BasicTypeRegistry     : Adding type registration OffsetTimeWithoutTimezone -> org.hibernate.type.BasicTypeReference@4c635edc
2025-03-26T15:29:05.759Z DEBUG 835411 --- [gdgoc] [           main] org.hibernate.type.BasicTypeRegistry     : Adding type registration ZonedDateTime -> org.hibernate.type.BasicTypeReference@4245bf68
2025-03-26T15:29:05.760Z DEBUG 835411 --- [gdgoc] [           main] org.hibernate.type.BasicTypeRegistry     : Adding type registration java.time.ZonedDateTime -> org.hibernate.type.BasicTypeReference@4245bf68
2025-03-26T15:29:05.761Z DEBUG 835411 --- [gdgoc] [           main] org.hibernate.type.BasicTypeRegistry     : Adding type registration ZonedDateTimeWithTimezone -> org.hibernate.type.BasicTypeReference@45bbc52f
2025-03-26T15:29:05.761Z DEBUG 835411 --- [gdgoc] [           main] org.hibernate.type.BasicTypeRegistry     : Adding type registration ZonedDateTimeWithoutTimezone -> org.hibernate.type.BasicTypeReference@6a8a551e
2025-03-26T15:29:05.761Z DEBUG 835411 --- [gdgoc] [           main] org.hibernate.type.BasicTypeRegistry     : Adding type registration date -> org.hibernate.type.BasicTypeReference@3cc9632d
2025-03-26T15:29:05.761Z DEBUG 835411 --- [gdgoc] [           main] org.hibernate.type.BasicTypeRegistry     : Adding type registration java.sql.Date -> org.hibernate.type.BasicTypeReference@3cc9632d
2025-03-26T15:29:05.762Z DEBUG 835411 --- [gdgoc] [           main] org.hibernate.type.BasicTypeRegistry     : Adding type registration time -> org.hibernate.type.BasicTypeReference@53982523
2025-03-26T15:29:05.763Z DEBUG 835411 --- [gdgoc] [           main] org.hibernate.type.BasicTypeRegistry     : Adding type registration java.sql.Time -> org.hibernate.type.BasicTypeReference@53982523
2025-03-26T15:29:05.763Z DEBUG 835411 --- [gdgoc] [           main] org.hibernate.type.BasicTypeRegistry     : Adding type registration timestamp -> org.hibernate.type.BasicTypeReference@489110c2
2025-03-26T15:29:05.764Z DEBUG 835411 --- [gdgoc] [           main] org.hibernate.type.BasicTypeRegistry     : Adding type registration java.sql.Timestamp -> org.hibernate.type.BasicTypeReference@489110c2
2025-03-26T15:29:05.764Z DEBUG 835411 --- [gdgoc] [           main] org.hibernate.type.BasicTypeRegistry     : Adding type registration java.util.Date -> org.hibernate.type.BasicTypeReference@489110c2
2025-03-26T15:29:05.764Z DEBUG 835411 --- [gdgoc] [           main] org.hibernate.type.BasicTypeRegistry     : Adding type registration calendar -> org.hibernate.type.BasicTypeReference@700b9e6b
2025-03-26T15:29:05.764Z DEBUG 835411 --- [gdgoc] [           main] org.hibernate.type.BasicTypeRegistry     : Adding type registration java.util.Calendar -> org.hibernate.type.BasicTypeReference@700b9e6b
2025-03-26T15:29:05.764Z DEBUG 835411 --- [gdgoc] [           main] org.hibernate.type.BasicTypeRegistry     : Adding type registration java.util.GregorianCalendar -> org.hibernate.type.BasicTypeReference@700b9e6b
2025-03-26T15:29:05.765Z DEBUG 835411 --- [gdgoc] [           main] org.hibernate.type.BasicTypeRegistry     : Adding type registration calendar_date -> org.hibernate.type.BasicTypeReference@7ac5b4c
2025-03-26T15:29:05.765Z DEBUG 835411 --- [gdgoc] [           main] org.hibernate.type.BasicTypeRegistry     : Adding type registration calendar_time -> org.hibernate.type.BasicTypeReference@150fc7a7
2025-03-26T15:29:05.766Z DEBUG 835411 --- [gdgoc] [           main] org.hibernate.type.BasicTypeRegistry     : Adding type registration instant -> org.hibernate.type.BasicTypeReference@55d8c2c4
2025-03-26T15:29:05.766Z DEBUG 835411 --- [gdgoc] [           main] org.hibernate.type.BasicTypeRegistry     : Adding type registration java.time.Instant -> org.hibernate.type.BasicTypeReference@55d8c2c4
2025-03-26T15:29:05.766Z DEBUG 835411 --- [gdgoc] [           main] org.hibernate.type.BasicTypeRegistry     : Adding type registration uuid -> org.hibernate.type.BasicTypeReference@798cf6d2
2025-03-26T15:29:05.766Z DEBUG 835411 --- [gdgoc] [           main] org.hibernate.type.BasicTypeRegistry     : Adding type registration java.util.UUID -> org.hibernate.type.BasicTypeReference@798cf6d2
2025-03-26T15:29:05.766Z DEBUG 835411 --- [gdgoc] [           main] org.hibernate.type.BasicTypeRegistry     : Adding type registration pg-uuid -> org.hibernate.type.BasicTypeReference@798cf6d2
2025-03-26T15:29:05.766Z DEBUG 835411 --- [gdgoc] [           main] org.hibernate.type.BasicTypeRegistry     : Adding type registration uuid-binary -> org.hibernate.type.BasicTypeReference@1c1fa494
2025-03-26T15:29:05.767Z DEBUG 835411 --- [gdgoc] [           main] org.hibernate.type.BasicTypeRegistry     : Adding type registration uuid-char -> org.hibernate.type.BasicTypeReference@77c66a4f
2025-03-26T15:29:05.767Z DEBUG 835411 --- [gdgoc] [           main] org.hibernate.type.BasicTypeRegistry     : Adding type registration class -> org.hibernate.type.BasicTypeReference@649b5891
2025-03-26T15:29:05.767Z DEBUG 835411 --- [gdgoc] [           main] org.hibernate.type.BasicTypeRegistry     : Adding type registration java.lang.Class -> org.hibernate.type.BasicTypeReference@649b5891
2025-03-26T15:29:05.769Z DEBUG 835411 --- [gdgoc] [           main] org.hibernate.type.BasicTypeRegistry     : Adding type registration currency -> org.hibernate.type.BasicTypeReference@7a3f08b6
2025-03-26T15:29:05.769Z DEBUG 835411 --- [gdgoc] [           main] org.hibernate.type.BasicTypeRegistry     : Adding type registration Currency -> org.hibernate.type.BasicTypeReference@7a3f08b6
2025-03-26T15:29:05.769Z DEBUG 835411 --- [gdgoc] [           main] org.hibernate.type.BasicTypeRegistry     : Adding type registration java.util.Currency -> org.hibernate.type.BasicTypeReference@7a3f08b6
2025-03-26T15:29:05.769Z DEBUG 835411 --- [gdgoc] [           main] org.hibernate.type.BasicTypeRegistry     : Adding type registration locale -> org.hibernate.type.BasicTypeReference@1be52861
2025-03-26T15:29:05.770Z DEBUG 835411 --- [gdgoc] [           main] org.hibernate.type.BasicTypeRegistry     : Adding type registration java.util.Locale -> org.hibernate.type.BasicTypeReference@1be52861
2025-03-26T15:29:05.770Z DEBUG 835411 --- [gdgoc] [           main] org.hibernate.type.BasicTypeRegistry     : Adding type registration serializable -> org.hibernate.type.BasicTypeReference@5fb5ad40
2025-03-26T15:29:05.770Z DEBUG 835411 --- [gdgoc] [           main] org.hibernate.type.BasicTypeRegistry     : Adding type registration java.io.Serializable -> org.hibernate.type.BasicTypeReference@5fb5ad40
2025-03-26T15:29:05.770Z DEBUG 835411 --- [gdgoc] [           main] org.hibernate.type.BasicTypeRegistry     : Adding type registration timezone -> org.hibernate.type.BasicTypeReference@615439f7
2025-03-26T15:29:05.770Z DEBUG 835411 --- [gdgoc] [           main] org.hibernate.type.BasicTypeRegistry     : Adding type registration java.util.TimeZone -> org.hibernate.type.BasicTypeReference@615439f7
2025-03-26T15:29:05.770Z DEBUG 835411 --- [gdgoc] [           main] org.hibernate.type.BasicTypeRegistry     : Adding type registration ZoneOffset -> org.hibernate.type.BasicTypeReference@632cf7d3
2025-03-26T15:29:05.771Z DEBUG 835411 --- [gdgoc] [           main] org.hibernate.type.BasicTypeRegistry     : Adding type registration java.time.ZoneOffset -> org.hibernate.type.BasicTypeReference@632cf7d3
2025-03-26T15:29:05.771Z DEBUG 835411 --- [gdgoc] [           main] org.hibernate.type.BasicTypeRegistry     : Adding type registration url -> org.hibernate.type.BasicTypeReference@51b87df7
2025-03-26T15:29:05.771Z DEBUG 835411 --- [gdgoc] [           main] org.hibernate.type.BasicTypeRegistry     : Adding type registration java.net.URL -> org.hibernate.type.BasicTypeReference@51b87df7
2025-03-26T15:29:05.771Z DEBUG 835411 --- [gdgoc] [           main] org.hibernate.type.BasicTypeRegistry     : Adding type registration vector -> org.hibernate.type.BasicTypeReference@2315052d
2025-03-26T15:29:05.771Z DEBUG 835411 --- [gdgoc] [           main] org.hibernate.type.BasicTypeRegistry     : Adding type registration float_vector -> org.hibernate.type.BasicTypeReference@634e1b39
2025-03-26T15:29:05.771Z DEBUG 835411 --- [gdgoc] [           main] org.hibernate.type.BasicTypeRegistry     : Adding type registration double_vector -> org.hibernate.type.BasicTypeReference@67d8faec
2025-03-26T15:29:05.772Z DEBUG 835411 --- [gdgoc] [           main] org.hibernate.type.BasicTypeRegistry     : Adding type registration byte_vector -> org.hibernate.type.BasicTypeReference@751d7425
2025-03-26T15:29:05.772Z DEBUG 835411 --- [gdgoc] [           main] org.hibernate.type.BasicTypeRegistry     : Adding type registration row_version -> org.hibernate.type.BasicTypeReference@7eaa2bc6
2025-03-26T15:29:05.781Z DEBUG 835411 --- [gdgoc] [           main] org.hibernate.type.BasicTypeRegistry     : Adding type registration object -> org.hibernate.type.JavaObjectType@437281c5
2025-03-26T15:29:05.782Z DEBUG 835411 --- [gdgoc] [           main] org.hibernate.type.BasicTypeRegistry     : Adding type registration java.lang.Object -> org.hibernate.type.JavaObjectType@437281c5
2025-03-26T15:29:05.784Z DEBUG 835411 --- [gdgoc] [           main] org.hibernate.type.BasicTypeRegistry     : Adding type registration null -> org.hibernate.type.NullType@573aeab2
2025-03-26T15:29:05.785Z DEBUG 835411 --- [gdgoc] [           main] org.hibernate.type.BasicTypeRegistry     : Adding type registration imm_date -> org.hibernate.type.BasicTypeReference@1304e0d7
2025-03-26T15:29:05.787Z DEBUG 835411 --- [gdgoc] [           main] org.hibernate.type.BasicTypeRegistry     : Adding type registration imm_time -> org.hibernate.type.BasicTypeReference@6ddc67d0
2025-03-26T15:29:05.787Z DEBUG 835411 --- [gdgoc] [           main] org.hibernate.type.BasicTypeRegistry     : Adding type registration imm_timestamp -> org.hibernate.type.BasicTypeReference@7767bd4e
2025-03-26T15:29:05.788Z DEBUG 835411 --- [gdgoc] [           main] org.hibernate.type.BasicTypeRegistry     : Adding type registration imm_calendar -> org.hibernate.type.BasicTypeReference@7708b66a
2025-03-26T15:29:05.788Z DEBUG 835411 --- [gdgoc] [           main] org.hibernate.type.BasicTypeRegistry     : Adding type registration imm_calendar_date -> org.hibernate.type.BasicTypeReference@433ef204
2025-03-26T15:29:05.788Z DEBUG 835411 --- [gdgoc] [           main] org.hibernate.type.BasicTypeRegistry     : Adding type registration imm_calendar_time -> org.hibernate.type.BasicTypeReference@4dd2ef54
2025-03-26T15:29:05.788Z DEBUG 835411 --- [gdgoc] [           main] org.hibernate.type.BasicTypeRegistry     : Adding type registration imm_binary -> org.hibernate.type.BasicTypeReference@795b66d
2025-03-26T15:29:05.788Z DEBUG 835411 --- [gdgoc] [           main] org.hibernate.type.BasicTypeRegistry     : Adding type registration imm_serializable -> org.hibernate.type.BasicTypeReference@359ceb13
2025-03-26T15:29:05.815Z DEBUG 835411 --- [gdgoc] [           main] o.h.boot.internal.BootstrapContextImpl   : Injecting JPA temp ClassLoader [org.springframework.instrument.classloading.SimpleThrowawayClassLoader@35fa450f] into BootstrapContext; was [null]
2025-03-26T15:29:05.816Z DEBUG 835411 --- [gdgoc] [           main] o.h.boot.internal.ClassLoaderAccessImpl  : ClassLoaderAccessImpl#injectTempClassLoader(org.springframework.instrument.classloading.SimpleThrowawayClassLoader@35fa450f) [was null]
2025-03-26T15:29:05.816Z DEBUG 835411 --- [gdgoc] [           main] o.h.boot.internal.BootstrapContextImpl   : Injecting ScanEnvironment [org.hibernate.jpa.boot.internal.StandardJpaScanEnvironmentImpl@35d7386b] into BootstrapContext; was [null]
2025-03-26T15:29:05.817Z DEBUG 835411 --- [gdgoc] [           main] o.h.boot.internal.BootstrapContextImpl   : Injecting ScanOptions [org.hibernate.boot.archive.scan.internal.StandardScanOptions@21002393] into BootstrapContext; was [org.hibernate.boot.archive.scan.internal.StandardScanOptions@718989fa]
2025-03-26T15:29:06.532Z  INFO 835411 --- [gdgoc] [           main] o.s.o.j.p.SpringPersistenceUnitInfo      : No LoadTimeWeaver setup: ignoring JPA class transformer
2025-03-26T15:29:06.533Z DEBUG 835411 --- [gdgoc] [           main] o.h.boot.internal.BootstrapContextImpl   : Injecting JPA temp ClassLoader [null] into BootstrapContext; was [org.springframework.instrument.classloading.SimpleThrowawayClassLoader@35fa450f]
2025-03-26T15:29:06.534Z DEBUG 835411 --- [gdgoc] [           main] o.h.boot.internal.ClassLoaderAccessImpl  : ClassLoaderAccessImpl#injectTempClassLoader(null) [was org.springframework.instrument.classloading.SimpleThrowawayClassLoader@35fa450f]
2025-03-26T15:29:06.619Z  INFO 835411 --- [gdgoc] [           main] com.zaxxer.hikari.HikariDataSource       : HikariPool-1 - Starting...
2025-03-26T15:29:06.970Z  INFO 835411 --- [gdgoc] [           main] com.zaxxer.hikari.pool.HikariPool        : HikariPool-1 - Added connection com.mysql.cj.jdbc.ConnectionImpl@3a54638b
2025-03-26T15:29:06.974Z  INFO 835411 --- [gdgoc] [           main] com.zaxxer.hikari.HikariDataSource       : HikariPool-1 - Start completed.
2025-03-26T15:29:06.983Z DEBUG 835411 --- [gdgoc] [           main] o.h.e.j.e.i.JdbcEnvironmentInitiator     : Database ->
	   name : MySQL
	version : 8.0.41-0ubuntu0.20.04.1
	  major : 8
	  minor : 0
2025-03-26T15:29:06.983Z DEBUG 835411 --- [gdgoc] [           main] o.h.e.j.e.i.JdbcEnvironmentInitiator     : Driver ->
	   name : MySQL Connector/J
	version : mysql-connector-j-9.1.0 (Revision: cf2917ea44ae2e43a4514a33771035aa99de73bf)
	  major : 9
	  minor : 1
2025-03-26T15:29:06.983Z DEBUG 835411 --- [gdgoc] [           main] o.h.e.j.e.i.JdbcEnvironmentInitiator     : JDBC version : 4.2
2025-03-26T15:29:07.051Z  WARN 835411 --- [gdgoc] [           main] org.hibernate.orm.deprecation            : HHH90000025: MySQL8Dialect does not need to be specified explicitly using 'hibernate.dialect' (remove the property setting and it will be selected by default)
2025-03-26T15:29:07.054Z DEBUG 835411 --- [gdgoc] [           main] org.hibernate.orm.dialect                : HHH035001: Using dialect: org.hibernate.dialect.MySQL8Dialect, version: 8.0
2025-03-26T15:29:07.055Z  WARN 835411 --- [gdgoc] [           main] org.hibernate.orm.deprecation            : HHH90000026: MySQL8Dialect has been deprecated; use org.hibernate.dialect.MySQLDialect instead
2025-03-26T15:29:07.064Z DEBUG 835411 --- [gdgoc] [           main] o.h.e.j.env.spi.IdentifierHelperBuilder  : JDBC driver metadata reported database stores quoted identifiers in more than one case
2025-03-26T15:29:07.066Z DEBUG 835411 --- [gdgoc] [           main] o.h.e.j.env.spi.IdentifierHelperBuilder  : IdentifierCaseStrategy for both quoted and unquoted identifiers was set to the same strategy [MIXED]; that will likely lead to problems in schema update and validation if using quoted identifiers
2025-03-26T15:29:07.115Z  INFO 835411 --- [gdgoc] [           main] org.hibernate.orm.connections.pooling    : HHH10001005: Database info:
	Database JDBC URL [Connecting through datasource 'HikariDataSource (HikariPool-1)']
	Database driver: undefined/unknown
	Database version: 8.0
	Autocommit mode: undefined/unknown
	Isolation level: undefined/unknown
	Minimum pool size: undefined/unknown
	Maximum pool size: undefined/unknown
2025-03-26T15:29:07.129Z DEBUG 835411 --- [gdgoc] [           main] o.h.t.d.sql.spi.DdlTypeRegistry          : addDescriptor(12, org.hibernate.type.descriptor.sql.internal.CapacityDependentDdlType@65ef9a0a) replaced previous registration(org.hibernate.type.descriptor.sql.internal.CapacityDependentDdlType@25216999)
2025-03-26T15:29:07.130Z DEBUG 835411 --- [gdgoc] [           main] o.h.t.d.sql.spi.DdlTypeRegistry          : addDescriptor(-9, org.hibernate.type.descriptor.sql.internal.CapacityDependentDdlType@77e6761f) replaced previous registration(org.hibernate.type.descriptor.sql.internal.CapacityDependentDdlType@5c997de8)
2025-03-26T15:29:07.131Z DEBUG 835411 --- [gdgoc] [           main] o.h.t.d.sql.spi.DdlTypeRegistry          : addDescriptor(-3, org.hibernate.type.descriptor.sql.internal.CapacityDependentDdlType@45bf93bb) replaced previous registration(org.hibernate.type.descriptor.sql.internal.CapacityDependentDdlType@6b7c4734)
2025-03-26T15:29:07.131Z DEBUG 835411 --- [gdgoc] [           main] o.h.t.d.sql.spi.DdlTypeRegistry          : addDescriptor(4003, org.hibernate.type.descriptor.sql.internal.DdlTypeImpl@2f6e92ca) replaced previous registration(org.hibernate.type.descriptor.sql.internal.DdlTypeImpl@380fdcf2)
2025-03-26T15:29:07.132Z DEBUG 835411 --- [gdgoc] [           main] o.h.t.d.sql.spi.DdlTypeRegistry          : addDescriptor(4001, org.hibernate.type.descriptor.sql.internal.DdlTypeImpl@114b203) replaced previous registration(org.hibernate.type.descriptor.sql.internal.DdlTypeImpl@8d810f2)
2025-03-26T15:29:07.133Z DEBUG 835411 --- [gdgoc] [           main] o.h.t.d.sql.spi.DdlTypeRegistry          : addDescriptor(4002, org.hibernate.type.descriptor.sql.internal.DdlTypeImpl@537b3be1) replaced previous registration(org.hibernate.type.descriptor.sql.internal.DdlTypeImpl@15d58530)
2025-03-26T15:29:07.133Z DEBUG 835411 --- [gdgoc] [           main] o.h.t.d.sql.spi.DdlTypeRegistry          : addDescriptor(2004, org.hibernate.type.descriptor.sql.internal.CapacityDependentDdlType@31f5b923) replaced previous registration(org.hibernate.type.descriptor.sql.internal.DdlTypeImpl@79e2606f)
2025-03-26T15:29:07.133Z DEBUG 835411 --- [gdgoc] [           main] o.h.t.d.sql.spi.DdlTypeRegistry          : addDescriptor(2005, org.hibernate.type.descriptor.sql.internal.CapacityDependentDdlType@734cf881) replaced previous registration(org.hibernate.type.descriptor.sql.internal.DdlTypeImpl@4a890fdd)
2025-03-26T15:29:07.133Z DEBUG 835411 --- [gdgoc] [           main] o.h.t.d.sql.spi.DdlTypeRegistry          : addDescriptor(2011, org.hibernate.type.descriptor.sql.internal.CapacityDependentDdlType@56299b0e) replaced previous registration(org.hibernate.type.descriptor.sql.internal.DdlTypeImpl@3ca278bc)
2025-03-26T15:29:07.137Z DEBUG 835411 --- [gdgoc] [           main] o.h.t.d.jdbc.spi.JdbcTypeRegistry        : addDescriptor(NCharTypeDescriptor) replaced previous registration(CharTypeDescriptor)
2025-03-26T15:29:07.138Z DEBUG 835411 --- [gdgoc] [           main] o.h.t.d.jdbc.spi.JdbcTypeRegistry        : addDescriptor(NVarcharTypeDescriptor) replaced previous registration(VarcharTypeDescriptor)
2025-03-26T15:29:07.140Z DEBUG 835411 --- [gdgoc] [           main] o.h.t.d.jdbc.spi.JdbcTypeRegistry        : addDescriptor(LongNVarcharTypeDescriptor) replaced previous registration(LongVarcharTypeDescriptor)
2025-03-26T15:29:07.147Z DEBUG 835411 --- [gdgoc] [           main] o.h.t.d.jdbc.spi.JdbcTypeRegistry        : addDescriptor(NClobTypeDescriptor(DEFAULT)) replaced previous registration(ClobTypeDescriptor(DEFAULT))
2025-03-26T15:29:07.179Z DEBUG 835411 --- [gdgoc] [           main] org.hibernate.type.BasicTypeRegistry     : Adding type registration null -> org.hibernate.type.NullType@436a563f
2025-03-26T15:29:07.181Z DEBUG 835411 --- [gdgoc] [           main] org.hibernate.type.BasicTypeRegistry     : Type registration key [null] overrode previous entry : `org.hibernate.type.NullType@573aeab2`
2025-03-26T15:29:07.191Z DEBUG 835411 --- [gdgoc] [           main] org.hibernate.type.BasicTypeRegistry     : Adding type registration org.hibernate.type.DurationType -> basicType@1(java.time.Duration,3015)
2025-03-26T15:29:07.194Z DEBUG 835411 --- [gdgoc] [           main] org.hibernate.type.BasicTypeRegistry     : Adding type registration Duration -> basicType@1(java.time.Duration,3015)
2025-03-26T15:29:07.195Z DEBUG 835411 --- [gdgoc] [           main] org.hibernate.type.BasicTypeRegistry     : Adding type registration java.time.Duration -> basicType@1(java.time.Duration,3015)
2025-03-26T15:29:07.201Z DEBUG 835411 --- [gdgoc] [           main] org.hibernate.type.BasicTypeRegistry     : Adding type registration org.hibernate.type.OffsetDateTimeType -> basicType@2(java.time.OffsetDateTime,3003)
2025-03-26T15:29:07.201Z DEBUG 835411 --- [gdgoc] [           main] org.hibernate.type.BasicTypeRegistry     : Adding type registration OffsetDateTime -> basicType@2(java.time.OffsetDateTime,3003)
2025-03-26T15:29:07.201Z DEBUG 835411 --- [gdgoc] [           main] org.hibernate.type.BasicTypeRegistry     : Adding type registration java.time.OffsetDateTime -> basicType@2(java.time.OffsetDateTime,3003)
2025-03-26T15:29:07.202Z DEBUG 835411 --- [gdgoc] [           main] org.hibernate.type.BasicTypeRegistry     : Adding type registration org.hibernate.type.ZonedDateTimeType -> basicType@3(java.time.ZonedDateTime,3003)
2025-03-26T15:29:07.202Z DEBUG 835411 --- [gdgoc] [           main] org.hibernate.type.BasicTypeRegistry     : Adding type registration ZonedDateTime -> basicType@3(java.time.ZonedDateTime,3003)
2025-03-26T15:29:07.202Z DEBUG 835411 --- [gdgoc] [           main] org.hibernate.type.BasicTypeRegistry     : Adding type registration java.time.ZonedDateTime -> basicType@3(java.time.ZonedDateTime,3003)
2025-03-26T15:29:07.203Z DEBUG 835411 --- [gdgoc] [           main] org.hibernate.type.BasicTypeRegistry     : Adding type registration org.hibernate.type.OffsetTimeType -> basicType@4(java.time.OffsetTime,3007)
2025-03-26T15:29:07.203Z DEBUG 835411 --- [gdgoc] [           main] org.hibernate.type.BasicTypeRegistry     : Adding type registration OffsetTime -> basicType@4(java.time.OffsetTime,3007)
2025-03-26T15:29:07.204Z DEBUG 835411 --- [gdgoc] [           main] org.hibernate.type.BasicTypeRegistry     : Adding type registration java.time.OffsetTime -> basicType@4(java.time.OffsetTime,3007)
2025-03-26T15:29:07.206Z DEBUG 835411 --- [gdgoc] [           main] o.h.type.spi.TypeConfiguration$Scope     : Scoping TypeConfiguration [org.hibernate.type.spi.TypeConfiguration@6cde0c69] to MetadataBuildingContext [org.hibernate.boot.internal.MetadataBuildingContextRootImpl@6f4d2294]
2025-03-26T15:29:07.290Z DEBUG 835411 --- [gdgoc] [           main] o.h.boot.model.relational.Namespace      : Created database namespace [logicalName=Name{catalog=null, schema=null}, physicalName=Name{catalog=null, schema=null}]
2025-03-26T15:29:07.355Z DEBUG 835411 --- [gdgoc] [           main] o.h.boot.model.internal.EntityBinder     : Binding entity from annotated class: com.gomin_jungdok.gdgoc.comment.Comment
2025-03-26T15:29:07.368Z DEBUG 835411 --- [gdgoc] [           main] o.h.boot.model.internal.EntityBinder     : Import with entity name Comment
2025-03-26T15:29:07.381Z DEBUG 835411 --- [gdgoc] [           main] o.h.boot.model.internal.EntityBinder     : Bind entity com.gomin_jungdok.gdgoc.comment.Comment on table comment
2025-03-26T15:29:07.412Z DEBUG 835411 --- [gdgoc] [           main] o.h.boot.model.internal.AnnotatedColumn  : Binding column: AnnotatedDiscriminatorColumn(column='DTYPE')
2025-03-26T15:29:07.493Z DEBUG 835411 --- [gdgoc] [           main] o.h.boot.model.internal.AnnotatedColumn  : Binding column: AnnotatedColumn(column='comment_id')
2025-03-26T15:29:07.497Z DEBUG 835411 --- [gdgoc] [           main] o.h.boot.internal.ClassLoaderAccessImpl  : Not known whether passed class name [com.gomin_jungdok.gdgoc.comment.Comment] is safe
2025-03-26T15:29:07.497Z DEBUG 835411 --- [gdgoc] [           main] o.h.boot.internal.ClassLoaderAccessImpl  : No temp ClassLoader provided; using live ClassLoader for loading potentially unsafe class : com.gomin_jungdok.gdgoc.comment.Comment
2025-03-26T15:29:07.503Z DEBUG 835411 --- [gdgoc] [           main] o.h.boot.model.internal.PropertyBinder   : MetadataSourceProcessor property id with lazy=false
2025-03-26T15:29:07.511Z DEBUG 835411 --- [gdgoc] [           main] o.h.b.m.internal.AbstractPropertyHolder  : Attempting to locate auto-apply AttributeConverter for property [com.gomin_jungdok.gdgoc.comment.Comment:id]
2025-03-26T15:29:07.519Z DEBUG 835411 --- [gdgoc] [           main] o.h.b.model.internal.BasicValueBinder    : building BasicValue for id
2025-03-26T15:29:07.525Z DEBUG 835411 --- [gdgoc] [           main] org.hibernate.mapping.BasicValue         : Skipping column re-registration: comment.comment_id
2025-03-26T15:29:07.527Z DEBUG 835411 --- [gdgoc] [           main] o.h.boot.model.internal.PropertyBinder   : Building property id
2025-03-26T15:29:07.534Z DEBUG 835411 --- [gdgoc] [           main] o.h.boot.model.internal.BinderHelper     : #makeIdGenerator(BasicValue([Column(comment_id)]), id, identity, , ...)
2025-03-26T15:29:07.536Z DEBUG 835411 --- [gdgoc] [           main] o.h.boot.model.internal.AnnotatedColumn  : Binding column: AnnotatedColumn(column='created_at')
2025-03-26T15:29:07.537Z DEBUG 835411 --- [gdgoc] [           main] o.h.boot.model.internal.PropertyBinder   : MetadataSourceProcessor property createdAt with lazy=false
2025-03-26T15:29:07.537Z DEBUG 835411 --- [gdgoc] [           main] o.h.b.m.internal.AbstractPropertyHolder  : Attempting to locate auto-apply AttributeConverter for property [com.gomin_jungdok.gdgoc.comment.Comment:createdAt]
2025-03-26T15:29:07.538Z DEBUG 835411 --- [gdgoc] [           main] o.h.b.model.internal.BasicValueBinder    : building BasicValue for createdAt
2025-03-26T15:29:07.538Z DEBUG 835411 --- [gdgoc] [           main] org.hibernate.mapping.BasicValue         : Skipping column re-registration: comment.created_at
2025-03-26T15:29:07.538Z DEBUG 835411 --- [gdgoc] [           main] o.h.boot.model.internal.PropertyBinder   : Building property createdAt
2025-03-26T15:29:07.540Z DEBUG 835411 --- [gdgoc] [           main] o.h.boot.model.internal.AnnotatedColumn  : Binding column: AnnotatedColumn(column='comment_desc')
2025-03-26T15:29:07.541Z DEBUG 835411 --- [gdgoc] [           main] o.h.boot.model.internal.PropertyBinder   : MetadataSourceProcessor property description with lazy=false
2025-03-26T15:29:07.541Z DEBUG 835411 --- [gdgoc] [           main] o.h.b.m.internal.AbstractPropertyHolder  : Attempting to locate auto-apply AttributeConverter for property [com.gomin_jungdok.gdgoc.comment.Comment:description]
2025-03-26T15:29:07.541Z DEBUG 835411 --- [gdgoc] [           main] o.h.b.model.internal.BasicValueBinder    : building BasicValue for description
2025-03-26T15:29:07.541Z DEBUG 835411 --- [gdgoc] [           main] org.hibernate.mapping.BasicValue         : Skipping column re-registration: comment.comment_desc
2025-03-26T15:29:07.541Z DEBUG 835411 --- [gdgoc] [           main] o.h.boot.model.internal.PropertyBinder   : Building property description
2025-03-26T15:29:07.542Z DEBUG 835411 --- [gdgoc] [           main] o.h.boot.model.internal.AnnotatedColumn  : Binding column: AnnotatedColumn(column='hierarchy')
2025-03-26T15:29:07.544Z DEBUG 835411 --- [gdgoc] [           main] o.h.boot.model.internal.PropertyBinder   : MetadataSourceProcessor property hierarchy with lazy=false
2025-03-26T15:29:07.544Z DEBUG 835411 --- [gdgoc] [           main] o.h.b.m.internal.AbstractPropertyHolder  : Attempting to locate auto-apply AttributeConverter for property [com.gomin_jungdok.gdgoc.comment.Comment:hierarchy]
2025-03-26T15:29:07.545Z DEBUG 835411 --- [gdgoc] [           main] o.h.b.model.internal.BasicValueBinder    : building BasicValue for hierarchy
2025-03-26T15:29:07.547Z DEBUG 835411 --- [gdgoc] [           main] org.hibernate.mapping.BasicValue         : Skipping column re-registration: comment.hierarchy
2025-03-26T15:29:07.548Z DEBUG 835411 --- [gdgoc] [           main] o.h.boot.model.internal.PropertyBinder   : Building property hierarchy
2025-03-26T15:29:07.552Z DEBUG 835411 --- [gdgoc] [           main] o.h.boot.model.internal.AnnotatedColumn  : Binding column: AnnotatedJoinColumn(column='parent_comment_id')
2025-03-26T15:29:07.563Z DEBUG 835411 --- [gdgoc] [           main] o.h.boot.model.internal.AnnotatedColumn  : Binding column: AnnotatedColumn()
2025-03-26T15:29:07.574Z DEBUG 835411 --- [gdgoc] [           main] o.h.boot.model.internal.PropertyBinder   : Building property parentComment
2025-03-26T15:29:07.575Z DEBUG 835411 --- [gdgoc] [           main] o.h.boot.model.internal.AnnotatedColumn  : Binding column: AnnotatedJoinColumn(column='post_id')
2025-03-26T15:29:07.577Z DEBUG 835411 --- [gdgoc] [           main] o.h.boot.model.internal.AnnotatedColumn  : Binding column: AnnotatedColumn()
2025-03-26T15:29:07.577Z DEBUG 835411 --- [gdgoc] [           main] o.h.boot.model.internal.PropertyBinder   : Building property post
2025-03-26T15:29:07.578Z DEBUG 835411 --- [gdgoc] [           main] o.h.boot.model.internal.AnnotatedColumn  : Binding column: AnnotatedJoinColumn(column='user_id')
2025-03-26T15:29:07.578Z DEBUG 835411 --- [gdgoc] [           main] o.h.boot.model.internal.AnnotatedColumn  : Binding column: AnnotatedColumn()
2025-03-26T15:29:07.579Z DEBUG 835411 --- [gdgoc] [           main] o.h.boot.model.internal.PropertyBinder   : Building property user
2025-03-26T15:29:07.584Z DEBUG 835411 --- [gdgoc] [           main] o.h.b.r.c.i.ClassLoaderServiceImpl       : HHH000194: Package not found or no package-info.java: com.gomin_jungdok.gdgoc.comment
2025-03-26T15:29:07.598Z DEBUG 835411 --- [gdgoc] [           main] o.h.boot.model.internal.EntityBinder     : Binding entity from annotated class: com.gomin_jungdok.gdgoc.post.Post
2025-03-26T15:29:07.600Z DEBUG 835411 --- [gdgoc] [           main] o.h.boot.model.internal.EntityBinder     : Import with entity name Post
2025-03-26T15:29:07.600Z DEBUG 835411 --- [gdgoc] [           main] o.h.boot.model.internal.EntityBinder     : Bind entity com.gomin_jungdok.gdgoc.post.Post on table post
2025-03-26T15:29:07.602Z DEBUG 835411 --- [gdgoc] [           main] o.h.boot.model.internal.AnnotatedColumn  : Binding column: AnnotatedDiscriminatorColumn(column='DTYPE')
2025-03-26T15:29:07.606Z DEBUG 835411 --- [gdgoc] [           main] o.h.boot.model.internal.AnnotatedColumn  : Binding column: AnnotatedColumn(column='post_id')
2025-03-26T15:29:07.606Z DEBUG 835411 --- [gdgoc] [           main] o.h.boot.internal.ClassLoaderAccessImpl  : Not known whether passed class name [com.gomin_jungdok.gdgoc.post.Post] is safe
2025-03-26T15:29:07.607Z DEBUG 835411 --- [gdgoc] [           main] o.h.boot.internal.ClassLoaderAccessImpl  : No temp ClassLoader provided; using live ClassLoader for loading potentially unsafe class : com.gomin_jungdok.gdgoc.post.Post
2025-03-26T15:29:07.608Z DEBUG 835411 --- [gdgoc] [           main] o.h.boot.model.internal.PropertyBinder   : MetadataSourceProcessor property id with lazy=false
2025-03-26T15:29:07.609Z DEBUG 835411 --- [gdgoc] [           main] o.h.b.m.internal.AbstractPropertyHolder  : Attempting to locate auto-apply AttributeConverter for property [com.gomin_jungdok.gdgoc.post.Post:id]
2025-03-26T15:29:07.610Z DEBUG 835411 --- [gdgoc] [           main] o.h.b.model.internal.BasicValueBinder    : building BasicValue for id
2025-03-26T15:29:07.610Z DEBUG 835411 --- [gdgoc] [           main] org.hibernate.mapping.BasicValue         : Skipping column re-registration: post.post_id
2025-03-26T15:29:07.611Z DEBUG 835411 --- [gdgoc] [           main] o.h.boot.model.internal.PropertyBinder   : Building property id
2025-03-26T15:29:07.611Z DEBUG 835411 --- [gdgoc] [           main] o.h.boot.model.internal.BinderHelper     : #makeIdGenerator(BasicValue([Column(post_id)]), id, identity, , ...)
2025-03-26T15:29:07.611Z DEBUG 835411 --- [gdgoc] [           main] o.h.boot.model.internal.AnnotatedColumn  : Binding column: AnnotatedColumn(column='best_post')
2025-03-26T15:29:07.612Z DEBUG 835411 --- [gdgoc] [           main] o.h.boot.model.internal.PropertyBinder   : MetadataSourceProcessor property bestPost with lazy=false
2025-03-26T15:29:07.612Z DEBUG 835411 --- [gdgoc] [           main] o.h.b.m.internal.AbstractPropertyHolder  : Attempting to locate auto-apply AttributeConverter for property [com.gomin_jungdok.gdgoc.post.Post:bestPost]
2025-03-26T15:29:07.612Z DEBUG 835411 --- [gdgoc] [           main] o.h.b.model.internal.BasicValueBinder    : building BasicValue for bestPost
2025-03-26T15:29:07.612Z DEBUG 835411 --- [gdgoc] [           main] org.hibernate.mapping.BasicValue         : Skipping column re-registration: post.best_post
2025-03-26T15:29:07.612Z DEBUG 835411 --- [gdgoc] [           main] o.h.boot.model.internal.PropertyBinder   : Building property bestPost
2025-03-26T15:29:07.614Z DEBUG 835411 --- [gdgoc] [           main] o.h.boot.model.internal.AnnotatedColumn  : Binding column: AnnotatedColumn(column='created_at')
2025-03-26T15:29:07.614Z DEBUG 835411 --- [gdgoc] [           main] o.h.boot.model.internal.PropertyBinder   : MetadataSourceProcessor property createdAt with lazy=false
2025-03-26T15:29:07.614Z DEBUG 835411 --- [gdgoc] [           main] o.h.b.m.internal.AbstractPropertyHolder  : Attempting to locate auto-apply AttributeConverter for property [com.gomin_jungdok.gdgoc.post.Post:createdAt]
2025-03-26T15:29:07.614Z DEBUG 835411 --- [gdgoc] [           main] o.h.b.model.internal.BasicValueBinder    : building BasicValue for createdAt
2025-03-26T15:29:07.615Z DEBUG 835411 --- [gdgoc] [           main] org.hibernate.mapping.BasicValue         : Skipping column re-registration: post.created_at
2025-03-26T15:29:07.615Z DEBUG 835411 --- [gdgoc] [           main] o.h.boot.model.internal.PropertyBinder   : Building property createdAt
2025-03-26T15:29:07.616Z DEBUG 835411 --- [gdgoc] [           main] o.h.boot.model.internal.AnnotatedColumn  : Binding column: AnnotatedColumn(column='post_desc')
2025-03-26T15:29:07.616Z DEBUG 835411 --- [gdgoc] [           main] o.h.boot.model.internal.PropertyBinder   : MetadataSourceProcessor property description with lazy=false
2025-03-26T15:29:07.616Z DEBUG 835411 --- [gdgoc] [           main] o.h.b.m.internal.AbstractPropertyHolder  : Attempting to locate auto-apply AttributeConverter for property [com.gomin_jungdok.gdgoc.post.Post:description]
2025-03-26T15:29:07.616Z DEBUG 835411 --- [gdgoc] [           main] o.h.b.model.internal.BasicValueBinder    : building BasicValue for description
2025-03-26T15:29:07.617Z DEBUG 835411 --- [gdgoc] [           main] org.hibernate.mapping.BasicValue         : Skipping column re-registration: post.post_desc
2025-03-26T15:29:07.617Z DEBUG 835411 --- [gdgoc] [           main] o.h.boot.model.internal.PropertyBinder   : Building property description
2025-03-26T15:29:07.618Z DEBUG 835411 --- [gdgoc] [           main] o.h.boot.model.internal.AnnotatedColumn  : Binding column: AnnotatedColumn(column='is_AI')
2025-03-26T15:29:07.619Z DEBUG 835411 --- [gdgoc] [           main] o.h.boot.model.internal.PropertyBinder   : MetadataSourceProcessor property isAI with lazy=false
2025-03-26T15:29:07.619Z DEBUG 835411 --- [gdgoc] [           main] o.h.b.m.internal.AbstractPropertyHolder  : Attempting to locate auto-apply AttributeConverter for property [com.gomin_jungdok.gdgoc.post.Post:isAI]
2025-03-26T15:29:07.619Z DEBUG 835411 --- [gdgoc] [           main] o.h.b.model.internal.BasicValueBinder    : building BasicValue for isAI
2025-03-26T15:29:07.619Z DEBUG 835411 --- [gdgoc] [           main] org.hibernate.mapping.BasicValue         : Skipping column re-registration: post.is_ai
2025-03-26T15:29:07.619Z DEBUG 835411 --- [gdgoc] [           main] o.h.boot.model.internal.PropertyBinder   : Building property isAI
2025-03-26T15:29:07.620Z DEBUG 835411 --- [gdgoc] [           main] o.h.boot.model.internal.AnnotatedColumn  : Binding column: AnnotatedColumn(column='post_title')
2025-03-26T15:29:07.620Z DEBUG 835411 --- [gdgoc] [           main] o.h.boot.model.internal.PropertyBinder   : MetadataSourceProcessor property title with lazy=false
2025-03-26T15:29:07.621Z DEBUG 835411 --- [gdgoc] [           main] o.h.b.m.internal.AbstractPropertyHolder  : Attempting to locate auto-apply AttributeConverter for property [com.gomin_jungdok.gdgoc.post.Post:title]
2025-03-26T15:29:07.621Z DEBUG 835411 --- [gdgoc] [           main] o.h.b.model.internal.BasicValueBinder    : building BasicValue for title
2025-03-26T15:29:07.621Z DEBUG 835411 --- [gdgoc] [           main] org.hibernate.mapping.BasicValue         : Skipping column re-registration: post.post_title
2025-03-26T15:29:07.621Z DEBUG 835411 --- [gdgoc] [           main] o.h.boot.model.internal.PropertyBinder   : Building property title
2025-03-26T15:29:07.622Z DEBUG 835411 --- [gdgoc] [           main] o.h.boot.model.internal.AnnotatedColumn  : Binding column: AnnotatedColumn(column='today_post')
2025-03-26T15:29:07.622Z DEBUG 835411 --- [gdgoc] [           main] o.h.boot.model.internal.PropertyBinder   : MetadataSourceProcessor property todayPost with lazy=false
2025-03-26T15:29:07.622Z DEBUG 835411 --- [gdgoc] [           main] o.h.b.m.internal.AbstractPropertyHolder  : Attempting to locate auto-apply AttributeConverter for property [com.gomin_jungdok.gdgoc.post.Post:todayPost]
2025-03-26T15:29:07.624Z DEBUG 835411 --- [gdgoc] [           main] o.h.b.model.internal.BasicValueBinder    : building BasicValue for todayPost
2025-03-26T15:29:07.625Z DEBUG 835411 --- [gdgoc] [           main] org.hibernate.mapping.BasicValue         : Skipping column re-registration: post.today_post
2025-03-26T15:29:07.625Z DEBUG 835411 --- [gdgoc] [           main] o.h.boot.model.internal.PropertyBinder   : Building property todayPost
2025-03-26T15:29:07.625Z DEBUG 835411 --- [gdgoc] [           main] o.h.boot.model.internal.AnnotatedColumn  : Binding column: AnnotatedColumn(column='user_id')
2025-03-26T15:29:07.626Z DEBUG 835411 --- [gdgoc] [           main] o.h.boot.model.internal.PropertyBinder   : MetadataSourceProcessor property userId with lazy=false
2025-03-26T15:29:07.626Z DEBUG 835411 --- [gdgoc] [           main] o.h.b.m.internal.AbstractPropertyHolder  : Attempting to locate auto-apply AttributeConverter for property [com.gomin_jungdok.gdgoc.post.Post:userId]
2025-03-26T15:29:07.626Z DEBUG 835411 --- [gdgoc] [           main] o.h.b.model.internal.BasicValueBinder    : building BasicValue for userId
2025-03-26T15:29:07.626Z DEBUG 835411 --- [gdgoc] [           main] org.hibernate.mapping.BasicValue         : Skipping column re-registration: post.user_id
2025-03-26T15:29:07.626Z DEBUG 835411 --- [gdgoc] [           main] o.h.boot.model.internal.PropertyBinder   : Building property userId
2025-03-26T15:29:07.633Z DEBUG 835411 --- [gdgoc] [           main] o.h.b.r.c.i.ClassLoaderServiceImpl       : HHH000194: Package not found or no package-info.java: com.gomin_jungdok.gdgoc.post
2025-03-26T15:29:07.635Z DEBUG 835411 --- [gdgoc] [           main] o.h.boot.model.internal.EntityBinder     : Binding entity from annotated class: com.gomin_jungdok.gdgoc.post.post_image.PostImage
2025-03-26T15:29:07.636Z DEBUG 835411 --- [gdgoc] [           main] o.h.boot.model.internal.EntityBinder     : Import with entity name PostImage
2025-03-26T15:29:07.637Z DEBUG 835411 --- [gdgoc] [           main] o.h.boot.model.internal.EntityBinder     : Bind entity com.gomin_jungdok.gdgoc.post.post_image.PostImage on table post_image
2025-03-26T15:29:07.638Z DEBUG 835411 --- [gdgoc] [           main] o.h.boot.model.internal.AnnotatedColumn  : Binding column: AnnotatedDiscriminatorColumn(column='DTYPE')
2025-03-26T15:29:07.643Z DEBUG 835411 --- [gdgoc] [           main] o.h.boot.model.internal.AnnotatedColumn  : Binding column: AnnotatedColumn(column='post_image_id')
2025-03-26T15:29:07.643Z DEBUG 835411 --- [gdgoc] [           main] o.h.boot.internal.ClassLoaderAccessImpl  : Not known whether passed class name [com.gomin_jungdok.gdgoc.post.post_image.PostImage] is safe
2025-03-26T15:29:07.643Z DEBUG 835411 --- [gdgoc] [           main] o.h.boot.internal.ClassLoaderAccessImpl  : No temp ClassLoader provided; using live ClassLoader for loading potentially unsafe class : com.gomin_jungdok.gdgoc.post.post_image.PostImage
2025-03-26T15:29:07.643Z DEBUG 835411 --- [gdgoc] [           main] o.h.boot.model.internal.PropertyBinder   : MetadataSourceProcessor property id with lazy=false
2025-03-26T15:29:07.643Z DEBUG 835411 --- [gdgoc] [           main] o.h.b.m.internal.AbstractPropertyHolder  : Attempting to locate auto-apply AttributeConverter for property [com.gomin_jungdok.gdgoc.post.post_image.PostImage:id]
2025-03-26T15:29:07.644Z DEBUG 835411 --- [gdgoc] [           main] o.h.b.model.internal.BasicValueBinder    : building BasicValue for id
2025-03-26T15:29:07.644Z DEBUG 835411 --- [gdgoc] [           main] org.hibernate.mapping.BasicValue         : Skipping column re-registration: post_image.post_image_id
2025-03-26T15:29:07.644Z DEBUG 835411 --- [gdgoc] [           main] o.h.boot.model.internal.PropertyBinder   : Building property id
2025-03-26T15:29:07.645Z DEBUG 835411 --- [gdgoc] [           main] o.h.boot.model.internal.BinderHelper     : #makeIdGenerator(BasicValue([Column(post_image_id)]), id, identity, , ...)
2025-03-26T15:29:07.645Z DEBUG 835411 --- [gdgoc] [           main] o.h.boot.model.internal.AnnotatedColumn  : Binding column: AnnotatedColumn(column='image_url')
2025-03-26T15:29:07.646Z DEBUG 835411 --- [gdgoc] [           main] o.h.boot.model.internal.PropertyBinder   : MetadataSourceProcessor property imageUrl with lazy=false
2025-03-26T15:29:07.646Z DEBUG 835411 --- [gdgoc] [           main] o.h.b.m.internal.AbstractPropertyHolder  : Attempting to locate auto-apply AttributeConverter for property [com.gomin_jungdok.gdgoc.post.post_image.PostImage:imageUrl]
2025-03-26T15:29:07.646Z DEBUG 835411 --- [gdgoc] [           main] o.h.b.model.internal.BasicValueBinder    : building BasicValue for imageUrl
2025-03-26T15:29:07.646Z DEBUG 835411 --- [gdgoc] [           main] org.hibernate.mapping.BasicValue         : Skipping column re-registration: post_image.image_url
2025-03-26T15:29:07.646Z DEBUG 835411 --- [gdgoc] [           main] o.h.boot.model.internal.PropertyBinder   : Building property imageUrl
2025-03-26T15:29:07.647Z DEBUG 835411 --- [gdgoc] [           main] o.h.boot.model.internal.AnnotatedColumn  : Binding column: AnnotatedColumn(column='order_sequence')
2025-03-26T15:29:07.647Z DEBUG 835411 --- [gdgoc] [           main] o.h.boot.model.internal.PropertyBinder   : MetadataSourceProcessor property orderSequence with lazy=false
2025-03-26T15:29:07.648Z DEBUG 835411 --- [gdgoc] [           main] o.h.b.m.internal.AbstractPropertyHolder  : Attempting to locate auto-apply AttributeConverter for property [com.gomin_jungdok.gdgoc.post.post_image.PostImage:orderSequence]
2025-03-26T15:29:07.648Z DEBUG 835411 --- [gdgoc] [           main] o.h.b.model.internal.BasicValueBinder    : building BasicValue for orderSequence
2025-03-26T15:29:07.648Z DEBUG 835411 --- [gdgoc] [           main] org.hibernate.mapping.BasicValue         : Skipping column re-registration: post_image.order_sequence
2025-03-26T15:29:07.649Z DEBUG 835411 --- [gdgoc] [           main] o.h.boot.model.internal.PropertyBinder   : Building property orderSequence
2025-03-26T15:29:07.649Z DEBUG 835411 --- [gdgoc] [           main] o.h.boot.model.internal.AnnotatedColumn  : Binding column: AnnotatedJoinColumn(column='post_id')
2025-03-26T15:29:07.649Z DEBUG 835411 --- [gdgoc] [           main] o.h.boot.model.internal.AnnotatedColumn  : Binding column: AnnotatedColumn()
2025-03-26T15:29:07.650Z DEBUG 835411 --- [gdgoc] [           main] o.h.boot.model.internal.PropertyBinder   : Building property post
2025-03-26T15:29:07.653Z DEBUG 835411 --- [gdgoc] [           main] o.h.b.r.c.i.ClassLoaderServiceImpl       : HHH000194: Package not found or no package-info.java: com.gomin_jungdok.gdgoc.post.post_image
2025-03-26T15:29:07.656Z DEBUG 835411 --- [gdgoc] [           main] o.h.boot.model.internal.EntityBinder     : Binding entity from annotated class: com.gomin_jungdok.gdgoc.user.User
2025-03-26T15:29:07.656Z DEBUG 835411 --- [gdgoc] [           main] o.h.boot.model.internal.EntityBinder     : Import with entity name User
2025-03-26T15:29:07.658Z DEBUG 835411 --- [gdgoc] [           main] o.h.boot.model.internal.EntityBinder     : Bind entity com.gomin_jungdok.gdgoc.user.User on table user
2025-03-26T15:29:07.659Z DEBUG 835411 --- [gdgoc] [           main] o.h.boot.model.internal.AnnotatedColumn  : Binding column: AnnotatedDiscriminatorColumn(column='DTYPE')
2025-03-26T15:29:07.673Z DEBUG 835411 --- [gdgoc] [           main] o.h.boot.model.internal.AnnotatedColumn  : Binding column: AnnotatedColumn(column='user_id')
2025-03-26T15:29:07.674Z DEBUG 835411 --- [gdgoc] [           main] o.h.boot.internal.ClassLoaderAccessImpl  : Not known whether passed class name [com.gomin_jungdok.gdgoc.user.User] is safe
2025-03-26T15:29:07.674Z DEBUG 835411 --- [gdgoc] [           main] o.h.boot.internal.ClassLoaderAccessImpl  : No temp ClassLoader provided; using live ClassLoader for loading potentially unsafe class : com.gomin_jungdok.gdgoc.user.User
2025-03-26T15:29:07.674Z DEBUG 835411 --- [gdgoc] [           main] o.h.boot.model.internal.PropertyBinder   : MetadataSourceProcessor property id with lazy=false
2025-03-26T15:29:07.674Z DEBUG 835411 --- [gdgoc] [           main] o.h.b.m.internal.AbstractPropertyHolder  : Attempting to locate auto-apply AttributeConverter for property [com.gomin_jungdok.gdgoc.user.User:id]
2025-03-26T15:29:07.675Z DEBUG 835411 --- [gdgoc] [           main] o.h.b.model.internal.BasicValueBinder    : building BasicValue for id
2025-03-26T15:29:07.675Z DEBUG 835411 --- [gdgoc] [           main] org.hibernate.mapping.BasicValue         : Skipping column re-registration: user.user_id
2025-03-26T15:29:07.675Z DEBUG 835411 --- [gdgoc] [           main] o.h.boot.model.internal.PropertyBinder   : Building property id
2025-03-26T15:29:07.675Z DEBUG 835411 --- [gdgoc] [           main] o.h.boot.model.internal.BinderHelper     : #makeIdGenerator(BasicValue([Column(user_id)]), id, identity, , ...)
2025-03-26T15:29:07.678Z DEBUG 835411 --- [gdgoc] [           main] o.h.boot.model.internal.AnnotatedColumn  : Binding column: AnnotatedColumn(column='created_at')
2025-03-26T15:29:07.679Z DEBUG 835411 --- [gdgoc] [           main] o.h.boot.model.internal.PropertyBinder   : MetadataSourceProcessor property createdAt with lazy=false
2025-03-26T15:29:07.679Z DEBUG 835411 --- [gdgoc] [           main] o.h.b.m.internal.AbstractPropertyHolder  : Attempting to locate auto-apply AttributeConverter for property [com.gomin_jungdok.gdgoc.user.User:createdAt]
2025-03-26T15:29:07.681Z DEBUG 835411 --- [gdgoc] [           main] o.h.b.model.internal.BasicValueBinder    : building BasicValue for createdAt
2025-03-26T15:29:07.681Z DEBUG 835411 --- [gdgoc] [           main] org.hibernate.mapping.BasicValue         : Skipping column re-registration: user.created_at
2025-03-26T15:29:07.681Z DEBUG 835411 --- [gdgoc] [           main] o.h.boot.model.internal.PropertyBinder   : Building property createdAt
2025-03-26T15:29:07.684Z DEBUG 835411 --- [gdgoc] [           main] o.h.boot.model.internal.AnnotatedColumn  : Binding column: AnnotatedColumn(column='google_email')
2025-03-26T15:29:07.685Z DEBUG 835411 --- [gdgoc] [           main] o.h.boot.model.internal.PropertyBinder   : MetadataSourceProcessor property email with lazy=false
2025-03-26T15:29:07.685Z DEBUG 835411 --- [gdgoc] [           main] o.h.b.m.internal.AbstractPropertyHolder  : Attempting to locate auto-apply AttributeConverter for property [com.gomin_jungdok.gdgoc.user.User:email]
2025-03-26T15:29:07.685Z DEBUG 835411 --- [gdgoc] [           main] o.h.b.model.internal.BasicValueBinder    : building BasicValue for email
2025-03-26T15:29:07.686Z DEBUG 835411 --- [gdgoc] [           main] org.hibernate.mapping.BasicValue         : Skipping column re-registration: user.google_email
2025-03-26T15:29:07.686Z DEBUG 835411 --- [gdgoc] [           main] o.h.boot.model.internal.PropertyBinder   : Building property email
2025-03-26T15:29:07.688Z DEBUG 835411 --- [gdgoc] [           main] o.h.boot.model.internal.AnnotatedColumn  : Binding column: AnnotatedColumn()
2025-03-26T15:29:07.689Z DEBUG 835411 --- [gdgoc] [           main] o.h.boot.model.internal.PropertyBinder   : MetadataSourceProcessor property nickname with lazy=false
2025-03-26T15:29:07.689Z DEBUG 835411 --- [gdgoc] [           main] o.h.b.m.internal.AbstractPropertyHolder  : Attempting to locate auto-apply AttributeConverter for property [com.gomin_jungdok.gdgoc.user.User:nickname]
2025-03-26T15:29:07.689Z DEBUG 835411 --- [gdgoc] [           main] o.h.b.model.internal.BasicValueBinder    : building BasicValue for nickname
2025-03-26T15:29:07.690Z DEBUG 835411 --- [gdgoc] [           main] org.hibernate.mapping.BasicValue         : Skipping column re-registration: user.nickname
2025-03-26T15:29:07.690Z DEBUG 835411 --- [gdgoc] [           main] o.h.boot.model.internal.PropertyBinder   : Building property nickname
2025-03-26T15:29:07.691Z DEBUG 835411 --- [gdgoc] [           main] o.h.boot.model.internal.AnnotatedColumn  : Binding column: AnnotatedColumn(column='password')
2025-03-26T15:29:07.693Z DEBUG 835411 --- [gdgoc] [           main] o.h.boot.model.internal.PropertyBinder   : MetadataSourceProcessor property password with lazy=false
2025-03-26T15:29:07.697Z DEBUG 835411 --- [gdgoc] [           main] o.h.b.m.internal.AbstractPropertyHolder  : Attempting to locate auto-apply AttributeConverter for property [com.gomin_jungdok.gdgoc.user.User:password]
2025-03-26T15:29:07.700Z DEBUG 835411 --- [gdgoc] [           main] o.h.b.model.internal.BasicValueBinder    : building BasicValue for password
2025-03-26T15:29:07.700Z DEBUG 835411 --- [gdgoc] [           main] org.hibernate.mapping.BasicValue         : Skipping column re-registration: user.password
2025-03-26T15:29:07.700Z DEBUG 835411 --- [gdgoc] [           main] o.h.boot.model.internal.PropertyBinder   : Building property password
2025-03-26T15:29:07.701Z DEBUG 835411 --- [gdgoc] [           main] o.h.boot.model.internal.AnnotatedColumn  : Binding column: AnnotatedColumn(column='profile_image')
2025-03-26T15:29:07.701Z DEBUG 835411 --- [gdgoc] [           main] o.h.boot.model.internal.PropertyBinder   : MetadataSourceProcessor property profileImage with lazy=false
2025-03-26T15:29:07.701Z DEBUG 835411 --- [gdgoc] [           main] o.h.b.m.internal.AbstractPropertyHolder  : Attempting to locate auto-apply AttributeConverter for property [com.gomin_jungdok.gdgoc.user.User:profileImage]
2025-03-26T15:29:07.701Z DEBUG 835411 --- [gdgoc] [           main] o.h.b.model.internal.BasicValueBinder    : building BasicValue for profileImage
2025-03-26T15:29:07.702Z DEBUG 835411 --- [gdgoc] [           main] org.hibernate.mapping.BasicValue         : Skipping column re-registration: user.profile_image
2025-03-26T15:29:07.702Z DEBUG 835411 --- [gdgoc] [           main] o.h.boot.model.internal.PropertyBinder   : Building property profileImage
2025-03-26T15:29:07.702Z DEBUG 835411 --- [gdgoc] [           main] o.h.boot.model.internal.AnnotatedColumn  : Binding column: AnnotatedColumn(column='social_id')
2025-03-26T15:29:07.703Z DEBUG 835411 --- [gdgoc] [           main] o.h.boot.model.internal.PropertyBinder   : MetadataSourceProcessor property socialId with lazy=false
2025-03-26T15:29:07.703Z DEBUG 835411 --- [gdgoc] [           main] o.h.b.m.internal.AbstractPropertyHolder  : Attempting to locate auto-apply AttributeConverter for property [com.gomin_jungdok.gdgoc.user.User:socialId]
2025-03-26T15:29:07.703Z DEBUG 835411 --- [gdgoc] [           main] o.h.b.model.internal.BasicValueBinder    : building BasicValue for socialId
2025-03-26T15:29:07.703Z DEBUG 835411 --- [gdgoc] [           main] org.hibernate.mapping.BasicValue         : Skipping column re-registration: user.social_id
2025-03-26T15:29:07.703Z DEBUG 835411 --- [gdgoc] [           main] o.h.boot.model.internal.PropertyBinder   : Building property socialId
2025-03-26T15:29:07.705Z DEBUG 835411 --- [gdgoc] [           main] o.h.boot.model.internal.AnnotatedColumn  : Binding column: AnnotatedColumn(column='social_type')
2025-03-26T15:29:07.705Z DEBUG 835411 --- [gdgoc] [           main] o.h.boot.model.internal.PropertyBinder   : MetadataSourceProcessor property socialType with lazy=false
2025-03-26T15:29:07.705Z DEBUG 835411 --- [gdgoc] [           main] o.h.b.m.internal.AbstractPropertyHolder  : Attempting to locate auto-apply AttributeConverter for property [com.gomin_jungdok.gdgoc.user.User:socialType]
2025-03-26T15:29:07.705Z DEBUG 835411 --- [gdgoc] [           main] o.h.b.model.internal.BasicValueBinder    : building BasicValue for socialType
2025-03-26T15:29:07.705Z DEBUG 835411 --- [gdgoc] [           main] org.hibernate.mapping.BasicValue         : Skipping column re-registration: user.social_type
2025-03-26T15:29:07.705Z DEBUG 835411 --- [gdgoc] [           main] o.h.boot.model.internal.PropertyBinder   : Building property socialType
2025-03-26T15:29:07.706Z DEBUG 835411 --- [gdgoc] [           main] o.h.boot.model.internal.AnnotatedColumn  : Binding column: AnnotatedColumn(column='uid')
2025-03-26T15:29:07.706Z DEBUG 835411 --- [gdgoc] [           main] o.h.boot.model.internal.PropertyBinder   : MetadataSourceProcessor property uid with lazy=false
2025-03-26T15:29:07.706Z DEBUG 835411 --- [gdgoc] [           main] o.h.b.m.internal.AbstractPropertyHolder  : Attempting to locate auto-apply AttributeConverter for property [com.gomin_jungdok.gdgoc.user.User:uid]
2025-03-26T15:29:07.706Z DEBUG 835411 --- [gdgoc] [           main] o.h.b.model.internal.BasicValueBinder    : building BasicValue for uid
2025-03-26T15:29:07.707Z DEBUG 835411 --- [gdgoc] [           main] org.hibernate.mapping.BasicValue         : Skipping column re-registration: user.uid
2025-03-26T15:29:07.707Z DEBUG 835411 --- [gdgoc] [           main] o.h.boot.model.internal.PropertyBinder   : Building property uid
2025-03-26T15:29:07.707Z DEBUG 835411 --- [gdgoc] [           main] o.h.boot.model.internal.AnnotatedColumn  : Binding column: AnnotatedColumn(column='id')
2025-03-26T15:29:07.708Z DEBUG 835411 --- [gdgoc] [           main] o.h.boot.model.internal.PropertyBinder   : MetadataSourceProcessor property userId with lazy=false
2025-03-26T15:29:07.708Z DEBUG 835411 --- [gdgoc] [           main] o.h.b.m.internal.AbstractPropertyHolder  : Attempting to locate auto-apply AttributeConverter for property [com.gomin_jungdok.gdgoc.user.User:userId]
2025-03-26T15:29:07.708Z DEBUG 835411 --- [gdgoc] [           main] o.h.b.model.internal.BasicValueBinder    : building BasicValue for userId
2025-03-26T15:29:07.708Z DEBUG 835411 --- [gdgoc] [           main] org.hibernate.mapping.BasicValue         : Skipping column re-registration: user.id
2025-03-26T15:29:07.708Z DEBUG 835411 --- [gdgoc] [           main] o.h.boot.model.internal.PropertyBinder   : Building property userId
2025-03-26T15:29:07.713Z DEBUG 835411 --- [gdgoc] [           main] o.h.b.r.c.i.ClassLoaderServiceImpl       : HHH000194: Package not found or no package-info.java: com.gomin_jungdok.gdgoc.user
2025-03-26T15:29:07.715Z DEBUG 835411 --- [gdgoc] [           main] o.h.boot.model.internal.EntityBinder     : Binding entity from annotated class: com.gomin_jungdok.gdgoc.vote.Vote
2025-03-26T15:29:07.716Z DEBUG 835411 --- [gdgoc] [           main] o.h.boot.model.internal.EntityBinder     : Import with entity name Vote
2025-03-26T15:29:07.717Z DEBUG 835411 --- [gdgoc] [           main] o.h.boot.model.internal.EntityBinder     : Bind entity com.gomin_jungdok.gdgoc.vote.Vote on table vote
2025-03-26T15:29:07.720Z DEBUG 835411 --- [gdgoc] [           main] o.h.boot.model.internal.AnnotatedColumn  : Binding column: AnnotatedDiscriminatorColumn(column='DTYPE')
2025-03-26T15:29:07.725Z DEBUG 835411 --- [gdgoc] [           main] o.h.boot.model.internal.AnnotatedColumn  : Binding column: AnnotatedColumn(column='vote_id')
2025-03-26T15:29:07.726Z DEBUG 835411 --- [gdgoc] [           main] o.h.boot.internal.ClassLoaderAccessImpl  : Not known whether passed class name [com.gomin_jungdok.gdgoc.vote.Vote] is safe
2025-03-26T15:29:07.726Z DEBUG 835411 --- [gdgoc] [           main] o.h.boot.internal.ClassLoaderAccessImpl  : No temp ClassLoader provided; using live ClassLoader for loading potentially unsafe class : com.gomin_jungdok.gdgoc.vote.Vote
2025-03-26T15:29:07.726Z DEBUG 835411 --- [gdgoc] [           main] o.h.boot.model.internal.PropertyBinder   : MetadataSourceProcessor property id with lazy=false
2025-03-26T15:29:07.726Z DEBUG 835411 --- [gdgoc] [           main] o.h.b.m.internal.AbstractPropertyHolder  : Attempting to locate auto-apply AttributeConverter for property [com.gomin_jungdok.gdgoc.vote.Vote:id]
2025-03-26T15:29:07.726Z DEBUG 835411 --- [gdgoc] [           main] o.h.b.model.internal.BasicValueBinder    : building BasicValue for id
2025-03-26T15:29:07.727Z DEBUG 835411 --- [gdgoc] [           main] org.hibernate.mapping.BasicValue         : Skipping column re-registration: vote.vote_id
2025-03-26T15:29:07.727Z DEBUG 835411 --- [gdgoc] [           main] o.h.boot.model.internal.PropertyBinder   : Building property id
2025-03-26T15:29:07.728Z DEBUG 835411 --- [gdgoc] [           main] o.h.boot.model.internal.BinderHelper     : #makeIdGenerator(BasicValue([Column(vote_id)]), id, identity, , ...)
2025-03-26T15:29:07.730Z DEBUG 835411 --- [gdgoc] [           main] o.h.boot.model.internal.AnnotatedColumn  : Binding column: AnnotatedColumn(column='created_at')
2025-03-26T15:29:07.730Z DEBUG 835411 --- [gdgoc] [           main] o.h.boot.model.internal.PropertyBinder   : MetadataSourceProcessor property createdAt with lazy=false
2025-03-26T15:29:07.731Z DEBUG 835411 --- [gdgoc] [           main] o.h.b.m.internal.AbstractPropertyHolder  : Attempting to locate auto-apply AttributeConverter for property [com.gomin_jungdok.gdgoc.vote.Vote:createdAt]
2025-03-26T15:29:07.731Z DEBUG 835411 --- [gdgoc] [           main] o.h.b.model.internal.BasicValueBinder    : building BasicValue for createdAt
2025-03-26T15:29:07.731Z DEBUG 835411 --- [gdgoc] [           main] org.hibernate.mapping.BasicValue         : Skipping column re-registration: vote.created_at
2025-03-26T15:29:07.731Z DEBUG 835411 --- [gdgoc] [           main] o.h.boot.model.internal.PropertyBinder   : Building property createdAt
2025-03-26T15:29:07.732Z DEBUG 835411 --- [gdgoc] [           main] o.h.boot.model.internal.AnnotatedColumn  : Binding column: AnnotatedJoinColumn(column='post_id')
2025-03-26T15:29:07.732Z DEBUG 835411 --- [gdgoc] [           main] o.h.boot.model.internal.AnnotatedColumn  : Binding column: AnnotatedColumn()
2025-03-26T15:29:07.733Z DEBUG 835411 --- [gdgoc] [           main] o.h.boot.model.internal.PropertyBinder   : Building property post
2025-03-26T15:29:07.733Z DEBUG 835411 --- [gdgoc] [           main] o.h.boot.model.internal.AnnotatedColumn  : Binding column: AnnotatedJoinColumn(column='option_id')
2025-03-26T15:29:07.733Z DEBUG 835411 --- [gdgoc] [           main] o.h.boot.model.internal.AnnotatedColumn  : Binding column: AnnotatedColumn()
2025-03-26T15:29:07.734Z DEBUG 835411 --- [gdgoc] [           main] o.h.boot.model.internal.PropertyBinder   : Building property voteOption
2025-03-26T15:29:07.734Z DEBUG 835411 --- [gdgoc] [           main] o.h.boot.model.internal.AnnotatedColumn  : Binding column: AnnotatedJoinColumn(column='vote_user')
2025-03-26T15:29:07.735Z DEBUG 835411 --- [gdgoc] [           main] o.h.boot.model.internal.AnnotatedColumn  : Binding column: AnnotatedColumn()
2025-03-26T15:29:07.735Z DEBUG 835411 --- [gdgoc] [           main] o.h.boot.model.internal.PropertyBinder   : Building property voteUser
2025-03-26T15:29:07.738Z DEBUG 835411 --- [gdgoc] [           main] o.h.b.r.c.i.ClassLoaderServiceImpl       : HHH000194: Package not found or no package-info.java: com.gomin_jungdok.gdgoc.vote
2025-03-26T15:29:07.739Z DEBUG 835411 --- [gdgoc] [           main] o.h.boot.model.internal.EntityBinder     : Binding entity from annotated class: com.gomin_jungdok.gdgoc.vote_option.VoteOption
2025-03-26T15:29:07.739Z DEBUG 835411 --- [gdgoc] [           main] o.h.boot.model.internal.EntityBinder     : Import with entity name VoteOption
2025-03-26T15:29:07.740Z DEBUG 835411 --- [gdgoc] [           main] o.h.boot.model.internal.EntityBinder     : Bind entity com.gomin_jungdok.gdgoc.vote_option.VoteOption on table vote_option
2025-03-26T15:29:07.740Z DEBUG 835411 --- [gdgoc] [           main] o.h.boot.model.internal.AnnotatedColumn  : Binding column: AnnotatedDiscriminatorColumn(column='DTYPE')
2025-03-26T15:29:07.743Z DEBUG 835411 --- [gdgoc] [           main] o.h.boot.model.internal.AnnotatedColumn  : Binding column: AnnotatedColumn(column='option_id')
2025-03-26T15:29:07.743Z DEBUG 835411 --- [gdgoc] [           main] o.h.boot.internal.ClassLoaderAccessImpl  : Not known whether passed class name [com.gomin_jungdok.gdgoc.vote_option.VoteOption] is safe
2025-03-26T15:29:07.743Z DEBUG 835411 --- [gdgoc] [           main] o.h.boot.internal.ClassLoaderAccessImpl  : No temp ClassLoader provided; using live ClassLoader for loading potentially unsafe class : com.gomin_jungdok.gdgoc.vote_option.VoteOption
2025-03-26T15:29:07.743Z DEBUG 835411 --- [gdgoc] [           main] o.h.boot.model.internal.PropertyBinder   : MetadataSourceProcessor property id with lazy=false
2025-03-26T15:29:07.744Z DEBUG 835411 --- [gdgoc] [           main] o.h.b.m.internal.AbstractPropertyHolder  : Attempting to locate auto-apply AttributeConverter for property [com.gomin_jungdok.gdgoc.vote_option.VoteOption:id]
2025-03-26T15:29:07.744Z DEBUG 835411 --- [gdgoc] [           main] o.h.b.model.internal.BasicValueBinder    : building BasicValue for id
2025-03-26T15:29:07.744Z DEBUG 835411 --- [gdgoc] [           main] org.hibernate.mapping.BasicValue         : Skipping column re-registration: vote_option.option_id
2025-03-26T15:29:07.744Z DEBUG 835411 --- [gdgoc] [           main] o.h.boot.model.internal.PropertyBinder   : Building property id
2025-03-26T15:29:07.745Z DEBUG 835411 --- [gdgoc] [           main] o.h.boot.model.internal.BinderHelper     : #makeIdGenerator(BasicValue([Column(option_id)]), id, identity, , ...)
2025-03-26T15:29:07.745Z DEBUG 835411 --- [gdgoc] [           main] o.h.boot.model.internal.AnnotatedColumn  : Binding column: AnnotatedColumn(column='option_order')
2025-03-26T15:29:07.745Z DEBUG 835411 --- [gdgoc] [           main] o.h.boot.model.internal.PropertyBinder   : MetadataSourceProcessor property order with lazy=false
2025-03-26T15:29:07.745Z DEBUG 835411 --- [gdgoc] [           main] o.h.b.m.internal.AbstractPropertyHolder  : Attempting to locate auto-apply AttributeConverter for property [com.gomin_jungdok.gdgoc.vote_option.VoteOption:order]
2025-03-26T15:29:07.746Z DEBUG 835411 --- [gdgoc] [           main] o.h.b.model.internal.BasicValueBinder    : building BasicValue for order
2025-03-26T15:29:07.746Z DEBUG 835411 --- [gdgoc] [           main] org.hibernate.mapping.BasicValue         : Skipping column re-registration: vote_option.option_order
2025-03-26T15:29:07.746Z DEBUG 835411 --- [gdgoc] [           main] o.h.boot.model.internal.PropertyBinder   : Building property order
2025-03-26T15:29:07.747Z DEBUG 835411 --- [gdgoc] [           main] o.h.boot.model.internal.AnnotatedColumn  : Binding column: AnnotatedJoinColumn(column='post_id')
2025-03-26T15:29:07.747Z DEBUG 835411 --- [gdgoc] [           main] o.h.boot.model.internal.AnnotatedColumn  : Binding column: AnnotatedColumn()
2025-03-26T15:29:07.747Z DEBUG 835411 --- [gdgoc] [           main] o.h.boot.model.internal.PropertyBinder   : Building property post
2025-03-26T15:29:07.748Z DEBUG 835411 --- [gdgoc] [           main] o.h.boot.model.internal.AnnotatedColumn  : Binding column: AnnotatedColumn(column='option_text')
2025-03-26T15:29:07.748Z DEBUG 835411 --- [gdgoc] [           main] o.h.boot.model.internal.PropertyBinder   : MetadataSourceProcessor property text with lazy=false
2025-03-26T15:29:07.748Z DEBUG 835411 --- [gdgoc] [           main] o.h.b.m.internal.AbstractPropertyHolder  : Attempting to locate auto-apply AttributeConverter for property [com.gomin_jungdok.gdgoc.vote_option.VoteOption:text]
2025-03-26T15:29:07.748Z DEBUG 835411 --- [gdgoc] [           main] o.h.b.model.internal.BasicValueBinder    : building BasicValue for text
2025-03-26T15:29:07.748Z DEBUG 835411 --- [gdgoc] [           main] org.hibernate.mapping.BasicValue         : Skipping column re-registration: vote_option.option_text
2025-03-26T15:29:07.749Z DEBUG 835411 --- [gdgoc] [           main] o.h.boot.model.internal.PropertyBinder   : Building property text
2025-03-26T15:29:07.752Z DEBUG 835411 --- [gdgoc] [           main] o.h.b.r.c.i.ClassLoaderServiceImpl       : HHH000194: Package not found or no package-info.java: com.gomin_jungdok.gdgoc.vote_option
2025-03-26T15:29:07.757Z DEBUG 835411 --- [gdgoc] [           main] o.h.b.model.internal.BasicValueBinder    : Starting `BasicValueBinder#fillSimpleValue` for id
2025-03-26T15:29:07.757Z DEBUG 835411 --- [gdgoc] [           main] o.h.b.model.internal.BasicValueBinder    : Starting `BasicValueBinder#fillSimpleValue` for createdAt
2025-03-26T15:29:07.759Z DEBUG 835411 --- [gdgoc] [           main] o.h.b.model.internal.BasicValueBinder    : Starting `BasicValueBinder#fillSimpleValue` for description
2025-03-26T15:29:07.760Z DEBUG 835411 --- [gdgoc] [           main] o.h.b.model.internal.BasicValueBinder    : Starting `BasicValueBinder#fillSimpleValue` for hierarchy
2025-03-26T15:29:07.761Z DEBUG 835411 --- [gdgoc] [           main] o.h.b.model.internal.BasicValueBinder    : Starting `BasicValueBinder#fillSimpleValue` for id
2025-03-26T15:29:07.761Z DEBUG 835411 --- [gdgoc] [           main] o.h.b.model.internal.BasicValueBinder    : Starting `BasicValueBinder#fillSimpleValue` for bestPost
2025-03-26T15:29:07.761Z DEBUG 835411 --- [gdgoc] [           main] o.h.b.model.internal.BasicValueBinder    : Starting `BasicValueBinder#fillSimpleValue` for createdAt
2025-03-26T15:29:07.762Z DEBUG 835411 --- [gdgoc] [           main] o.h.b.model.internal.BasicValueBinder    : Starting `BasicValueBinder#fillSimpleValue` for description
2025-03-26T15:29:07.762Z DEBUG 835411 --- [gdgoc] [           main] o.h.b.model.internal.BasicValueBinder    : Starting `BasicValueBinder#fillSimpleValue` for isAI
2025-03-26T15:29:07.762Z DEBUG 835411 --- [gdgoc] [           main] o.h.b.model.internal.BasicValueBinder    : Starting `BasicValueBinder#fillSimpleValue` for title
2025-03-26T15:29:07.762Z DEBUG 835411 --- [gdgoc] [           main] o.h.b.model.internal.BasicValueBinder    : Starting `BasicValueBinder#fillSimpleValue` for todayPost
2025-03-26T15:29:07.762Z DEBUG 835411 --- [gdgoc] [           main] o.h.b.model.internal.BasicValueBinder    : Starting `BasicValueBinder#fillSimpleValue` for userId
2025-03-26T15:29:07.762Z DEBUG 835411 --- [gdgoc] [           main] o.h.b.model.internal.BasicValueBinder    : Starting `BasicValueBinder#fillSimpleValue` for id
2025-03-26T15:29:07.763Z DEBUG 835411 --- [gdgoc] [           main] o.h.b.model.internal.BasicValueBinder    : Starting `BasicValueBinder#fillSimpleValue` for imageUrl
2025-03-26T15:29:07.763Z DEBUG 835411 --- [gdgoc] [           main] o.h.b.model.internal.BasicValueBinder    : Starting `BasicValueBinder#fillSimpleValue` for orderSequence
2025-03-26T15:29:07.763Z DEBUG 835411 --- [gdgoc] [           main] o.h.b.model.internal.BasicValueBinder    : Starting `BasicValueBinder#fillSimpleValue` for id
2025-03-26T15:29:07.763Z DEBUG 835411 --- [gdgoc] [           main] o.h.b.model.internal.BasicValueBinder    : Starting `BasicValueBinder#fillSimpleValue` for createdAt
2025-03-26T15:29:07.764Z DEBUG 835411 --- [gdgoc] [           main] o.h.b.model.internal.BasicValueBinder    : Starting `BasicValueBinder#fillSimpleValue` for email
2025-03-26T15:29:07.764Z DEBUG 835411 --- [gdgoc] [           main] o.h.b.model.internal.BasicValueBinder    : Starting `BasicValueBinder#fillSimpleValue` for nickname
2025-03-26T15:29:07.764Z DEBUG 835411 --- [gdgoc] [           main] o.h.b.model.internal.BasicValueBinder    : Starting `BasicValueBinder#fillSimpleValue` for password
2025-03-26T15:29:07.765Z DEBUG 835411 --- [gdgoc] [           main] o.h.b.model.internal.BasicValueBinder    : Starting `BasicValueBinder#fillSimpleValue` for profileImage
2025-03-26T15:29:07.765Z DEBUG 835411 --- [gdgoc] [           main] o.h.b.model.internal.BasicValueBinder    : Starting `BasicValueBinder#fillSimpleValue` for socialId
2025-03-26T15:29:07.765Z DEBUG 835411 --- [gdgoc] [           main] o.h.b.model.internal.BasicValueBinder    : Starting `BasicValueBinder#fillSimpleValue` for socialType
2025-03-26T15:29:07.765Z DEBUG 835411 --- [gdgoc] [           main] o.h.b.model.internal.BasicValueBinder    : Starting `BasicValueBinder#fillSimpleValue` for uid
2025-03-26T15:29:07.765Z DEBUG 835411 --- [gdgoc] [           main] o.h.b.model.internal.BasicValueBinder    : Starting `BasicValueBinder#fillSimpleValue` for userId
2025-03-26T15:29:07.766Z DEBUG 835411 --- [gdgoc] [           main] o.h.b.model.internal.BasicValueBinder    : Starting `BasicValueBinder#fillSimpleValue` for id
2025-03-26T15:29:07.766Z DEBUG 835411 --- [gdgoc] [           main] o.h.b.model.internal.BasicValueBinder    : Starting `BasicValueBinder#fillSimpleValue` for createdAt
2025-03-26T15:29:07.766Z DEBUG 835411 --- [gdgoc] [           main] o.h.b.model.internal.BasicValueBinder    : Starting `BasicValueBinder#fillSimpleValue` for id
2025-03-26T15:29:07.766Z DEBUG 835411 --- [gdgoc] [           main] o.h.b.model.internal.BasicValueBinder    : Starting `BasicValueBinder#fillSimpleValue` for order
2025-03-26T15:29:07.766Z DEBUG 835411 --- [gdgoc] [           main] o.h.b.model.internal.BasicValueBinder    : Starting `BasicValueBinder#fillSimpleValue` for text
2025-03-26T15:29:07.779Z DEBUG 835411 --- [gdgoc] [           main] org.hibernate.mapping.PrimaryKey         : Forcing column [comment_id] to be non-null as it is part of the primary key for table [comment]
2025-03-26T15:29:07.780Z DEBUG 835411 --- [gdgoc] [           main] org.hibernate.mapping.PrimaryKey         : Forcing column [post_id] to be non-null as it is part of the primary key for table [post]
2025-03-26T15:29:07.781Z DEBUG 835411 --- [gdgoc] [           main] org.hibernate.mapping.PrimaryKey         : Forcing column [post_image_id] to be non-null as it is part of the primary key for table [post_image]
2025-03-26T15:29:07.781Z DEBUG 835411 --- [gdgoc] [           main] org.hibernate.mapping.PrimaryKey         : Forcing column [user_id] to be non-null as it is part of the primary key for table [user]
2025-03-26T15:29:07.781Z DEBUG 835411 --- [gdgoc] [           main] org.hibernate.mapping.PrimaryKey         : Forcing column [vote_id] to be non-null as it is part of the primary key for table [vote]
2025-03-26T15:29:07.782Z DEBUG 835411 --- [gdgoc] [           main] org.hibernate.mapping.PrimaryKey         : Forcing column [option_id] to be non-null as it is part of the primary key for table [vote_option]
2025-03-26T15:29:07.949Z DEBUG 835411 --- [gdgoc] [           main] o.hibernate.internal.SessionFactoryImpl  : Building session factory
2025-03-26T15:29:08.044Z DEBUG 835411 --- [gdgoc] [           main] .h.s.i.SessionFactoryServiceRegistryImpl : EventListenerRegistry access via ServiceRegistry is deprecated.  Use `sessionFactory.getEventEngine().getListenerRegistry()` instead
2025-03-26T15:29:08.047Z DEBUG 835411 --- [gdgoc] [           main] o.hibernate.internal.SessionFactoryImpl  : Instantiating SessionFactory with settings: {java.specification.version=17, hibernate.resource.beans.container=org.springframework.orm.hibernate5.SpringBeanContainer@4bdef487, hibernate.connection.handling_mode=DELAYED_ACQUISITION_AND_HOLD, sun.jnu.encoding=UTF-8, hibernate.dialect=org.hibernate.dialect.MySQL8Dialect, hibernate.implicit_naming_strategy=org.springframework.boot.orm.jpa.hibernate.SpringImplicitNamingStrategy, java.class.path=build/libs/gdgoc-0.0.1-SNAPSHOT.jar, java.vm.vendor=Ubuntu, sun.arch.data.model=64, java.vendor.url=https://ubuntu.com/, catalina.useNaming=false, user.timezone=Etc/UTC, jakarta.persistence.sharedCache.mode=UNSPECIFIED, org.jboss.logging.provider=slf4j, java.vm.specification.version=17, os.name=Linux, APPLICATION_NAME=gdgoc, jakarta.persistence.nonJtaDataSource=HikariDataSource (HikariPool-1), sun.java.launcher=SUN_STANDARD, sun.boot.library.path=/usr/lib/jvm/java-17-openjdk-amd64/lib, sun.java.command=build/libs/gdgoc-0.0.1-SNAPSHOT.jar --server.port=8081, javax.persistence.nonJtaDataSource=HikariDataSource (HikariPool-1), hibernate.transaction.jta.platform=org.hibernate.engine.transaction.jta.platform.internal.NoJtaPlatform@5ea9373e, jdk.debug=release, sun.cpu.endian=little, hibernate.cdi.extensions=true, user.home=/home/jjwon0407, user.language=en, java.specification.vendor=Oracle Corporation, java.version.date=2025-01-21, java.home=/usr/lib/jvm/java-17-openjdk-amd64, file.separator=/, java.vm.compressedOopsMode=32-bit, line.separator=
, hibernate.persistenceUnitName=default, java.specification.name=Java Platform API Specification, java.vm.specification.vendor=Oracle Corporation, FILE_LOG_CHARSET=UTF-8, hibernate.transaction.coordinator_class=class org.hibernate.resource.transaction.backend.jdbc.internal.JdbcResourceLocalTransactionCoordinatorBuilderImpl, java.awt.headless=true, jakarta.persistence.validation.mode=AUTO, hibernate.hbm2ddl.auto=update, java.protocol.handler.pkgs=org.springframework.boot.loader.net.protocol, sun.management.compiler=HotSpot 64-Bit Tiered Compilers, java.runtime.version=17.0.14+7-Ubuntu-120.04, user.name=jjwon0407, path.separator=:, os.version=5.15.0-1075-gcp, java.runtime.name=OpenJDK Runtime Environment, file.encoding=UTF-8, java.vm.name=OpenJDK 64-Bit Server VM, hibernate.show_sql=true, java.vendor.url.bug=https://bugs.launchpad.net/ubuntu/+source/openjdk-17, java.io.tmpdir=/tmp, catalina.home=/tmp/tomcat.8081.3920443455103589093, java.version=17.0.14, hibernate.physical_naming_strategy=org.hibernate.boot.model.naming.CamelCaseToUnderscoresNamingStrategy, user.dir=/home/jjwon0407/gomin_jungdok_test_server/backend, os.arch=amd64, java.vm.specification.name=Java Virtual Machine Specification, PID=835411, CONSOLE_LOG_CHARSET=UTF-8, catalina.base=/tmp/tomcat.8081.3920443455103589093, hibernate.boot.CfgXmlAccessService.key=org.hibernate.boot.registry.StandardServiceRegistryBuilder$1@3e595da3, native.encoding=UTF-8, java.library.path=/usr/java/packages/lib:/usr/lib/x86_64-linux-gnu/jni:/lib/x86_64-linux-gnu:/usr/lib/x86_64-linux-gnu:/usr/lib/jni:/lib:/usr/lib, java.vendor=Ubuntu, java.vm.info=mixed mode, sharing, java.vm.version=17.0.14+7-Ubuntu-120.04, java.specification.maintenance.version=1, sun.io.unicode.encoding=UnicodeLittle, hibernate.archive.scanner=org.hibernate.boot.archive.scan.internal.DisabledScanner, hibernate.connection.datasource=HikariDataSource (HikariPool-1), java.class.version=61.0, LOGGED_APPLICATION_NAME=[gdgoc] }
2025-03-26T15:29:08.053Z DEBUG 835411 --- [gdgoc] [           main] o.hibernate.internal.SessionFactoryImpl  : Session factory constructed with filter configurations : {}
2025-03-26T15:29:08.065Z DEBUG 835411 --- [gdgoc] [           main] o.h.v.i.xml.config.ValidationXmlParser   : Trying to load META-INF/validation.xml for XML based Validator configuration.
2025-03-26T15:29:08.066Z DEBUG 835411 --- [gdgoc] [           main] o.h.v.i.xml.config.ResourceLoaderHelper  : Trying to load META-INF/validation.xml via TCCL
2025-03-26T15:29:08.068Z DEBUG 835411 --- [gdgoc] [           main] o.h.v.i.xml.config.ResourceLoaderHelper  : Trying to load META-INF/validation.xml via Hibernate Validator's class loader
2025-03-26T15:29:08.069Z DEBUG 835411 --- [gdgoc] [           main] o.h.v.i.xml.config.ValidationXmlParser   : No META-INF/validation.xml found. Using annotation based configuration only.
2025-03-26T15:29:08.069Z DEBUG 835411 --- [gdgoc] [           main] o.h.v.i.e.resolver.TraversableResolvers  : Found jakarta.persistence.Persistence on classpath containing 'getPersistenceUtil'. Assuming JPA 2 environment. Trying to instantiate JPA aware TraversableResolver
2025-03-26T15:29:08.069Z DEBUG 835411 --- [gdgoc] [           main] o.h.v.i.e.resolver.TraversableResolvers  : Instantiated JPA aware TraversableResolver of type org.hibernate.validator.internal.engine.resolver.JPATraversableResolver.
2025-03-26T15:29:08.073Z DEBUG 835411 --- [gdgoc] [           main] .h.v.m.ResourceBundleMessageInterpolator : Loaded expression factory via original TCCL
2025-03-26T15:29:08.080Z DEBUG 835411 --- [gdgoc] [           main] .i.e.ValidatorFactoryConfigurationHelper : HV000252: Using org.hibernate.validator.internal.engine.DefaultPropertyNodeNameProvider as property node name provider.
2025-03-26T15:29:08.083Z DEBUG 835411 --- [gdgoc] [           main] .i.e.ValidatorFactoryConfigurationHelper : HV000234: Using org.hibernate.validator.messageinterpolation.ResourceBundleMessageInterpolator as ValidatorFactory-scoped message interpolator.
2025-03-26T15:29:08.083Z DEBUG 835411 --- [gdgoc] [           main] .i.e.ValidatorFactoryConfigurationHelper : HV000234: Using org.hibernate.validator.internal.engine.resolver.JPATraversableResolver as ValidatorFactory-scoped traversable resolver.
2025-03-26T15:29:08.083Z DEBUG 835411 --- [gdgoc] [           main] .i.e.ValidatorFactoryConfigurationHelper : HV000234: Using org.hibernate.validator.internal.util.ExecutableParameterNameProvider as ValidatorFactory-scoped parameter name provider.
2025-03-26T15:29:08.084Z DEBUG 835411 --- [gdgoc] [           main] .i.e.ValidatorFactoryConfigurationHelper : HV000234: Using org.hibernate.validator.internal.engine.DefaultClockProvider as ValidatorFactory-scoped clock provider.
2025-03-26T15:29:08.084Z DEBUG 835411 --- [gdgoc] [           main] .i.e.ValidatorFactoryConfigurationHelper : HV000234: Using org.hibernate.validator.internal.engine.scripting.DefaultScriptEvaluatorFactory as ValidatorFactory-scoped script evaluator factory.
2025-03-26T15:29:08.086Z DEBUG 835411 --- [gdgoc] [           main] o.h.boot.internal.ClassLoaderAccessImpl  : Not known whether passed class name [com.gomin_jungdok.gdgoc.vote.Vote] is safe
2025-03-26T15:29:08.086Z DEBUG 835411 --- [gdgoc] [           main] o.h.boot.internal.ClassLoaderAccessImpl  : No temp ClassLoader provided; using live ClassLoader for loading potentially unsafe class : com.gomin_jungdok.gdgoc.vote.Vote
2025-03-26T15:29:08.145Z DEBUG 835411 --- [gdgoc] [           main] o.h.boot.internal.ClassLoaderAccessImpl  : Not known whether passed class name [com.gomin_jungdok.gdgoc.user.User] is safe
2025-03-26T15:29:08.145Z DEBUG 835411 --- [gdgoc] [           main] o.h.boot.internal.ClassLoaderAccessImpl  : No temp ClassLoader provided; using live ClassLoader for loading potentially unsafe class : com.gomin_jungdok.gdgoc.user.User
2025-03-26T15:29:08.213Z DEBUG 835411 --- [gdgoc] [           main] o.h.boot.internal.ClassLoaderAccessImpl  : Not known whether passed class name [com.gomin_jungdok.gdgoc.post.post_image.PostImage] is safe
2025-03-26T15:29:08.214Z DEBUG 835411 --- [gdgoc] [           main] o.h.boot.internal.ClassLoaderAccessImpl  : No temp ClassLoader provided; using live ClassLoader for loading potentially unsafe class : com.gomin_jungdok.gdgoc.post.post_image.PostImage
2025-03-26T15:29:08.226Z DEBUG 835411 --- [gdgoc] [           main] o.h.boot.internal.ClassLoaderAccessImpl  : Not known whether passed class name [com.gomin_jungdok.gdgoc.vote_option.VoteOption] is safe
2025-03-26T15:29:08.227Z DEBUG 835411 --- [gdgoc] [           main] o.h.boot.internal.ClassLoaderAccessImpl  : No temp ClassLoader provided; using live ClassLoader for loading potentially unsafe class : com.gomin_jungdok.gdgoc.vote_option.VoteOption
2025-03-26T15:29:08.233Z DEBUG 835411 --- [gdgoc] [           main] o.h.boot.internal.ClassLoaderAccessImpl  : Not known whether passed class name [com.gomin_jungdok.gdgoc.comment.Comment] is safe
2025-03-26T15:29:08.235Z DEBUG 835411 --- [gdgoc] [           main] o.h.boot.internal.ClassLoaderAccessImpl  : No temp ClassLoader provided; using live ClassLoader for loading potentially unsafe class : com.gomin_jungdok.gdgoc.comment.Comment
2025-03-26T15:29:08.239Z DEBUG 835411 --- [gdgoc] [           main] o.h.boot.internal.ClassLoaderAccessImpl  : Not known whether passed class name [com.gomin_jungdok.gdgoc.post.Post] is safe
2025-03-26T15:29:08.243Z DEBUG 835411 --- [gdgoc] [           main] o.h.boot.internal.ClassLoaderAccessImpl  : No temp ClassLoader provided; using live ClassLoader for loading potentially unsafe class : com.gomin_jungdok.gdgoc.post.Post
2025-03-26T15:29:08.251Z DEBUG 835411 --- [gdgoc] [           main] .h.s.i.SessionFactoryServiceRegistryImpl : EventListenerRegistry access via ServiceRegistry is deprecated.  Use `sessionFactory.getEventEngine().getListenerRegistry()` instead
2025-03-26T15:29:08.337Z DEBUG 835411 --- [gdgoc] [           main] o.h.q.sqm.function.SqmFunctionRegistry   : Registered SqmFunctionTemplate [NamedSqmFunctionTemplate(max)] under max; prior registration was null
2025-03-26T15:29:08.338Z DEBUG 835411 --- [gdgoc] [           main] o.h.q.sqm.function.SqmFunctionRegistry   : Registered SqmFunctionTemplate [NamedSqmFunctionTemplate(min)] under min; prior registration was null
2025-03-26T15:29:08.339Z DEBUG 835411 --- [gdgoc] [           main] o.h.q.sqm.function.SqmFunctionRegistry   : Registered SqmFunctionTemplate [NamedSqmFunctionTemplate(sum)] under sum; prior registration was null
2025-03-26T15:29:08.340Z DEBUG 835411 --- [gdgoc] [           main] o.h.q.sqm.function.SqmFunctionRegistry   : Registered SqmFunctionTemplate [NamedSqmFunctionTemplate(avg)] under avg; prior registration was null
2025-03-26T15:29:08.342Z DEBUG 835411 --- [gdgoc] [           main] o.h.q.sqm.function.SqmFunctionRegistry   : Registered SqmFunctionTemplate [org.hibernate.dialect.function.CountFunction@3cc2e3e] under count; prior registration was null
2025-03-26T15:29:08.344Z DEBUG 835411 --- [gdgoc] [           main] o.h.q.sqm.function.SqmFunctionRegistry   : Registered SqmFunctionTemplate [org.hibernate.dialect.function.EveryAnyEmulation@27055a2a] under every; prior registration was null
2025-03-26T15:29:08.344Z DEBUG 835411 --- [gdgoc] [           main] o.h.q.sqm.function.SqmFunctionRegistry   : Registered SqmFunctionTemplate [org.hibernate.dialect.function.EveryAnyEmulation@33e4068] under any; prior registration was null
2025-03-26T15:29:08.345Z DEBUG 835411 --- [gdgoc] [           main] o.h.q.sqm.function.SqmFunctionRegistry   : Registered SqmFunctionTemplate [NamedSqmFunctionTemplate(floor)] under floor; prior registration was null
2025-03-26T15:29:08.345Z DEBUG 835411 --- [gdgoc] [           main] o.h.q.sqm.function.SqmFunctionRegistry   : Registered SqmFunctionTemplate [NamedSqmFunctionTemplate(ceiling)] under ceiling; prior registration was null
2025-03-26T15:29:08.345Z DEBUG 835411 --- [gdgoc] [           main] o.h.q.sqm.function.SqmFunctionRegistry   : Registered SqmFunctionTemplate [NamedSqmFunctionTemplate(mod)] under mod; prior registration was null
2025-03-26T15:29:08.346Z DEBUG 835411 --- [gdgoc] [           main] o.h.q.sqm.function.SqmFunctionRegistry   : Registered SqmFunctionTemplate [NamedSqmFunctionTemplate(abs)] under abs; prior registration was null
2025-03-26T15:29:08.346Z DEBUG 835411 --- [gdgoc] [           main] o.h.q.sqm.function.SqmFunctionRegistry   : Registered SqmFunctionTemplate [NamedSqmFunctionTemplate(sign)] under sign; prior registration was null
2025-03-26T15:29:08.346Z DEBUG 835411 --- [gdgoc] [           main] o.h.q.sqm.function.SqmFunctionRegistry   : Registered SqmFunctionTemplate [NamedSqmFunctionTemplate(sqrt)] under sqrt; prior registration was null
2025-03-26T15:29:08.346Z DEBUG 835411 --- [gdgoc] [           main] o.h.q.sqm.function.SqmFunctionRegistry   : Registered SqmFunctionTemplate [NamedSqmFunctionTemplate(ln)] under ln; prior registration was null
2025-03-26T15:29:08.346Z DEBUG 835411 --- [gdgoc] [           main] o.h.q.sqm.function.SqmFunctionRegistry   : Registered SqmFunctionTemplate [NamedSqmFunctionTemplate(exp)] under exp; prior registration was null
2025-03-26T15:29:08.346Z DEBUG 835411 --- [gdgoc] [           main] o.h.q.sqm.function.SqmFunctionRegistry   : Registered SqmFunctionTemplate [NamedSqmFunctionTemplate(power)] under power; prior registration was null
2025-03-26T15:29:08.347Z DEBUG 835411 --- [gdgoc] [           main] o.h.q.sqm.function.SqmFunctionRegistry   : Registered SqmFunctionTemplate [NamedSqmFunctionTemplate(round)] under round; prior registration was null
2025-03-26T15:29:08.347Z DEBUG 835411 --- [gdgoc] [           main] o.h.q.sqm.function.SqmFunctionRegistry   : Registered SqmFunctionTemplate [NamedSqmFunctionTemplate(sin)] under sin; prior registration was null
2025-03-26T15:29:08.347Z DEBUG 835411 --- [gdgoc] [           main] o.h.q.sqm.function.SqmFunctionRegistry   : Registered SqmFunctionTemplate [NamedSqmFunctionTemplate(cos)] under cos; prior registration was null
2025-03-26T15:29:08.347Z DEBUG 835411 --- [gdgoc] [           main] o.h.q.sqm.function.SqmFunctionRegistry   : Registered SqmFunctionTemplate [NamedSqmFunctionTemplate(tan)] under tan; prior registration was null
2025-03-26T15:29:08.347Z DEBUG 835411 --- [gdgoc] [           main] o.h.q.sqm.function.SqmFunctionRegistry   : Registered SqmFunctionTemplate [NamedSqmFunctionTemplate(asin)] under asin; prior registration was null
2025-03-26T15:29:08.348Z DEBUG 835411 --- [gdgoc] [           main] o.h.q.sqm.function.SqmFunctionRegistry   : Registered SqmFunctionTemplate [NamedSqmFunctionTemplate(acos)] under acos; prior registration was null
2025-03-26T15:29:08.349Z DEBUG 835411 --- [gdgoc] [           main] o.h.q.sqm.function.SqmFunctionRegistry   : Registered SqmFunctionTemplate [NamedSqmFunctionTemplate(atan)] under atan; prior registration was null
2025-03-26T15:29:08.349Z DEBUG 835411 --- [gdgoc] [           main] o.h.q.sqm.function.SqmFunctionRegistry   : Registered SqmFunctionTemplate [NamedSqmFunctionTemplate(atan2)] under atan2; prior registration was null
2025-03-26T15:29:08.353Z DEBUG 835411 --- [gdgoc] [           main] o.h.q.sqm.function.SqmFunctionRegistry   : Registered SqmFunctionTemplate [org.hibernate.query.sqm.function.PatternBasedSqmFunctionDescriptor@5614ae05] under sinh; prior registration was null
2025-03-26T15:29:08.353Z DEBUG 835411 --- [gdgoc] [           main] o.h.q.sqm.function.SqmFunctionRegistry   : Registered SqmFunctionTemplate [org.hibernate.query.sqm.function.PatternBasedSqmFunctionDescriptor@54970127] under cosh; prior registration was null
2025-03-26T15:29:08.353Z DEBUG 835411 --- [gdgoc] [           main] o.h.q.sqm.function.SqmFunctionRegistry   : Registered SqmFunctionTemplate [org.hibernate.query.sqm.function.PatternBasedSqmFunctionDescriptor@3c4c7e51] under tanh; prior registration was null
2025-03-26T15:29:08.353Z DEBUG 835411 --- [gdgoc] [           main] o.h.q.sqm.function.SqmFunctionRegistry   : Registered SqmFunctionTemplate [org.hibernate.query.sqm.function.PatternBasedSqmFunctionDescriptor@749ee0e3] under pi; prior registration was null
2025-03-26T15:29:08.353Z DEBUG 835411 --- [gdgoc] [           main] o.h.q.sqm.function.SqmFunctionRegistry   : Registered SqmFunctionTemplate [org.hibernate.query.sqm.function.PatternBasedSqmFunctionDescriptor@7891cf3] under log; prior registration was null
2025-03-26T15:29:08.354Z DEBUG 835411 --- [gdgoc] [           main] o.h.q.sqm.function.SqmFunctionRegistry   : Registered SqmFunctionTemplate [NamedSqmFunctionTemplate(coalesce)] under coalesce; prior registration was null
2025-03-26T15:29:08.354Z DEBUG 835411 --- [gdgoc] [           main] o.h.q.sqm.function.SqmFunctionRegistry   : Registered SqmFunctionTemplate [NamedSqmFunctionTemplate(nullif)] under nullif; prior registration was null
2025-03-26T15:29:08.354Z DEBUG 835411 --- [gdgoc] [           main] o.h.q.sqm.function.SqmFunctionRegistry   : Registered SqmFunctionTemplate [NamedSqmFunctionTemplate(left)] under left; prior registration was null
2025-03-26T15:29:08.354Z DEBUG 835411 --- [gdgoc] [           main] o.h.q.sqm.function.SqmFunctionRegistry   : Registered SqmFunctionTemplate [NamedSqmFunctionTemplate(right)] under right; prior registration was null
2025-03-26T15:29:08.355Z DEBUG 835411 --- [gdgoc] [           main] o.h.q.sqm.function.SqmFunctionRegistry   : Registered SqmFunctionTemplate [NamedSqmFunctionTemplate(replace)] under replace; prior registration was null
2025-03-26T15:29:08.355Z DEBUG 835411 --- [gdgoc] [           main] o.h.q.sqm.function.SqmFunctionRegistry   : Registered SqmFunctionTemplate [NamedSqmFunctionTemplate(concat)] under concat; prior registration was null
2025-03-26T15:29:08.355Z DEBUG 835411 --- [gdgoc] [           main] o.h.q.sqm.function.SqmFunctionRegistry   : Registered SqmFunctionTemplate [NamedSqmFunctionTemplate(lower)] under lower; prior registration was null
2025-03-26T15:29:08.355Z DEBUG 835411 --- [gdgoc] [           main] o.h.q.sqm.function.SqmFunctionRegistry   : Registered SqmFunctionTemplate [NamedSqmFunctionTemplate(upper)] under upper; prior registration was null
2025-03-26T15:29:08.356Z DEBUG 835411 --- [gdgoc] [           main] o.h.q.sqm.function.SqmFunctionRegistry   : Registered SqmFunctionTemplate [NamedSqmFunctionTemplate(substring)] under substring; prior registration was null
2025-03-26T15:29:08.357Z DEBUG 835411 --- [gdgoc] [           main] o.h.q.sqm.function.SqmFunctionRegistry   : Registered SqmFunctionTemplate [NamedSqmFunctionTemplate(locate)] under locate; prior registration was null
2025-03-26T15:29:08.357Z DEBUG 835411 --- [gdgoc] [           main] o.h.q.sqm.function.SqmFunctionRegistry   : Registered SqmFunctionTemplate [NamedSqmFunctionTemplate(character_length)] under character_length; prior registration was null
2025-03-26T15:29:08.357Z DEBUG 835411 --- [gdgoc] [           main] o.h.q.sqm.function.SqmFunctionRegistry   : Registering alternate key : length -> character_length
2025-03-26T15:29:08.358Z DEBUG 835411 --- [gdgoc] [           main] o.h.q.sqm.function.SqmFunctionRegistry   : Registered SqmFunctionTemplate [org.hibernate.dialect.function.LocatePositionEmulation@77f529a6] under position; prior registration was null
2025-03-26T15:29:08.361Z DEBUG 835411 --- [gdgoc] [           main] o.h.q.sqm.function.SqmFunctionRegistry   : Registered SqmFunctionTemplate [org.hibernate.dialect.function.InsertSubstringOverlayEmulation@2ccecae2] under overlay; prior registration was null
2025-03-26T15:29:08.362Z DEBUG 835411 --- [gdgoc] [           main] o.h.q.sqm.function.SqmFunctionRegistry   : Registered SqmFunctionTemplate [org.hibernate.dialect.function.TrimFunction@5cc075da] under trim; prior registration was null
2025-03-26T15:29:08.363Z DEBUG 835411 --- [gdgoc] [           main] o.h.q.sqm.function.SqmFunctionRegistry   : Registered SqmFunctionTemplate [org.hibernate.dialect.function.CastFunction@7be859de] under cast; prior registration was null
2025-03-26T15:29:08.364Z DEBUG 835411 --- [gdgoc] [           main] o.h.q.sqm.function.SqmFunctionRegistry   : Registered SqmFunctionTemplate [org.hibernate.query.sqm.function.PatternBasedSqmFunctionDescriptor@40fcaae7] under collate; prior registration was null
2025-03-26T15:29:08.365Z DEBUG 835411 --- [gdgoc] [           main] o.h.q.sqm.function.SqmFunctionRegistry   : Registered SqmFunctionTemplate [org.hibernate.dialect.function.ExtractFunction@10a064bd] under extract; prior registration was null
2025-03-26T15:29:08.366Z DEBUG 835411 --- [gdgoc] [           main] o.h.q.sqm.function.SqmFunctionRegistry   : Registered SqmFunctionTemplate [NamedSqmFunctionTemplate(least)] under least; prior registration was null
2025-03-26T15:29:08.366Z DEBUG 835411 --- [gdgoc] [           main] o.h.q.sqm.function.SqmFunctionRegistry   : Registered SqmFunctionTemplate [NamedSqmFunctionTemplate(greatest)] under greatest; prior registration was null
2025-03-26T15:29:08.366Z DEBUG 835411 --- [gdgoc] [           main] o.h.q.sqm.function.SqmFunctionRegistry   : Registered SqmFunctionTemplate [org.hibernate.dialect.function.CoalesceIfnullEmulation@7b5c9412] under ifnull; prior registration was null
2025-03-26T15:29:08.367Z DEBUG 835411 --- [gdgoc] [           main] o.h.q.sqm.function.SqmFunctionRegistry   : Registered SqmFunctionTemplate [NamedSqmFunctionTemplate(lpad)] under lpad; prior registration was null
2025-03-26T15:29:08.367Z DEBUG 835411 --- [gdgoc] [           main] o.h.q.sqm.function.SqmFunctionRegistry   : Registered SqmFunctionTemplate [NamedSqmFunctionTemplate(rpad)] under rpad; prior registration was null
2025-03-26T15:29:08.367Z DEBUG 835411 --- [gdgoc] [           main] o.h.q.sqm.function.SqmFunctionRegistry   : Registered SqmFunctionTemplate [org.hibernate.dialect.function.LpadRpadPadEmulation@23c00420] under pad; prior registration was null
2025-03-26T15:29:08.368Z DEBUG 835411 --- [gdgoc] [           main] o.h.q.sqm.function.SqmFunctionRegistry   : Registered SqmFunctionTemplate [org.hibernate.dialect.function.CastStrEmulation@21c5c68a] under str; prior registration was null
2025-03-26T15:29:08.372Z DEBUG 835411 --- [gdgoc] [           main] o.h.q.sqm.function.SqmFunctionRegistry   : Registered SqmFunctionTemplate [org.hibernate.dialect.function.FormatFunction@6ca367aa] under format; prior registration was null
2025-03-26T15:29:08.372Z DEBUG 835411 --- [gdgoc] [           main] o.h.q.sqm.function.SqmFunctionRegistry   : Registered SqmFunctionTemplate [org.hibernate.dialect.function.TimestampaddFunction@7097d921] under timestampadd; prior registration was null
2025-03-26T15:29:08.374Z DEBUG 835411 --- [gdgoc] [           main] o.h.q.sqm.function.SqmFunctionRegistry   : Registered SqmFunctionTemplate [org.hibernate.dialect.function.TimestampdiffFunction@15d0b458] under timestampdiff; prior registration was null
2025-03-26T15:29:08.374Z DEBUG 835411 --- [gdgoc] [           main] o.h.q.sqm.function.SqmFunctionRegistry   : Registering alternate key : dateadd -> timestampadd
2025-03-26T15:29:08.374Z DEBUG 835411 --- [gdgoc] [           main] o.h.q.sqm.function.SqmFunctionRegistry   : Registering alternate key : datediff -> timestampdiff
2025-03-26T15:29:08.375Z DEBUG 835411 --- [gdgoc] [           main] o.h.q.sqm.function.SqmFunctionRegistry   : Registered SqmFunctionTemplate [org.hibernate.dialect.function.CurrentFunction@18be3205] under current_date; prior registration was null
2025-03-26T15:29:08.375Z DEBUG 835411 --- [gdgoc] [           main] o.h.q.sqm.function.SqmFunctionRegistry   : Registered SqmFunctionTemplate [org.hibernate.dialect.function.CurrentFunction@6fd97fd1] under current_time; prior registration was null
2025-03-26T15:29:08.375Z DEBUG 835411 --- [gdgoc] [           main] o.h.q.sqm.function.SqmFunctionRegistry   : Registered SqmFunctionTemplate [org.hibernate.dialect.function.CurrentFunction@12c78f36] under current_timestamp; prior registration was null
2025-03-26T15:29:08.375Z DEBUG 835411 --- [gdgoc] [           main] o.h.q.sqm.function.SqmFunctionRegistry   : Registering alternate key : current date -> current_date
2025-03-26T15:29:08.375Z DEBUG 835411 --- [gdgoc] [           main] o.h.q.sqm.function.SqmFunctionRegistry   : Registering alternate key : current time -> current_time
2025-03-26T15:29:08.376Z DEBUG 835411 --- [gdgoc] [           main] o.h.q.sqm.function.SqmFunctionRegistry   : Registering alternate key : current timestamp -> current_timestamp
2025-03-26T15:29:08.376Z DEBUG 835411 --- [gdgoc] [           main] o.h.q.sqm.function.SqmFunctionRegistry   : Registered SqmFunctionTemplate [org.hibernate.dialect.function.CurrentFunction@7bdb4d69] under local_date; prior registration was null
2025-03-26T15:29:08.376Z DEBUG 835411 --- [gdgoc] [           main] o.h.q.sqm.function.SqmFunctionRegistry   : Registered SqmFunctionTemplate [org.hibernate.dialect.function.CurrentFunction@129c760d] under local_time; prior registration was null
2025-03-26T15:29:08.376Z DEBUG 835411 --- [gdgoc] [           main] o.h.q.sqm.function.SqmFunctionRegistry   : Registered SqmFunctionTemplate [org.hibernate.dialect.function.CurrentFunction@361fa478] under local_datetime; prior registration was null
2025-03-26T15:29:08.376Z DEBUG 835411 --- [gdgoc] [           main] o.h.q.sqm.function.SqmFunctionRegistry   : Registered SqmFunctionTemplate [org.hibernate.dialect.function.CurrentFunction@180f33b2] under offset_datetime; prior registration was null
2025-03-26T15:29:08.376Z DEBUG 835411 --- [gdgoc] [           main] o.h.q.sqm.function.SqmFunctionRegistry   : Registering alternate key : local date -> local_date
2025-03-26T15:29:08.376Z DEBUG 835411 --- [gdgoc] [           main] o.h.q.sqm.function.SqmFunctionRegistry   : Registering alternate key : local time -> local_time
2025-03-26T15:29:08.376Z DEBUG 835411 --- [gdgoc] [           main] o.h.q.sqm.function.SqmFunctionRegistry   : Registering alternate key : local datetime -> local_datetime
2025-03-26T15:29:08.377Z DEBUG 835411 --- [gdgoc] [           main] o.h.q.sqm.function.SqmFunctionRegistry   : Registering alternate key : offset datetime -> offset_datetime
2025-03-26T15:29:08.377Z DEBUG 835411 --- [gdgoc] [           main] o.h.q.sqm.function.SqmFunctionRegistry   : Registered SqmFunctionTemplate [org.hibernate.dialect.function.CurrentFunction@391e85df] under instant; prior registration was null
2025-03-26T15:29:08.377Z DEBUG 835411 --- [gdgoc] [           main] o.h.q.sqm.function.SqmFunctionRegistry   : Registering alternate key : current_instant -> instant
2025-03-26T15:29:08.377Z DEBUG 835411 --- [gdgoc] [           main] o.h.q.sqm.function.SqmFunctionRegistry   : Registered SqmFunctionTemplate [org.hibernate.dialect.function.SqlFunction@2f3a8166] under sql; prior registration was null
2025-03-26T15:29:08.378Z DEBUG 835411 --- [gdgoc] [           main] o.h.q.sqm.function.SqmFunctionRegistry   : Registered SqmFunctionTemplate [NamedSqmFunctionTemplate(soundex)] under soundex; prior registration was null
2025-03-26T15:29:08.378Z DEBUG 835411 --- [gdgoc] [           main] o.h.q.sqm.function.SqmFunctionRegistry   : Registered SqmFunctionTemplate [NamedSqmFunctionTemplate(radians)] under radians; prior registration was null
2025-03-26T15:29:08.378Z DEBUG 835411 --- [gdgoc] [           main] o.h.q.sqm.function.SqmFunctionRegistry   : Registered SqmFunctionTemplate [NamedSqmFunctionTemplate(degrees)] under degrees; prior registration was null
2025-03-26T15:29:08.378Z DEBUG 835411 --- [gdgoc] [           main] o.h.q.sqm.function.SqmFunctionRegistry   : Registered SqmFunctionTemplate [NamedSqmFunctionTemplate(cot)] under cot; prior registration was null
2025-03-26T15:29:08.378Z DEBUG 835411 --- [gdgoc] [           main] o.h.q.sqm.function.SqmFunctionRegistry   : Registered SqmFunctionTemplate [NamedSqmFunctionTemplate(log)] under log; prior registration was org.hibernate.query.sqm.function.PatternBasedSqmFunctionDescriptor@7891cf3
2025-03-26T15:29:08.378Z DEBUG 835411 --- [gdgoc] [           main] o.h.q.sqm.function.SqmFunctionRegistry   : Registered SqmFunctionTemplate [NamedSqmFunctionTemplate(log2)] under log2; prior registration was null
2025-03-26T15:29:08.379Z DEBUG 835411 --- [gdgoc] [           main] o.h.q.sqm.function.SqmFunctionRegistry   : Registered SqmFunctionTemplate [NamedSqmFunctionTemplate(log10)] under log10; prior registration was null
2025-03-26T15:29:08.379Z DEBUG 835411 --- [gdgoc] [           main] o.h.q.sqm.function.SqmFunctionRegistry   : Registered SqmFunctionTemplate [NamedSqmFunctionTemplate(ltrim)] under ltrim; prior registration was null
2025-03-26T15:29:08.379Z DEBUG 835411 --- [gdgoc] [           main] o.h.q.sqm.function.SqmFunctionRegistry   : Registered SqmFunctionTemplate [NamedSqmFunctionTemplate(rtrim)] under rtrim; prior registration was null
2025-03-26T15:29:08.379Z DEBUG 835411 --- [gdgoc] [           main] o.h.q.sqm.function.SqmFunctionRegistry   : Registered SqmFunctionTemplate [NamedSqmFunctionTemplate(octet_length)] under octet_length; prior registration was null
2025-03-26T15:29:08.379Z DEBUG 835411 --- [gdgoc] [           main] o.h.q.sqm.function.SqmFunctionRegistry   : Registered SqmFunctionTemplate [NamedSqmFunctionTemplate(reverse)] under reverse; prior registration was null
2025-03-26T15:29:08.379Z DEBUG 835411 --- [gdgoc] [           main] o.h.q.sqm.function.SqmFunctionRegistry   : Registered SqmFunctionTemplate [NamedSqmFunctionTemplate(space)] under space; prior registration was null
2025-03-26T15:29:08.379Z DEBUG 835411 --- [gdgoc] [           main] o.h.q.sqm.function.SqmFunctionRegistry   : Registered SqmFunctionTemplate [NamedSqmFunctionTemplate(repeat)] under repeat; prior registration was null
2025-03-26T15:29:08.380Z DEBUG 835411 --- [gdgoc] [           main] o.h.q.sqm.function.SqmFunctionRegistry   : Registered SqmFunctionTemplate [org.hibernate.query.sqm.function.MultipatternSqmFunctionDescriptor@79e16dd9] under lpad; prior registration was NamedSqmFunctionTemplate(lpad)
2025-03-26T15:29:08.381Z DEBUG 835411 --- [gdgoc] [           main] o.h.q.sqm.function.SqmFunctionRegistry   : Registered SqmFunctionTemplate [org.hibernate.query.sqm.function.MultipatternSqmFunctionDescriptor@5fa9247b] under rpad; prior registration was NamedSqmFunctionTemplate(rpad)
2025-03-26T15:29:08.381Z DEBUG 835411 --- [gdgoc] [           main] o.h.q.sqm.function.SqmFunctionRegistry   : Registered SqmFunctionTemplate [NamedSqmFunctionTemplate(md5)] under md5; prior registration was null
2025-03-26T15:29:08.382Z DEBUG 835411 --- [gdgoc] [           main] o.h.q.sqm.function.SqmFunctionRegistry   : Registered SqmFunctionTemplate [NamedSqmFunctionTemplate(day)] under day; prior registration was null
2025-03-26T15:29:08.382Z DEBUG 835411 --- [gdgoc] [           main] o.h.q.sqm.function.SqmFunctionRegistry   : Registered SqmFunctionTemplate [NamedSqmFunctionTemplate(month)] under month; prior registration was null
2025-03-26T15:29:08.382Z DEBUG 835411 --- [gdgoc] [           main] o.h.q.sqm.function.SqmFunctionRegistry   : Registered SqmFunctionTemplate [NamedSqmFunctionTemplate(year)] under year; prior registration was null
2025-03-26T15:29:08.382Z DEBUG 835411 --- [gdgoc] [           main] o.h.q.sqm.function.SqmFunctionRegistry   : Registered SqmFunctionTemplate [NamedSqmFunctionTemplate(hour)] under hour; prior registration was null
2025-03-26T15:29:08.382Z DEBUG 835411 --- [gdgoc] [           main] o.h.q.sqm.function.SqmFunctionRegistry   : Registered SqmFunctionTemplate [NamedSqmFunctionTemplate(minute)] under minute; prior registration was null
2025-03-26T15:29:08.383Z DEBUG 835411 --- [gdgoc] [           main] o.h.q.sqm.function.SqmFunctionRegistry   : Registered SqmFunctionTemplate [NamedSqmFunctionTemplate(second)] under second; prior registration was null
2025-03-26T15:29:08.383Z DEBUG 835411 --- [gdgoc] [           main] o.h.q.sqm.function.SqmFunctionRegistry   : Registered SqmFunctionTemplate [NamedSqmFunctionTemplate(microsecond)] under microsecond; prior registration was null
2025-03-26T15:29:08.383Z DEBUG 835411 --- [gdgoc] [           main] o.h.q.sqm.function.SqmFunctionRegistry   : Registered SqmFunctionTemplate [NamedSqmFunctionTemplate(dayofweek)] under dayofweek; prior registration was null
2025-03-26T15:29:08.383Z DEBUG 835411 --- [gdgoc] [           main] o.h.q.sqm.function.SqmFunctionRegistry   : Registered SqmFunctionTemplate [NamedSqmFunctionTemplate(dayofmonth)] under dayofmonth; prior registration was null
2025-03-26T15:29:08.384Z DEBUG 835411 --- [gdgoc] [           main] o.h.q.sqm.function.SqmFunctionRegistry   : Registering alternate key : day -> dayofmonth
2025-03-26T15:29:08.384Z DEBUG 835411 --- [gdgoc] [           main] o.h.q.sqm.function.SqmFunctionRegistry   : Registered SqmFunctionTemplate [NamedSqmFunctionTemplate(dayofyear)] under dayofyear; prior registration was null
2025-03-26T15:29:08.384Z DEBUG 835411 --- [gdgoc] [           main] o.h.q.sqm.function.SqmFunctionRegistry   : Registered SqmFunctionTemplate [NamedSqmFunctionTemplate(week)] under week; prior registration was null
2025-03-26T15:29:08.384Z DEBUG 835411 --- [gdgoc] [           main] o.h.q.sqm.function.SqmFunctionRegistry   : Registered SqmFunctionTemplate [NamedSqmFunctionTemplate(quarter)] under quarter; prior registration was null
2025-03-26T15:29:08.386Z DEBUG 835411 --- [gdgoc] [           main] o.h.q.sqm.function.SqmFunctionRegistry   : Registered SqmFunctionTemplate [NamedSqmFunctionTemplate(monthname)] under monthname; prior registration was null
2025-03-26T15:29:08.386Z DEBUG 835411 --- [gdgoc] [           main] o.h.q.sqm.function.SqmFunctionRegistry   : Registered SqmFunctionTemplate [NamedSqmFunctionTemplate(dayname)] under dayname; prior registration was null
2025-03-26T15:29:08.386Z DEBUG 835411 --- [gdgoc] [           main] o.h.q.sqm.function.SqmFunctionRegistry   : Registered SqmFunctionTemplate [NamedSqmFunctionTemplate(last_day)] under last_day; prior registration was null
2025-03-26T15:29:08.386Z DEBUG 835411 --- [gdgoc] [           main] o.h.q.sqm.function.SqmFunctionRegistry   : Registered SqmFunctionTemplate [NamedSqmFunctionTemplate(date)] under date; prior registration was null
2025-03-26T15:29:08.387Z DEBUG 835411 --- [gdgoc] [           main] o.h.q.sqm.function.SqmFunctionRegistry   : Registered SqmFunctionTemplate [NamedSqmFunctionTemplate(timestamp)] under timestamp; prior registration was null
2025-03-26T15:29:08.388Z DEBUG 835411 --- [gdgoc] [           main] o.h.q.sqm.function.SqmFunctionRegistry   : Registered SqmFunctionTemplate [NamedSqmFunctionTemplate(time)] under time; prior registration was null
2025-03-26T15:29:08.388Z DEBUG 835411 --- [gdgoc] [           main] o.h.q.sqm.function.SqmFunctionRegistry   : Registered SqmFunctionTemplate [NamedSqmFunctionTemplate(utc_date)] under utc_date; prior registration was null
2025-03-26T15:29:08.388Z DEBUG 835411 --- [gdgoc] [           main] o.h.q.sqm.function.SqmFunctionRegistry   : Registered SqmFunctionTemplate [NamedSqmFunctionTemplate(utc_time)] under utc_time; prior registration was null
2025-03-26T15:29:08.388Z DEBUG 835411 --- [gdgoc] [           main] o.h.q.sqm.function.SqmFunctionRegistry   : Registered SqmFunctionTemplate [NamedSqmFunctionTemplate(utc_timestamp)] under utc_timestamp; prior registration was null
2025-03-26T15:29:08.388Z DEBUG 835411 --- [gdgoc] [           main] o.h.q.sqm.function.SqmFunctionRegistry   : Registered SqmFunctionTemplate [NamedSqmFunctionTemplate(rand)] under rand; prior registration was null
2025-03-26T15:29:08.388Z DEBUG 835411 --- [gdgoc] [           main] o.h.q.sqm.function.SqmFunctionRegistry   : Registered SqmFunctionTemplate [NamedSqmFunctionTemplate(crc32)] under crc32; prior registration was null
2025-03-26T15:29:08.388Z DEBUG 835411 --- [gdgoc] [           main] o.h.q.sqm.function.SqmFunctionRegistry   : Registered SqmFunctionTemplate [NamedSqmFunctionTemplate(sha1)] under sha1; prior registration was null
2025-03-26T15:29:08.389Z DEBUG 835411 --- [gdgoc] [           main] o.h.q.sqm.function.SqmFunctionRegistry   : Registered SqmFunctionTemplate [NamedSqmFunctionTemplate(sha2)] under sha2; prior registration was null
2025-03-26T15:29:08.389Z DEBUG 835411 --- [gdgoc] [           main] o.h.q.sqm.function.SqmFunctionRegistry   : Registered SqmFunctionTemplate [NamedSqmFunctionTemplate(sha)] under sha; prior registration was null
2025-03-26T15:29:08.389Z DEBUG 835411 --- [gdgoc] [           main] o.h.q.sqm.function.SqmFunctionRegistry   : Registered SqmFunctionTemplate [NamedSqmFunctionTemplate(bit_length)] under bit_length; prior registration was null
2025-03-26T15:29:08.389Z DEBUG 835411 --- [gdgoc] [           main] o.h.q.sqm.function.SqmFunctionRegistry   : Registered SqmFunctionTemplate [NamedSqmFunctionTemplate(octet_length)] under octet_length; prior registration was NamedSqmFunctionTemplate(octet_length)
2025-03-26T15:29:08.389Z DEBUG 835411 --- [gdgoc] [           main] o.h.q.sqm.function.SqmFunctionRegistry   : Registered SqmFunctionTemplate [NamedSqmFunctionTemplate(ascii)] under ascii; prior registration was null
2025-03-26T15:29:08.389Z DEBUG 835411 --- [gdgoc] [           main] o.h.q.sqm.function.SqmFunctionRegistry   : Registered SqmFunctionTemplate [NamedSqmFunctionTemplate(instr)] under instr; prior registration was null
2025-03-26T15:29:08.390Z DEBUG 835411 --- [gdgoc] [           main] o.h.q.sqm.function.SqmFunctionRegistry   : Registered SqmFunctionTemplate [NamedSqmFunctionTemplate(substr)] under substr; prior registration was null
2025-03-26T15:29:08.390Z DEBUG 835411 --- [gdgoc] [           main] o.h.q.sqm.function.SqmFunctionRegistry   : Registered SqmFunctionTemplate [org.hibernate.query.sqm.function.PatternBasedSqmFunctionDescriptor@21ce3b22] under position; prior registration was org.hibernate.dialect.function.LocatePositionEmulation@77f529a6
2025-03-26T15:29:08.390Z DEBUG 835411 --- [gdgoc] [           main] o.h.q.sqm.function.SqmFunctionRegistry   : Registered SqmFunctionTemplate [NamedSqmFunctionTemplate(curtime)] under curtime; prior registration was null
2025-03-26T15:29:08.390Z DEBUG 835411 --- [gdgoc] [           main] o.h.q.sqm.function.SqmFunctionRegistry   : Registered SqmFunctionTemplate [NamedSqmFunctionTemplate(curdate)] under curdate; prior registration was null
2025-03-26T15:29:08.390Z DEBUG 835411 --- [gdgoc] [           main] o.h.q.sqm.function.SqmFunctionRegistry   : Registered SqmFunctionTemplate [NamedSqmFunctionTemplate(now)] under now; prior registration was null
2025-03-26T15:29:08.396Z DEBUG 835411 --- [gdgoc] [           main] o.h.q.sqm.function.SqmFunctionRegistry   : Registered SqmFunctionTemplate [org.hibernate.dialect.function.TruncFunction@146db8a6] under trunc; prior registration was null
2025-03-26T15:29:08.397Z DEBUG 835411 --- [gdgoc] [           main] o.h.q.sqm.function.SqmFunctionRegistry   : Registering alternate key : truncate -> trunc
2025-03-26T15:29:08.397Z DEBUG 835411 --- [gdgoc] [           main] o.h.q.sqm.function.SqmFunctionRegistry   : Registered SqmFunctionTemplate [NamedSqmFunctionTemplate(insert)] under insert; prior registration was null
2025-03-26T15:29:08.398Z DEBUG 835411 --- [gdgoc] [           main] o.h.q.sqm.function.SqmFunctionRegistry   : Registered SqmFunctionTemplate [org.hibernate.query.sqm.function.PatternBasedSqmFunctionDescriptor@2a20da9f] under bitand; prior registration was null
2025-03-26T15:29:08.398Z DEBUG 835411 --- [gdgoc] [           main] o.h.q.sqm.function.SqmFunctionRegistry   : Registered SqmFunctionTemplate [org.hibernate.query.sqm.function.PatternBasedSqmFunctionDescriptor@40c0437f] under bitor; prior registration was null
2025-03-26T15:29:08.398Z DEBUG 835411 --- [gdgoc] [           main] o.h.q.sqm.function.SqmFunctionRegistry   : Registered SqmFunctionTemplate [org.hibernate.query.sqm.function.PatternBasedSqmFunctionDescriptor@78b8f818] under bitxor; prior registration was null
2025-03-26T15:29:08.401Z DEBUG 835411 --- [gdgoc] [           main] o.h.q.sqm.function.SqmFunctionRegistry   : Registered SqmFunctionTemplate [org.hibernate.query.sqm.function.PatternBasedSqmFunctionDescriptor@1e9d721] under bitnot; prior registration was null
2025-03-26T15:29:08.401Z DEBUG 835411 --- [gdgoc] [           main] o.h.q.sqm.function.SqmFunctionRegistry   : Registered SqmFunctionTemplate [NamedSqmFunctionTemplate(bit_and)] under bit_and; prior registration was null
2025-03-26T15:29:08.401Z DEBUG 835411 --- [gdgoc] [           main] o.h.q.sqm.function.SqmFunctionRegistry   : Registered SqmFunctionTemplate [NamedSqmFunctionTemplate(bit_or)] under bit_or; prior registration was null
2025-03-26T15:29:08.401Z DEBUG 835411 --- [gdgoc] [           main] o.h.q.sqm.function.SqmFunctionRegistry   : Registered SqmFunctionTemplate [NamedSqmFunctionTemplate(stddev)] under stddev; prior registration was null
2025-03-26T15:29:08.402Z DEBUG 835411 --- [gdgoc] [           main] o.h.q.sqm.function.SqmFunctionRegistry   : Registered SqmFunctionTemplate [NamedSqmFunctionTemplate(stddev_pop)] under stddev_pop; prior registration was null
2025-03-26T15:29:08.402Z DEBUG 835411 --- [gdgoc] [           main] o.h.q.sqm.function.SqmFunctionRegistry   : Registered SqmFunctionTemplate [NamedSqmFunctionTemplate(stddev_samp)] under stddev_samp; prior registration was null
2025-03-26T15:29:08.402Z DEBUG 835411 --- [gdgoc] [           main] o.h.q.sqm.function.SqmFunctionRegistry   : Registered SqmFunctionTemplate [NamedSqmFunctionTemplate(variance)] under variance; prior registration was null
2025-03-26T15:29:08.402Z DEBUG 835411 --- [gdgoc] [           main] o.h.q.sqm.function.SqmFunctionRegistry   : Registered SqmFunctionTemplate [NamedSqmFunctionTemplate(var_pop)] under var_pop; prior registration was null
2025-03-26T15:29:08.402Z DEBUG 835411 --- [gdgoc] [           main] o.h.q.sqm.function.SqmFunctionRegistry   : Registered SqmFunctionTemplate [NamedSqmFunctionTemplate(var_samp)] under var_samp; prior registration was null
2025-03-26T15:29:08.402Z DEBUG 835411 --- [gdgoc] [           main] o.h.q.sqm.function.SqmFunctionRegistry   : Registered SqmFunctionTemplate [NamedSqmFunctionTemplate(datediff)] under datediff; prior registration was null
2025-03-26T15:29:08.403Z DEBUG 835411 --- [gdgoc] [           main] o.h.q.sqm.function.SqmFunctionRegistry   : Registered SqmFunctionTemplate [NamedSqmFunctionTemplate(adddate)] under adddate; prior registration was null
2025-03-26T15:29:08.403Z DEBUG 835411 --- [gdgoc] [           main] o.h.q.sqm.function.SqmFunctionRegistry   : Registered SqmFunctionTemplate [NamedSqmFunctionTemplate(subdate)] under subdate; prior registration was null
2025-03-26T15:29:08.403Z DEBUG 835411 --- [gdgoc] [           main] o.h.q.sqm.function.SqmFunctionRegistry   : Registered SqmFunctionTemplate [NamedSqmFunctionTemplate(addtime)] under addtime; prior registration was null
2025-03-26T15:29:08.403Z DEBUG 835411 --- [gdgoc] [           main] o.h.q.sqm.function.SqmFunctionRegistry   : Registered SqmFunctionTemplate [NamedSqmFunctionTemplate(subtime)] under subtime; prior registration was null
2025-03-26T15:29:08.403Z DEBUG 835411 --- [gdgoc] [           main] o.h.q.sqm.function.SqmFunctionRegistry   : Registered SqmFunctionTemplate [org.hibernate.dialect.function.FormatFunction@2d3111a1] under format; prior registration was org.hibernate.dialect.function.FormatFunction@6ca367aa
2025-03-26T15:29:08.403Z DEBUG 835411 --- [gdgoc] [           main] o.h.q.sqm.function.SqmFunctionRegistry   : Registered SqmFunctionTemplate [NamedSqmFunctionTemplate(makedate)] under makedate; prior registration was null
2025-03-26T15:29:08.403Z DEBUG 835411 --- [gdgoc] [           main] o.h.q.sqm.function.SqmFunctionRegistry   : Registered SqmFunctionTemplate [NamedSqmFunctionTemplate(maketime)] under maketime; prior registration was null
2025-03-26T15:29:08.404Z DEBUG 835411 --- [gdgoc] [           main] o.h.q.sqm.function.SqmFunctionRegistry   : Registered SqmFunctionTemplate [NamedSqmFunctionTemplate(localtime)] under localtime; prior registration was null
2025-03-26T15:29:08.404Z DEBUG 835411 --- [gdgoc] [           main] o.h.q.sqm.function.SqmFunctionRegistry   : Registered SqmFunctionTemplate [NamedSqmFunctionTemplate(localtimestamp)] under localtimestamp; prior registration was null
2025-03-26T15:29:08.404Z DEBUG 835411 --- [gdgoc] [           main] o.h.q.sqm.function.SqmFunctionRegistry   : Registered SqmFunctionTemplate [NamedSqmFunctionTemplate(localtime)] under local_time; prior registration was org.hibernate.dialect.function.CurrentFunction@129c760d
2025-03-26T15:29:08.404Z DEBUG 835411 --- [gdgoc] [           main] o.h.q.sqm.function.SqmFunctionRegistry   : Registered SqmFunctionTemplate [NamedSqmFunctionTemplate(localtimestamp)] under local_datetime; prior registration was org.hibernate.dialect.function.CurrentFunction@361fa478
2025-03-26T15:29:08.404Z DEBUG 835411 --- [gdgoc] [           main] o.h.q.sqm.function.SqmFunctionRegistry   : Registered SqmFunctionTemplate [NamedSqmFunctionTemplate(localtime)] under localtime; prior registration was NamedSqmFunctionTemplate(localtime)
2025-03-26T15:29:08.404Z DEBUG 835411 --- [gdgoc] [           main] o.h.q.sqm.function.SqmFunctionRegistry   : Registered SqmFunctionTemplate [org.hibernate.query.sqm.function.PatternBasedSqmFunctionDescriptor@6f2864c3] under pi; prior registration was org.hibernate.query.sqm.function.PatternBasedSqmFunctionDescriptor@749ee0e3
2025-03-26T15:29:08.404Z DEBUG 835411 --- [gdgoc] [           main] o.h.q.sqm.function.SqmFunctionRegistry   : Registered SqmFunctionTemplate [org.hibernate.query.sqm.function.PatternBasedSqmFunctionDescriptor@50ef2906] under chr; prior registration was null
2025-03-26T15:29:08.405Z DEBUG 835411 --- [gdgoc] [           main] o.h.q.sqm.function.SqmFunctionRegistry   : Registering alternate key : char -> chr
2025-03-26T15:29:08.405Z DEBUG 835411 --- [gdgoc] [           main] o.h.q.sqm.function.SqmFunctionRegistry   : Registered SqmFunctionTemplate [org.hibernate.query.sqm.function.PatternBasedSqmFunctionDescriptor@1f70bce5] under sysdate; prior registration was null
2025-03-26T15:29:08.406Z DEBUG 835411 --- [gdgoc] [           main] o.h.q.sqm.function.SqmFunctionRegistry   : Registered SqmFunctionTemplate [org.hibernate.dialect.function.ListaggGroupConcatEmulation@25c8c71e] under listagg; prior registration was null
2025-03-26T15:29:08.409Z DEBUG 835411 --- [gdgoc] [           main] org.hibernate.HQL_FUNCTIONS              : abs(NUMERIC arg)
2025-03-26T15:29:08.410Z DEBUG 835411 --- [gdgoc] [           main] org.hibernate.HQL_FUNCTIONS              : Double acos(NUMERIC arg)
2025-03-26T15:29:08.410Z DEBUG 835411 --- [gdgoc] [           main] org.hibernate.HQL_FUNCTIONS              : adddate(DATE datetime, INTEGER days)
2025-03-26T15:29:08.410Z DEBUG 835411 --- [gdgoc] [           main] org.hibernate.HQL_FUNCTIONS              : addtime(TIME datetime, TIME time)
2025-03-26T15:29:08.410Z DEBUG 835411 --- [gdgoc] [           main] org.hibernate.HQL_FUNCTIONS              : Boolean any(BOOLEAN arg)
2025-03-26T15:29:08.411Z DEBUG 835411 --- [gdgoc] [           main] org.hibernate.HQL_FUNCTIONS              : Integer ascii(STRING arg)
2025-03-26T15:29:08.411Z DEBUG 835411 --- [gdgoc] [           main] org.hibernate.HQL_FUNCTIONS              : Double asin(NUMERIC arg)
2025-03-26T15:29:08.411Z DEBUG 835411 --- [gdgoc] [           main] org.hibernate.HQL_FUNCTIONS              : Double atan(NUMERIC arg)
2025-03-26T15:29:08.411Z DEBUG 835411 --- [gdgoc] [           main] org.hibernate.HQL_FUNCTIONS              : Double atan2(NUMERIC arg0, NUMERIC arg1)
2025-03-26T15:29:08.411Z DEBUG 835411 --- [gdgoc] [           main] org.hibernate.HQL_FUNCTIONS              : avg(arg)
2025-03-26T15:29:08.412Z DEBUG 835411 --- [gdgoc] [           main] org.hibernate.HQL_FUNCTIONS              : bit_and(arg)
2025-03-26T15:29:08.412Z DEBUG 835411 --- [gdgoc] [           main] org.hibernate.HQL_FUNCTIONS              : Integer bit_length(STRING_OR_CLOB arg)
2025-03-26T15:29:08.412Z DEBUG 835411 --- [gdgoc] [           main] org.hibernate.HQL_FUNCTIONS              : bit_or(arg)
2025-03-26T15:29:08.412Z DEBUG 835411 --- [gdgoc] [           main] org.hibernate.HQL_FUNCTIONS              : bitand(arg0, arg1)
2025-03-26T15:29:08.412Z DEBUG 835411 --- [gdgoc] [           main] org.hibernate.HQL_FUNCTIONS              : bitnot(arg)
2025-03-26T15:29:08.412Z DEBUG 835411 --- [gdgoc] [           main] org.hibernate.HQL_FUNCTIONS              : bitor(arg0, arg1)
2025-03-26T15:29:08.412Z DEBUG 835411 --- [gdgoc] [           main] org.hibernate.HQL_FUNCTIONS              : bitxor(arg0, arg1)
2025-03-26T15:29:08.412Z DEBUG 835411 --- [gdgoc] [           main] org.hibernate.HQL_FUNCTIONS              : cast(arg as Type)
2025-03-26T15:29:08.413Z DEBUG 835411 --- [gdgoc] [           main] org.hibernate.HQL_FUNCTIONS              : ceiling(NUMERIC arg)
2025-03-26T15:29:08.413Z DEBUG 835411 --- [gdgoc] [           main] org.hibernate.HQL_FUNCTIONS              : Character char(INTEGER arg)
2025-03-26T15:29:08.413Z DEBUG 835411 --- [gdgoc] [           main] org.hibernate.HQL_FUNCTIONS              : Integer character_length(STRING_OR_CLOB arg)
2025-03-26T15:29:08.413Z DEBUG 835411 --- [gdgoc] [           main] org.hibernate.HQL_FUNCTIONS              : Character chr(INTEGER arg)
2025-03-26T15:29:08.413Z DEBUG 835411 --- [gdgoc] [           main] org.hibernate.HQL_FUNCTIONS              : coalesce(arg0[, arg1[, ...]])
2025-03-26T15:29:08.413Z DEBUG 835411 --- [gdgoc] [           main] org.hibernate.HQL_FUNCTIONS              : String collate(STRING string as COLLATION collation)
2025-03-26T15:29:08.413Z DEBUG 835411 --- [gdgoc] [           main] org.hibernate.HQL_FUNCTIONS              : String concat(STRING string0[, STRING string1[, ...]])
2025-03-26T15:29:08.414Z DEBUG 835411 --- [gdgoc] [           main] org.hibernate.HQL_FUNCTIONS              : Double cos(NUMERIC arg)
2025-03-26T15:29:08.414Z DEBUG 835411 --- [gdgoc] [           main] org.hibernate.HQL_FUNCTIONS              : Double cosh(NUMERIC arg)
2025-03-26T15:29:08.414Z DEBUG 835411 --- [gdgoc] [           main] org.hibernate.HQL_FUNCTIONS              : Double cot(NUMERIC arg)
2025-03-26T15:29:08.414Z DEBUG 835411 --- [gdgoc] [           main] org.hibernate.HQL_FUNCTIONS              : Long count([distinct ]{arg|*})
2025-03-26T15:29:08.414Z DEBUG 835411 --- [gdgoc] [           main] org.hibernate.HQL_FUNCTIONS              : Integer crc32(arg)
2025-03-26T15:29:08.414Z DEBUG 835411 --- [gdgoc] [           main] org.hibernate.HQL_FUNCTIONS              : Date curdate()
2025-03-26T15:29:08.414Z DEBUG 835411 --- [gdgoc] [           main] org.hibernate.HQL_FUNCTIONS              : Date current date
2025-03-26T15:29:08.414Z DEBUG 835411 --- [gdgoc] [           main] org.hibernate.HQL_FUNCTIONS              : Time current time
2025-03-26T15:29:08.415Z DEBUG 835411 --- [gdgoc] [           main] org.hibernate.HQL_FUNCTIONS              : Timestamp current timestamp
2025-03-26T15:29:08.416Z DEBUG 835411 --- [gdgoc] [           main] org.hibernate.HQL_FUNCTIONS              : Date current_date
2025-03-26T15:29:08.417Z DEBUG 835411 --- [gdgoc] [           main] org.hibernate.HQL_FUNCTIONS              : Instant current_instant
2025-03-26T15:29:08.417Z DEBUG 835411 --- [gdgoc] [           main] org.hibernate.HQL_FUNCTIONS              : Time current_time
2025-03-26T15:29:08.417Z DEBUG 835411 --- [gdgoc] [           main] org.hibernate.HQL_FUNCTIONS              : Timestamp current_timestamp
2025-03-26T15:29:08.417Z DEBUG 835411 --- [gdgoc] [           main] org.hibernate.HQL_FUNCTIONS              : Time curtime()
2025-03-26T15:29:08.417Z DEBUG 835411 --- [gdgoc] [           main] org.hibernate.HQL_FUNCTIONS              : Date date(arg)
2025-03-26T15:29:08.418Z DEBUG 835411 --- [gdgoc] [           main] org.hibernate.HQL_FUNCTIONS              : dateadd(TEMPORAL_UNIT field, INTEGER magnitude, TEMPORAL datetime)
2025-03-26T15:29:08.418Z DEBUG 835411 --- [gdgoc] [           main] org.hibernate.HQL_FUNCTIONS              : Integer datediff(DATE end, DATE start)
2025-03-26T15:29:08.418Z DEBUG 835411 --- [gdgoc] [           main] org.hibernate.HQL_FUNCTIONS              : Integer day(DATE arg)
2025-03-26T15:29:08.418Z DEBUG 835411 --- [gdgoc] [           main] org.hibernate.HQL_FUNCTIONS              : String dayname(DATE arg)
2025-03-26T15:29:08.418Z DEBUG 835411 --- [gdgoc] [           main] org.hibernate.HQL_FUNCTIONS              : Integer dayofmonth(DATE arg)
2025-03-26T15:29:08.418Z DEBUG 835411 --- [gdgoc] [           main] org.hibernate.HQL_FUNCTIONS              : Integer dayofweek(DATE arg)
2025-03-26T15:29:08.418Z DEBUG 835411 --- [gdgoc] [           main] org.hibernate.HQL_FUNCTIONS              : Integer dayofyear(DATE arg)
2025-03-26T15:29:08.418Z DEBUG 835411 --- [gdgoc] [           main] org.hibernate.HQL_FUNCTIONS              : Double degrees(NUMERIC arg)
2025-03-26T15:29:08.419Z DEBUG 835411 --- [gdgoc] [           main] org.hibernate.HQL_FUNCTIONS              : Boolean every(BOOLEAN arg)
2025-03-26T15:29:08.419Z DEBUG 835411 --- [gdgoc] [           main] org.hibernate.HQL_FUNCTIONS              : Double exp(NUMERIC arg)
2025-03-26T15:29:08.419Z DEBUG 835411 --- [gdgoc] [           main] org.hibernate.HQL_FUNCTIONS              : extract(TEMPORAL_UNIT field from TEMPORAL arg)
2025-03-26T15:29:08.420Z DEBUG 835411 --- [gdgoc] [           main] org.hibernate.HQL_FUNCTIONS              : floor(NUMERIC arg)
2025-03-26T15:29:08.420Z DEBUG 835411 --- [gdgoc] [           main] org.hibernate.HQL_FUNCTIONS              : String format(TEMPORAL datetime as STRING pattern)
2025-03-26T15:29:08.420Z DEBUG 835411 --- [gdgoc] [           main] org.hibernate.HQL_FUNCTIONS              : greatest(COMPARABLE arg0, COMPARABLE arg1[, arg2[, ...]])
2025-03-26T15:29:08.420Z DEBUG 835411 --- [gdgoc] [           main] org.hibernate.HQL_FUNCTIONS              : Integer hour(TIME arg)
2025-03-26T15:29:08.420Z DEBUG 835411 --- [gdgoc] [           main] org.hibernate.HQL_FUNCTIONS              : ifnull(arg0, arg1)
2025-03-26T15:29:08.420Z DEBUG 835411 --- [gdgoc] [           main] org.hibernate.HQL_FUNCTIONS              : String insert(STRING string, INTEGER start, INTEGER length, STRING replacement)
2025-03-26T15:29:08.420Z DEBUG 835411 --- [gdgoc] [           main] org.hibernate.HQL_FUNCTIONS              : Instant instant
2025-03-26T15:29:08.421Z DEBUG 835411 --- [gdgoc] [           main] org.hibernate.HQL_FUNCTIONS              : Integer instr(STRING string, STRING pattern[, INTEGER start[, INTEGER occurrence]])
2025-03-26T15:29:08.424Z DEBUG 835411 --- [gdgoc] [           main] org.hibernate.HQL_FUNCTIONS              : Date last_day(DATE arg)
2025-03-26T15:29:08.424Z DEBUG 835411 --- [gdgoc] [           main] org.hibernate.HQL_FUNCTIONS              : least(COMPARABLE arg0, COMPARABLE arg1[, arg2[, ...]])
2025-03-26T15:29:08.424Z DEBUG 835411 --- [gdgoc] [           main] org.hibernate.HQL_FUNCTIONS              : String left(STRING string, INTEGER length)
2025-03-26T15:29:08.425Z DEBUG 835411 --- [gdgoc] [           main] org.hibernate.HQL_FUNCTIONS              : Integer length(STRING_OR_CLOB arg)
2025-03-26T15:29:08.425Z DEBUG 835411 --- [gdgoc] [           main] org.hibernate.HQL_FUNCTIONS              : String listagg(STRING arg0, STRING arg1)
2025-03-26T15:29:08.425Z DEBUG 835411 --- [gdgoc] [           main] org.hibernate.HQL_FUNCTIONS              : Double ln(NUMERIC arg)
2025-03-26T15:29:08.425Z DEBUG 835411 --- [gdgoc] [           main] org.hibernate.HQL_FUNCTIONS              : LocalDate local date
2025-03-26T15:29:08.425Z DEBUG 835411 --- [gdgoc] [           main] org.hibernate.HQL_FUNCTIONS              : LocalDateTime local datetime
2025-03-26T15:29:08.425Z DEBUG 835411 --- [gdgoc] [           main] org.hibernate.HQL_FUNCTIONS              : LocalTime local time
2025-03-26T15:29:08.425Z DEBUG 835411 --- [gdgoc] [           main] org.hibernate.HQL_FUNCTIONS              : LocalDate local_date
2025-03-26T15:29:08.425Z DEBUG 835411 --- [gdgoc] [           main] org.hibernate.HQL_FUNCTIONS              : LocalDateTime local_datetime
2025-03-26T15:29:08.426Z DEBUG 835411 --- [gdgoc] [           main] org.hibernate.HQL_FUNCTIONS              : LocalTime local_time
2025-03-26T15:29:08.426Z DEBUG 835411 --- [gdgoc] [           main] org.hibernate.HQL_FUNCTIONS              : Timestamp localtime
2025-03-26T15:29:08.426Z DEBUG 835411 --- [gdgoc] [           main] org.hibernate.HQL_FUNCTIONS              : Timestamp localtimestamp
2025-03-26T15:29:08.426Z DEBUG 835411 --- [gdgoc] [           main] org.hibernate.HQL_FUNCTIONS              : Integer locate(STRING pattern, STRING string[, INTEGER start])
2025-03-26T15:29:08.426Z DEBUG 835411 --- [gdgoc] [           main] org.hibernate.HQL_FUNCTIONS              : Double log(NUMERIC arg0[, NUMERIC arg1])
2025-03-26T15:29:08.426Z DEBUG 835411 --- [gdgoc] [           main] org.hibernate.HQL_FUNCTIONS              : Double log10(NUMERIC arg)
2025-03-26T15:29:08.426Z DEBUG 835411 --- [gdgoc] [           main] org.hibernate.HQL_FUNCTIONS              : Double log2(NUMERIC arg)
2025-03-26T15:29:08.426Z DEBUG 835411 --- [gdgoc] [           main] org.hibernate.HQL_FUNCTIONS              : String lower(STRING string)
2025-03-26T15:29:08.427Z DEBUG 835411 --- [gdgoc] [           main] org.hibernate.HQL_FUNCTIONS              : String lpad(string, length[, padding])
2025-03-26T15:29:08.427Z DEBUG 835411 --- [gdgoc] [           main] org.hibernate.HQL_FUNCTIONS              : String ltrim(STRING string[, STRING characters])
2025-03-26T15:29:08.427Z DEBUG 835411 --- [gdgoc] [           main] org.hibernate.HQL_FUNCTIONS              : Date makedate(INTEGER year, INTEGER dayofyear)
2025-03-26T15:29:08.427Z DEBUG 835411 --- [gdgoc] [           main] org.hibernate.HQL_FUNCTIONS              : Time maketime(INTEGER hour, INTEGER min, INTEGER sec)
2025-03-26T15:29:08.427Z DEBUG 835411 --- [gdgoc] [           main] org.hibernate.HQL_FUNCTIONS              : max(COMPARABLE arg)
2025-03-26T15:29:08.427Z DEBUG 835411 --- [gdgoc] [           main] org.hibernate.HQL_FUNCTIONS              : String md5(arg)
2025-03-26T15:29:08.427Z DEBUG 835411 --- [gdgoc] [           main] org.hibernate.HQL_FUNCTIONS              : Integer microsecond(TIME arg)
2025-03-26T15:29:08.427Z DEBUG 835411 --- [gdgoc] [           main] org.hibernate.HQL_FUNCTIONS              : min(COMPARABLE arg)
2025-03-26T15:29:08.427Z DEBUG 835411 --- [gdgoc] [           main] org.hibernate.HQL_FUNCTIONS              : Integer minute(TIME arg)
2025-03-26T15:29:08.428Z DEBUG 835411 --- [gdgoc] [           main] org.hibernate.HQL_FUNCTIONS              : Integer mod(INTEGER arg0, INTEGER arg1)
2025-03-26T15:29:08.428Z DEBUG 835411 --- [gdgoc] [           main] org.hibernate.HQL_FUNCTIONS              : Integer month(DATE arg)
2025-03-26T15:29:08.428Z DEBUG 835411 --- [gdgoc] [           main] org.hibernate.HQL_FUNCTIONS              : String monthname(DATE arg)
2025-03-26T15:29:08.428Z DEBUG 835411 --- [gdgoc] [           main] org.hibernate.HQL_FUNCTIONS              : Timestamp now()
2025-03-26T15:29:08.429Z DEBUG 835411 --- [gdgoc] [           main] org.hibernate.HQL_FUNCTIONS              : nullif(arg0, arg1)
2025-03-26T15:29:08.429Z DEBUG 835411 --- [gdgoc] [           main] org.hibernate.HQL_FUNCTIONS              : Integer octet_length(STRING_OR_CLOB arg)
2025-03-26T15:29:08.429Z DEBUG 835411 --- [gdgoc] [           main] org.hibernate.HQL_FUNCTIONS              : OffsetDateTime offset datetime
2025-03-26T15:29:08.429Z DEBUG 835411 --- [gdgoc] [           main] org.hibernate.HQL_FUNCTIONS              : OffsetDateTime offset_datetime
2025-03-26T15:29:08.429Z DEBUG 835411 --- [gdgoc] [           main] org.hibernate.HQL_FUNCTIONS              : String overlay(STRING string placing STRING replacement from INTEGER start[ for INTEGER length])
2025-03-26T15:29:08.429Z DEBUG 835411 --- [gdgoc] [           main] org.hibernate.HQL_FUNCTIONS              : String pad(STRING string with INTEGER length {leading|trailing}[ STRING character])
2025-03-26T15:29:08.429Z DEBUG 835411 --- [gdgoc] [           main] org.hibernate.HQL_FUNCTIONS              : Double pi
2025-03-26T15:29:08.429Z DEBUG 835411 --- [gdgoc] [           main] org.hibernate.HQL_FUNCTIONS              : Integer position(STRING pattern in STRING string)
2025-03-26T15:29:08.430Z DEBUG 835411 --- [gdgoc] [           main] org.hibernate.HQL_FUNCTIONS              : Double power(NUMERIC arg0, NUMERIC arg1)
2025-03-26T15:29:08.430Z DEBUG 835411 --- [gdgoc] [           main] org.hibernate.HQL_FUNCTIONS              : Integer quarter(DATE arg)
2025-03-26T15:29:08.430Z DEBUG 835411 --- [gdgoc] [           main] org.hibernate.HQL_FUNCTIONS              : Double radians(NUMERIC arg)
2025-03-26T15:29:08.430Z DEBUG 835411 --- [gdgoc] [           main] org.hibernate.HQL_FUNCTIONS              : Double rand([INTEGER seed])
2025-03-26T15:29:08.430Z DEBUG 835411 --- [gdgoc] [           main] org.hibernate.HQL_FUNCTIONS              : String repeat(STRING string, INTEGER times)
2025-03-26T15:29:08.430Z DEBUG 835411 --- [gdgoc] [           main] org.hibernate.HQL_FUNCTIONS              : String replace(STRING string, STRING pattern, STRING replacement)
2025-03-26T15:29:08.430Z DEBUG 835411 --- [gdgoc] [           main] org.hibernate.HQL_FUNCTIONS              : String reverse(STRING arg)
2025-03-26T15:29:08.430Z DEBUG 835411 --- [gdgoc] [           main] org.hibernate.HQL_FUNCTIONS              : String right(STRING string, INTEGER length)
2025-03-26T15:29:08.430Z DEBUG 835411 --- [gdgoc] [           main] org.hibernate.HQL_FUNCTIONS              : round(NUMERIC number[, INTEGER places])
2025-03-26T15:29:08.430Z DEBUG 835411 --- [gdgoc] [           main] org.hibernate.HQL_FUNCTIONS              : String rpad(string, length[, padding])
2025-03-26T15:29:08.431Z DEBUG 835411 --- [gdgoc] [           main] org.hibernate.HQL_FUNCTIONS              : String rtrim(STRING string[, STRING characters])
2025-03-26T15:29:08.431Z DEBUG 835411 --- [gdgoc] [           main] org.hibernate.HQL_FUNCTIONS              : Integer second(TIME arg)
2025-03-26T15:29:08.431Z DEBUG 835411 --- [gdgoc] [           main] org.hibernate.HQL_FUNCTIONS              : String sha(arg)
2025-03-26T15:29:08.431Z DEBUG 835411 --- [gdgoc] [           main] org.hibernate.HQL_FUNCTIONS              : String sha1(arg)
2025-03-26T15:29:08.431Z DEBUG 835411 --- [gdgoc] [           main] org.hibernate.HQL_FUNCTIONS              : String sha2(arg0, arg1)
2025-03-26T15:29:08.431Z DEBUG 835411 --- [gdgoc] [           main] org.hibernate.HQL_FUNCTIONS              : Integer sign(NUMERIC arg)
2025-03-26T15:29:08.431Z DEBUG 835411 --- [gdgoc] [           main] org.hibernate.HQL_FUNCTIONS              : Double sin(NUMERIC arg)
2025-03-26T15:29:08.433Z DEBUG 835411 --- [gdgoc] [           main] org.hibernate.HQL_FUNCTIONS              : Double sinh(NUMERIC arg)
2025-03-26T15:29:08.434Z DEBUG 835411 --- [gdgoc] [           main] org.hibernate.HQL_FUNCTIONS              : String soundex(arg)
2025-03-26T15:29:08.434Z DEBUG 835411 --- [gdgoc] [           main] org.hibernate.HQL_FUNCTIONS              : String space(INTEGER arg)
2025-03-26T15:29:08.434Z DEBUG 835411 --- [gdgoc] [           main] org.hibernate.HQL_FUNCTIONS              : Object sql
2025-03-26T15:29:08.436Z DEBUG 835411 --- [gdgoc] [           main] org.hibernate.HQL_FUNCTIONS              : Double sqrt(NUMERIC arg)
2025-03-26T15:29:08.437Z DEBUG 835411 --- [gdgoc] [           main] org.hibernate.HQL_FUNCTIONS              : Double stddev(NUMERIC arg)
2025-03-26T15:29:08.437Z DEBUG 835411 --- [gdgoc] [           main] org.hibernate.HQL_FUNCTIONS              : Double stddev_pop(NUMERIC arg)
2025-03-26T15:29:08.437Z DEBUG 835411 --- [gdgoc] [           main] org.hibernate.HQL_FUNCTIONS              : Double stddev_samp(NUMERIC arg)
2025-03-26T15:29:08.437Z DEBUG 835411 --- [gdgoc] [           main] org.hibernate.HQL_FUNCTIONS              : String str(arg)
2025-03-26T15:29:08.437Z DEBUG 835411 --- [gdgoc] [           main] org.hibernate.HQL_FUNCTIONS              : subdate(DATE datetime, INTEGER days)
2025-03-26T15:29:08.437Z DEBUG 835411 --- [gdgoc] [           main] org.hibernate.HQL_FUNCTIONS              : String substr(STRING string, INTEGER start[, INTEGER length])
2025-03-26T15:29:08.437Z DEBUG 835411 --- [gdgoc] [           main] org.hibernate.HQL_FUNCTIONS              : String substring(STRING string{ from|,} INTEGER start[{ for|,} INTEGER length])
2025-03-26T15:29:08.437Z DEBUG 835411 --- [gdgoc] [           main] org.hibernate.HQL_FUNCTIONS              : subtime(TIME datetime, TIME time)
2025-03-26T15:29:08.437Z DEBUG 835411 --- [gdgoc] [           main] org.hibernate.HQL_FUNCTIONS              : sum(arg)
2025-03-26T15:29:08.438Z DEBUG 835411 --- [gdgoc] [           main] org.hibernate.HQL_FUNCTIONS              : Timestamp sysdate()
2025-03-26T15:29:08.438Z DEBUG 835411 --- [gdgoc] [           main] org.hibernate.HQL_FUNCTIONS              : Double tan(NUMERIC arg)
2025-03-26T15:29:08.438Z DEBUG 835411 --- [gdgoc] [           main] org.hibernate.HQL_FUNCTIONS              : Double tanh(NUMERIC arg)
2025-03-26T15:29:08.438Z DEBUG 835411 --- [gdgoc] [           main] org.hibernate.HQL_FUNCTIONS              : String time(arg)
2025-03-26T15:29:08.438Z DEBUG 835411 --- [gdgoc] [           main] org.hibernate.HQL_FUNCTIONS              : Timestamp timestamp(arg0[, arg1])
2025-03-26T15:29:08.438Z DEBUG 835411 --- [gdgoc] [           main] org.hibernate.HQL_FUNCTIONS              : timestampadd(TEMPORAL_UNIT field, INTEGER magnitude, TEMPORAL datetime)
2025-03-26T15:29:08.439Z DEBUG 835411 --- [gdgoc] [           main] org.hibernate.HQL_FUNCTIONS              : Long|Double timestampdiff(TEMPORAL_UNIT field, TEMPORAL start, TEMPORAL end)
2025-03-26T15:29:08.439Z DEBUG 835411 --- [gdgoc] [           main] org.hibernate.HQL_FUNCTIONS              : String trim([[{leading|trailing|both} ][STRING arg0 ]from] STRING arg1)
2025-03-26T15:29:08.439Z DEBUG 835411 --- [gdgoc] [           main] org.hibernate.HQL_FUNCTIONS              : trunc( ... )
2025-03-26T15:29:08.439Z DEBUG 835411 --- [gdgoc] [           main] org.hibernate.HQL_FUNCTIONS              : truncate( ... )
2025-03-26T15:29:08.439Z DEBUG 835411 --- [gdgoc] [           main] org.hibernate.HQL_FUNCTIONS              : String upper(STRING string)
2025-03-26T15:29:08.439Z DEBUG 835411 --- [gdgoc] [           main] org.hibernate.HQL_FUNCTIONS              : Date utc_date
2025-03-26T15:29:08.440Z DEBUG 835411 --- [gdgoc] [           main] org.hibernate.HQL_FUNCTIONS              : Time utc_time
2025-03-26T15:29:08.440Z DEBUG 835411 --- [gdgoc] [           main] org.hibernate.HQL_FUNCTIONS              : Timestamp utc_timestamp
2025-03-26T15:29:08.440Z DEBUG 835411 --- [gdgoc] [           main] org.hibernate.HQL_FUNCTIONS              : Double var_pop(NUMERIC arg)
2025-03-26T15:29:08.440Z DEBUG 835411 --- [gdgoc] [           main] org.hibernate.HQL_FUNCTIONS              : Double var_samp(NUMERIC arg)
2025-03-26T15:29:08.440Z DEBUG 835411 --- [gdgoc] [           main] org.hibernate.HQL_FUNCTIONS              : Double variance(NUMERIC arg)
2025-03-26T15:29:08.440Z DEBUG 835411 --- [gdgoc] [           main] org.hibernate.HQL_FUNCTIONS              : Integer week(DATE arg)
2025-03-26T15:29:08.441Z DEBUG 835411 --- [gdgoc] [           main] org.hibernate.HQL_FUNCTIONS              : Integer year(DATE arg)
2025-03-26T15:29:08.447Z DEBUG 835411 --- [gdgoc] [           main] org.hibernate.orm.query.plan.cache       : Starting QueryInterpretationCache(2048)
2025-03-26T15:29:08.586Z DEBUG 835411 --- [gdgoc] [           main] .h.s.i.SessionFactoryServiceRegistryImpl : EventListenerRegistry access via ServiceRegistry is deprecated.  Use `sessionFactory.getEventEngine().getListenerRegistry()` instead
2025-03-26T15:29:08.588Z DEBUG 835411 --- [gdgoc] [           main] h.e.i.EntityCopyObserverFactoryInitiator : Configured EntityCopyObserver strategy: disallow
2025-03-26T15:29:08.723Z DEBUG 835411 --- [gdgoc] [           main] o.h.boot.internal.ClassLoaderAccessImpl  : Not known whether passed class name [com.gomin_jungdok.gdgoc.vote.Vote] is safe
2025-03-26T15:29:08.724Z DEBUG 835411 --- [gdgoc] [           main] o.h.boot.internal.ClassLoaderAccessImpl  : No temp ClassLoader provided; using live ClassLoader for loading potentially unsafe class : com.gomin_jungdok.gdgoc.vote.Vote
2025-03-26T15:29:09.245Z DEBUG 835411 --- [gdgoc] [           main] o.h.b.i.bytebuddy.BytecodeProviderImpl   : HHH000513: Unable to create the ReflectionOptimizer for [com.gomin_jungdok.gdgoc.vote.Vote]: private accessor [createdAt]
2025-03-26T15:29:09.290Z DEBUG 835411 --- [gdgoc] [           main] o.h.boot.internal.ClassLoaderAccessImpl  : Not known whether passed class name [com.gomin_jungdok.gdgoc.user.User] is safe
2025-03-26T15:29:09.290Z DEBUG 835411 --- [gdgoc] [           main] o.h.boot.internal.ClassLoaderAccessImpl  : No temp ClassLoader provided; using live ClassLoader for loading potentially unsafe class : com.gomin_jungdok.gdgoc.user.User
2025-03-26T15:29:09.361Z DEBUG 835411 --- [gdgoc] [           main] o.h.b.i.bytebuddy.BytecodeProviderImpl   : HHH000513: Unable to create the ReflectionOptimizer for [com.gomin_jungdok.gdgoc.user.User]: private accessor [createdAt]
2025-03-26T15:29:09.363Z DEBUG 835411 --- [gdgoc] [           main] o.h.boot.internal.ClassLoaderAccessImpl  : Not known whether passed class name [com.gomin_jungdok.gdgoc.post.post_image.PostImage] is safe
2025-03-26T15:29:09.364Z DEBUG 835411 --- [gdgoc] [           main] o.h.boot.internal.ClassLoaderAccessImpl  : No temp ClassLoader provided; using live ClassLoader for loading potentially unsafe class : com.gomin_jungdok.gdgoc.post.post_image.PostImage
2025-03-26T15:29:09.389Z DEBUG 835411 --- [gdgoc] [           main] o.h.b.i.bytebuddy.BytecodeProviderImpl   : HHH000513: Unable to create the ReflectionOptimizer for [com.gomin_jungdok.gdgoc.post.post_image.PostImage]: private accessor [imageUrl]
2025-03-26T15:29:09.390Z DEBUG 835411 --- [gdgoc] [           main] o.h.boot.internal.ClassLoaderAccessImpl  : Not known whether passed class name [com.gomin_jungdok.gdgoc.vote_option.VoteOption] is safe
2025-03-26T15:29:09.390Z DEBUG 835411 --- [gdgoc] [           main] o.h.boot.internal.ClassLoaderAccessImpl  : No temp ClassLoader provided; using live ClassLoader for loading potentially unsafe class : com.gomin_jungdok.gdgoc.vote_option.VoteOption
2025-03-26T15:29:09.413Z DEBUG 835411 --- [gdgoc] [           main] o.h.b.i.bytebuddy.BytecodeProviderImpl   : HHH000513: Unable to create the ReflectionOptimizer for [com.gomin_jungdok.gdgoc.vote_option.VoteOption]: private accessor [order]
2025-03-26T15:29:09.418Z DEBUG 835411 --- [gdgoc] [           main] org.hibernate.ormbytecode.interceptor    : To-one property `com.gomin_jungdok.gdgoc.comment.Comment#parentComment` was mapped with LAZY + NO_PROXY but the class was not enhanced
2025-03-26T15:29:09.419Z DEBUG 835411 --- [gdgoc] [           main] org.hibernate.ormbytecode.interceptor    : To-one property `com.gomin_jungdok.gdgoc.comment.Comment#parentComment` was mapped with LAZY + NO_PROXY but the class was not enhanced
2025-03-26T15:29:09.419Z DEBUG 835411 --- [gdgoc] [           main] org.hibernate.ormbytecode.interceptor    : To-one property `com.gomin_jungdok.gdgoc.comment.Comment#post` was mapped with LAZY + NO_PROXY but the class was not enhanced
2025-03-26T15:29:09.420Z DEBUG 835411 --- [gdgoc] [           main] org.hibernate.ormbytecode.interceptor    : To-one property `com.gomin_jungdok.gdgoc.comment.Comment#post` was mapped with LAZY + NO_PROXY but the class was not enhanced
2025-03-26T15:29:09.420Z DEBUG 835411 --- [gdgoc] [           main] org.hibernate.ormbytecode.interceptor    : To-one property `com.gomin_jungdok.gdgoc.comment.Comment#user` was mapped with LAZY + NO_PROXY but the class was not enhanced
2025-03-26T15:29:09.420Z DEBUG 835411 --- [gdgoc] [           main] org.hibernate.ormbytecode.interceptor    : To-one property `com.gomin_jungdok.gdgoc.comment.Comment#user` was mapped with LAZY + NO_PROXY but the class was not enhanced
2025-03-26T15:29:09.420Z DEBUG 835411 --- [gdgoc] [           main] o.h.boot.internal.ClassLoaderAccessImpl  : Not known whether passed class name [com.gomin_jungdok.gdgoc.comment.Comment] is safe
2025-03-26T15:29:09.421Z DEBUG 835411 --- [gdgoc] [           main] o.h.boot.internal.ClassLoaderAccessImpl  : No temp ClassLoader provided; using live ClassLoader for loading potentially unsafe class : com.gomin_jungdok.gdgoc.comment.Comment
2025-03-26T15:29:09.467Z DEBUG 835411 --- [gdgoc] [           main] o.h.b.i.bytebuddy.BytecodeProviderImpl   : HHH000513: Unable to create the ReflectionOptimizer for [com.gomin_jungdok.gdgoc.comment.Comment]: private accessor [createdAt]
2025-03-26T15:29:09.468Z DEBUG 835411 --- [gdgoc] [           main] org.hibernate.ormbytecode.interceptor    : To-one property `com.gomin_jungdok.gdgoc.comment.Comment#parentComment` was mapped with LAZY + NO_PROXY but the class was not enhanced
2025-03-26T15:29:09.468Z DEBUG 835411 --- [gdgoc] [           main] org.hibernate.ormbytecode.interceptor    : To-one property `com.gomin_jungdok.gdgoc.comment.Comment#post` was mapped with LAZY + NO_PROXY but the class was not enhanced
2025-03-26T15:29:09.469Z DEBUG 835411 --- [gdgoc] [           main] org.hibernate.ormbytecode.interceptor    : To-one property `com.gomin_jungdok.gdgoc.comment.Comment#user` was mapped with LAZY + NO_PROXY but the class was not enhanced
2025-03-26T15:29:09.471Z DEBUG 835411 --- [gdgoc] [           main] o.h.boot.internal.ClassLoaderAccessImpl  : Not known whether passed class name [com.gomin_jungdok.gdgoc.post.Post] is safe
2025-03-26T15:29:09.471Z DEBUG 835411 --- [gdgoc] [           main] o.h.boot.internal.ClassLoaderAccessImpl  : No temp ClassLoader provided; using live ClassLoader for loading potentially unsafe class : com.gomin_jungdok.gdgoc.post.Post
2025-03-26T15:29:09.524Z DEBUG 835411 --- [gdgoc] [           main] o.h.b.i.bytebuddy.BytecodeProviderImpl   : HHH000513: Unable to create the ReflectionOptimizer for [com.gomin_jungdok.gdgoc.post.Post]: private accessor [bestPost]
2025-03-26T15:29:09.571Z DEBUG 835411 --- [gdgoc] [           main] o.hibernate.orm.model.mapping.creation   : Starting post-init callbacks
2025-03-26T15:29:09.572Z DEBUG 835411 --- [gdgoc] [           main] o.hibernate.orm.model.mapping.creation   : Starting PostInitCallbackEntry : To-one key - NavigableRole[com.gomin_jungdok.gdgoc.vote.Vote.post]
2025-03-26T15:29:09.579Z DEBUG 835411 --- [gdgoc] [           main] o.hibernate.orm.model.mapping.creation   : Starting PostInitCallbackEntry : To-one key - NavigableRole[com.gomin_jungdok.gdgoc.vote.Vote.voteOption]
2025-03-26T15:29:09.585Z DEBUG 835411 --- [gdgoc] [           main] o.hibernate.orm.model.mapping.creation   : Starting PostInitCallbackEntry : To-one key - NavigableRole[com.gomin_jungdok.gdgoc.vote.Vote.voteUser]
2025-03-26T15:29:09.588Z DEBUG 835411 --- [gdgoc] [           main] o.hibernate.orm.model.mapping.creation   : Starting PostInitCallbackEntry : Entity(com.gomin_jungdok.gdgoc.vote.Vote) `staticFetchableList` generator
2025-03-26T15:29:09.588Z DEBUG 835411 --- [gdgoc] [           main] o.hibernate.orm.model.mapping.creation   : Starting PostInitCallbackEntry : Entity(com.gomin_jungdok.gdgoc.user.User) `staticFetchableList` generator
2025-03-26T15:29:09.589Z DEBUG 835411 --- [gdgoc] [           main] o.hibernate.orm.model.mapping.creation   : Starting PostInitCallbackEntry : To-one key - NavigableRole[com.gomin_jungdok.gdgoc.post.post_image.PostImage.post]
2025-03-26T15:29:09.589Z DEBUG 835411 --- [gdgoc] [           main] o.hibernate.orm.model.mapping.creation   : Starting PostInitCallbackEntry : Entity(com.gomin_jungdok.gdgoc.post.post_image.PostImage) `staticFetchableList` generator
2025-03-26T15:29:09.590Z DEBUG 835411 --- [gdgoc] [           main] o.hibernate.orm.model.mapping.creation   : Starting PostInitCallbackEntry : To-one key - NavigableRole[com.gomin_jungdok.gdgoc.vote_option.VoteOption.post]
2025-03-26T15:29:09.590Z DEBUG 835411 --- [gdgoc] [           main] o.hibernate.orm.model.mapping.creation   : Starting PostInitCallbackEntry : Entity(com.gomin_jungdok.gdgoc.vote_option.VoteOption) `staticFetchableList` generator
2025-03-26T15:29:09.591Z DEBUG 835411 --- [gdgoc] [           main] o.hibernate.orm.model.mapping.creation   : Starting PostInitCallbackEntry : To-one key - NavigableRole[com.gomin_jungdok.gdgoc.comment.Comment.parentComment]
2025-03-26T15:29:09.591Z DEBUG 835411 --- [gdgoc] [           main] o.hibernate.orm.model.mapping.creation   : Starting PostInitCallbackEntry : To-one key - NavigableRole[com.gomin_jungdok.gdgoc.comment.Comment.post]
2025-03-26T15:29:09.591Z DEBUG 835411 --- [gdgoc] [           main] o.hibernate.orm.model.mapping.creation   : Starting PostInitCallbackEntry : To-one key - NavigableRole[com.gomin_jungdok.gdgoc.comment.Comment.user]
2025-03-26T15:29:09.592Z DEBUG 835411 --- [gdgoc] [           main] o.hibernate.orm.model.mapping.creation   : Starting PostInitCallbackEntry : Entity(com.gomin_jungdok.gdgoc.comment.Comment) `staticFetchableList` generator
2025-03-26T15:29:09.592Z DEBUG 835411 --- [gdgoc] [           main] o.hibernate.orm.model.mapping.creation   : Starting PostInitCallbackEntry : Entity(com.gomin_jungdok.gdgoc.post.Post) `staticFetchableList` generator
2025-03-26T15:29:09.743Z DEBUG 835411 --- [gdgoc] [           main] org.hibernate.orm.sql.ast.create         : Created new SQL alias : v1_0
2025-03-26T15:29:09.746Z DEBUG 835411 --- [gdgoc] [           main] org.hibernate.orm.sql.ast.create         : Registration of TableGroup [StandardTableGroup(com.gomin_jungdok.gdgoc.vote.Vote)] with identifierForTableGroup [com.gomin_jungdok.gdgoc.vote.Vote] for NavigablePath [com.gomin_jungdok.gdgoc.vote.Vote] 
2025-03-26T15:29:09.761Z DEBUG 835411 --- [gdgoc] [           main] org.hibernate.orm.sql.ast.create         : Registration of TableGroup [org.hibernate.sql.ast.tree.from.LazyTableGroup@30221cfa] with identifierForTableGroup [com.gomin_jungdok.gdgoc.vote.Vote.post] for NavigablePath [com.gomin_jungdok.gdgoc.vote.Vote.post] 
2025-03-26T15:29:09.765Z DEBUG 835411 --- [gdgoc] [           main] org.hibernate.orm.sql.ast.create         : Registration of TableGroup [org.hibernate.sql.ast.tree.from.LazyTableGroup@6870a76f] with identifierForTableGroup [com.gomin_jungdok.gdgoc.vote.Vote.voteOption] for NavigablePath [com.gomin_jungdok.gdgoc.vote.Vote.voteOption] 
2025-03-26T15:29:09.765Z DEBUG 835411 --- [gdgoc] [           main] org.hibernate.orm.sql.ast.create         : Registration of TableGroup [org.hibernate.sql.ast.tree.from.LazyTableGroup@42257df7] with identifierForTableGroup [com.gomin_jungdok.gdgoc.vote.Vote.voteUser] for NavigablePath [com.gomin_jungdok.gdgoc.vote.Vote.voteUser] 
2025-03-26T15:29:09.778Z DEBUG 835411 --- [gdgoc] [           main] org.hibernate.orm.results.graph.AST      : DomainResult Graph:
 \-EntityResultImpl [com.gomin_jungdok.gdgoc.vote.Vote]
 |  +-BasicFetch [com.gomin_jungdok.gdgoc.vote.Vote.createdAt]
 |  +-EntityDelayedFetchImpl [com.gomin_jungdok.gdgoc.vote.Vote.post]
 |  +-EntityDelayedFetchImpl [com.gomin_jungdok.gdgoc.vote.Vote.voteOption]
 |  \-EntityDelayedFetchImpl [com.gomin_jungdok.gdgoc.vote.Vote.voteUser]

2025-03-26T15:29:09.783Z DEBUG 835411 --- [gdgoc] [           main] org.hibernate.orm.sql.ast.tree           : SQL AST Tree:
    SelectStatement {
      FromClause {
        StandardTableGroup (v1 : com.gomin_jungdok.gdgoc.vote.Vote) {
          primaryTableReference : vote as v1_0
          TableGroupJoins {
            left  join LazyTableGroup (p1 : com.gomin_jungdok.gdgoc.vote.Vote.post) {
            }
            left  join LazyTableGroup (vo1 : com.gomin_jungdok.gdgoc.vote.Vote.voteOption) {
            }
            left  join LazyTableGroup (vu1 : com.gomin_jungdok.gdgoc.vote.Vote.voteUser) {
            }
          }
        }
      }
    }

2025-03-26T15:29:09.800Z DEBUG 835411 --- [gdgoc] [           main] o.h.p.entity.AbstractEntityPersister     : Static SQL for entity: com.gomin_jungdok.gdgoc.vote.Vote
2025-03-26T15:29:09.801Z DEBUG 835411 --- [gdgoc] [           main] o.h.p.entity.AbstractEntityPersister     :  Version select: select vote_id from vote where vote_id=?
2025-03-26T15:29:09.801Z DEBUG 835411 --- [gdgoc] [           main] o.h.p.entity.AbstractEntityPersister     :  Insert (0): insert into vote (created_at,post_id,option_id,vote_user) values (?,?,?,?)
2025-03-26T15:29:09.801Z DEBUG 835411 --- [gdgoc] [           main] o.h.p.entity.AbstractEntityPersister     :  Update (0): update vote set post_id=?,option_id=?,vote_user=? where vote_id=?
2025-03-26T15:29:09.801Z DEBUG 835411 --- [gdgoc] [           main] o.h.p.entity.AbstractEntityPersister     :  Delete (0): delete from vote where vote_id=?
2025-03-26T15:29:09.801Z DEBUG 835411 --- [gdgoc] [           main] org.hibernate.orm.sql.ast.create         : Created new SQL alias : u1_0
2025-03-26T15:29:09.801Z DEBUG 835411 --- [gdgoc] [           main] org.hibernate.orm.sql.ast.create         : Registration of TableGroup [StandardTableGroup(com.gomin_jungdok.gdgoc.user.User)] with identifierForTableGroup [com.gomin_jungdok.gdgoc.user.User] for NavigablePath [com.gomin_jungdok.gdgoc.user.User] 
2025-03-26T15:29:09.802Z DEBUG 835411 --- [gdgoc] [           main] org.hibernate.orm.results.graph.AST      : DomainResult Graph:
 \-EntityResultImpl [com.gomin_jungdok.gdgoc.user.User]
 |  +-BasicFetch [com.gomin_jungdok.gdgoc.user.User.createdAt]
 |  +-BasicFetch [com.gomin_jungdok.gdgoc.user.User.email]
 |  +-BasicFetch [com.gomin_jungdok.gdgoc.user.User.nickname]
 |  +-BasicFetch [com.gomin_jungdok.gdgoc.user.User.password]
 |  +-BasicFetch [com.gomin_jungdok.gdgoc.user.User.profileImage]
 |  +-BasicFetch [com.gomin_jungdok.gdgoc.user.User.socialId]
 |  +-BasicFetch [com.gomin_jungdok.gdgoc.user.User.socialType]
 |  +-BasicFetch [com.gomin_jungdok.gdgoc.user.User.uid]
 |  \-BasicFetch [com.gomin_jungdok.gdgoc.user.User.userId]

2025-03-26T15:29:09.802Z DEBUG 835411 --- [gdgoc] [           main] org.hibernate.orm.sql.ast.tree           : SQL AST Tree:
    SelectStatement {
      FromClause {
        StandardTableGroup (u1 : com.gomin_jungdok.gdgoc.user.User) {
          primaryTableReference : user as u1_0
        }
      }
    }

2025-03-26T15:29:09.802Z DEBUG 835411 --- [gdgoc] [           main] o.h.p.entity.AbstractEntityPersister     : Static SQL for entity: com.gomin_jungdok.gdgoc.user.User
2025-03-26T15:29:09.802Z DEBUG 835411 --- [gdgoc] [           main] o.h.p.entity.AbstractEntityPersister     :  Version select: select user_id from user where user_id=?
2025-03-26T15:29:09.803Z DEBUG 835411 --- [gdgoc] [           main] o.h.p.entity.AbstractEntityPersister     :  Insert (0): insert into user (created_at,google_email,nickname,password,profile_image,social_id,social_type,uid,id) values (?,?,?,?,?,?,?,?,?)
2025-03-26T15:29:09.803Z DEBUG 835411 --- [gdgoc] [           main] o.h.p.entity.AbstractEntityPersister     :  Update (0): update user set google_email=?,nickname=?,password=?,profile_image=?,social_id=?,social_type=?,uid=?,id=? where user_id=?
2025-03-26T15:29:09.803Z DEBUG 835411 --- [gdgoc] [           main] o.h.p.entity.AbstractEntityPersister     :  Delete (0): delete from user where user_id=?
2025-03-26T15:29:09.803Z DEBUG 835411 --- [gdgoc] [           main] org.hibernate.orm.sql.ast.create         : Created new SQL alias : pi1_0
2025-03-26T15:29:09.803Z DEBUG 835411 --- [gdgoc] [           main] org.hibernate.orm.sql.ast.create         : Registration of TableGroup [StandardTableGroup(com.gomin_jungdok.gdgoc.post.post_image.PostImage)] with identifierForTableGroup [com.gomin_jungdok.gdgoc.post.post_image.PostImage] for NavigablePath [com.gomin_jungdok.gdgoc.post.post_image.PostImage] 
2025-03-26T15:29:09.803Z DEBUG 835411 --- [gdgoc] [           main] org.hibernate.orm.sql.ast.create         : Registration of TableGroup [org.hibernate.sql.ast.tree.from.LazyTableGroup@664083f6] with identifierForTableGroup [com.gomin_jungdok.gdgoc.post.post_image.PostImage.post] for NavigablePath [com.gomin_jungdok.gdgoc.post.post_image.PostImage.post] 
2025-03-26T15:29:09.803Z DEBUG 835411 --- [gdgoc] [           main] org.hibernate.orm.results.graph.AST      : DomainResult Graph:
 \-EntityResultImpl [com.gomin_jungdok.gdgoc.post.post_image.PostImage]
 |  +-BasicFetch [com.gomin_jungdok.gdgoc.post.post_image.PostImage.imageUrl]
 |  +-BasicFetch [com.gomin_jungdok.gdgoc.post.post_image.PostImage.orderSequence]
 |  \-EntityDelayedFetchImpl [com.gomin_jungdok.gdgoc.post.post_image.PostImage.post]

2025-03-26T15:29:09.804Z DEBUG 835411 --- [gdgoc] [           main] org.hibernate.orm.sql.ast.tree           : SQL AST Tree:
    SelectStatement {
      FromClause {
        StandardTableGroup (pi1 : com.gomin_jungdok.gdgoc.post.post_image.PostImage) {
          primaryTableReference : post_image as pi1_0
          TableGroupJoins {
            left  join LazyTableGroup (p1 : com.gomin_jungdok.gdgoc.post.post_image.PostImage.post) {
            }
          }
        }
      }
    }

2025-03-26T15:29:09.804Z DEBUG 835411 --- [gdgoc] [           main] o.h.p.entity.AbstractEntityPersister     : Static SQL for entity: com.gomin_jungdok.gdgoc.post.post_image.PostImage
2025-03-26T15:29:09.804Z DEBUG 835411 --- [gdgoc] [           main] o.h.p.entity.AbstractEntityPersister     :  Version select: select post_image_id from post_image where post_image_id=?
2025-03-26T15:29:09.804Z DEBUG 835411 --- [gdgoc] [           main] o.h.p.entity.AbstractEntityPersister     :  Insert (0): insert into post_image (image_url,order_sequence,post_id) values (?,?,?)
2025-03-26T15:29:09.804Z DEBUG 835411 --- [gdgoc] [           main] o.h.p.entity.AbstractEntityPersister     :  Update (0): update post_image set image_url=?,order_sequence=?,post_id=? where post_image_id=?
2025-03-26T15:29:09.804Z DEBUG 835411 --- [gdgoc] [           main] o.h.p.entity.AbstractEntityPersister     :  Delete (0): delete from post_image where post_image_id=?
2025-03-26T15:29:09.804Z DEBUG 835411 --- [gdgoc] [           main] org.hibernate.orm.sql.ast.create         : Created new SQL alias : vo1_0
2025-03-26T15:29:09.804Z DEBUG 835411 --- [gdgoc] [           main] org.hibernate.orm.sql.ast.create         : Registration of TableGroup [StandardTableGroup(com.gomin_jungdok.gdgoc.vote_option.VoteOption)] with identifierForTableGroup [com.gomin_jungdok.gdgoc.vote_option.VoteOption] for NavigablePath [com.gomin_jungdok.gdgoc.vote_option.VoteOption] 
2025-03-26T15:29:09.804Z DEBUG 835411 --- [gdgoc] [           main] org.hibernate.orm.sql.ast.create         : Registration of TableGroup [org.hibernate.sql.ast.tree.from.LazyTableGroup@67216c33] with identifierForTableGroup [com.gomin_jungdok.gdgoc.vote_option.VoteOption.post] for NavigablePath [com.gomin_jungdok.gdgoc.vote_option.VoteOption.post] 
2025-03-26T15:29:09.805Z DEBUG 835411 --- [gdgoc] [           main] org.hibernate.orm.results.graph.AST      : DomainResult Graph:
 \-EntityResultImpl [com.gomin_jungdok.gdgoc.vote_option.VoteOption]
 |  +-BasicFetch [com.gomin_jungdok.gdgoc.vote_option.VoteOption.order]
 |  +-EntityDelayedFetchImpl [com.gomin_jungdok.gdgoc.vote_option.VoteOption.post]
 |  \-BasicFetch [com.gomin_jungdok.gdgoc.vote_option.VoteOption.text]

2025-03-26T15:29:09.805Z DEBUG 835411 --- [gdgoc] [           main] org.hibernate.orm.sql.ast.tree           : SQL AST Tree:
    SelectStatement {
      FromClause {
        StandardTableGroup (vo1 : com.gomin_jungdok.gdgoc.vote_option.VoteOption) {
          primaryTableReference : vote_option as vo1_0
          TableGroupJoins {
            left  join LazyTableGroup (p1 : com.gomin_jungdok.gdgoc.vote_option.VoteOption.post) {
            }
          }
        }
      }
    }

2025-03-26T15:29:09.805Z DEBUG 835411 --- [gdgoc] [           main] o.h.p.entity.AbstractEntityPersister     : Static SQL for entity: com.gomin_jungdok.gdgoc.vote_option.VoteOption
2025-03-26T15:29:09.805Z DEBUG 835411 --- [gdgoc] [           main] o.h.p.entity.AbstractEntityPersister     :  Version select: select option_id from vote_option where option_id=?
2025-03-26T15:29:09.805Z DEBUG 835411 --- [gdgoc] [           main] o.h.p.entity.AbstractEntityPersister     :  Insert (0): insert into vote_option (option_order,post_id,option_text) values (?,?,?)
2025-03-26T15:29:09.805Z DEBUG 835411 --- [gdgoc] [           main] o.h.p.entity.AbstractEntityPersister     :  Update (0): update vote_option set option_order=?,post_id=?,option_text=? where option_id=?
2025-03-26T15:29:09.805Z DEBUG 835411 --- [gdgoc] [           main] o.h.p.entity.AbstractEntityPersister     :  Delete (0): delete from vote_option where option_id=?
2025-03-26T15:29:09.805Z DEBUG 835411 --- [gdgoc] [           main] org.hibernate.orm.sql.ast.create         : Created new SQL alias : c1_0
2025-03-26T15:29:09.805Z DEBUG 835411 --- [gdgoc] [           main] org.hibernate.orm.sql.ast.create         : Registration of TableGroup [StandardTableGroup(com.gomin_jungdok.gdgoc.comment.Comment)] with identifierForTableGroup [com.gomin_jungdok.gdgoc.comment.Comment] for NavigablePath [com.gomin_jungdok.gdgoc.comment.Comment] 
2025-03-26T15:29:09.810Z DEBUG 835411 --- [gdgoc] [           main] org.hibernate.orm.sql.ast.create         : Registration of TableGroup [org.hibernate.sql.ast.tree.from.LazyTableGroup@7b6b99c5] with identifierForTableGroup [com.gomin_jungdok.gdgoc.comment.Comment.parentComment] for NavigablePath [com.gomin_jungdok.gdgoc.comment.Comment.parentComment] 
2025-03-26T15:29:09.812Z DEBUG 835411 --- [gdgoc] [           main] org.hibernate.orm.sql.ast.create         : Created new SQL alias : pc1_0
2025-03-26T15:29:09.817Z DEBUG 835411 --- [gdgoc] [           main] org.hibernate.orm.sql.ast.create         : Registration of TableGroup [org.hibernate.sql.ast.tree.from.LazyTableGroup@5a5c2889] with identifierForTableGroup [com.gomin_jungdok.gdgoc.comment.Comment.parentComment.parentComment] for NavigablePath [com.gomin_jungdok.gdgoc.comment.Comment.parentComment.parentComment] 
2025-03-26T15:29:09.819Z DEBUG 835411 --- [gdgoc] [           main] org.hibernate.orm.sql.ast.create         : Registration of TableGroup [org.hibernate.sql.ast.tree.from.LazyTableGroup@d7c4fcb] with identifierForTableGroup [com.gomin_jungdok.gdgoc.comment.Comment.parentComment.post] for NavigablePath [com.gomin_jungdok.gdgoc.comment.Comment.parentComment.post] 
2025-03-26T15:29:09.819Z DEBUG 835411 --- [gdgoc] [           main] org.hibernate.orm.sql.ast.create         : Created new SQL alias : p1_0
2025-03-26T15:29:09.820Z DEBUG 835411 --- [gdgoc] [           main] org.hibernate.orm.sql.ast.create         : Registration of TableGroup [org.hibernate.sql.ast.tree.from.LazyTableGroup@498503cb] with identifierForTableGroup [com.gomin_jungdok.gdgoc.comment.Comment.parentComment.user] for NavigablePath [com.gomin_jungdok.gdgoc.comment.Comment.parentComment.user] 
2025-03-26T15:29:09.820Z DEBUG 835411 --- [gdgoc] [           main] org.hibernate.orm.sql.ast.create         : Created new SQL alias : u1_0
2025-03-26T15:29:09.821Z DEBUG 835411 --- [gdgoc] [           main] org.hibernate.orm.sql.ast.create         : Registration of TableGroup [org.hibernate.sql.ast.tree.from.LazyTableGroup@1fc386f8] with identifierForTableGroup [com.gomin_jungdok.gdgoc.comment.Comment.post] for NavigablePath [com.gomin_jungdok.gdgoc.comment.Comment.post] 
2025-03-26T15:29:09.821Z DEBUG 835411 --- [gdgoc] [           main] org.hibernate.orm.sql.ast.create         : Created new SQL alias : p2_0
2025-03-26T15:29:09.822Z DEBUG 835411 --- [gdgoc] [           main] org.hibernate.orm.sql.ast.create         : Registration of TableGroup [org.hibernate.sql.ast.tree.from.LazyTableGroup@7eb94590] with identifierForTableGroup [com.gomin_jungdok.gdgoc.comment.Comment.user] for NavigablePath [com.gomin_jungdok.gdgoc.comment.Comment.user] 
2025-03-26T15:29:09.822Z DEBUG 835411 --- [gdgoc] [           main] org.hibernate.orm.sql.ast.create         : Created new SQL alias : u2_0
2025-03-26T15:29:09.823Z DEBUG 835411 --- [gdgoc] [           main] org.hibernate.orm.results.graph.AST      : DomainResult Graph:
 \-EntityResultImpl [com.gomin_jungdok.gdgoc.comment.Comment]
 |  +-BasicFetch [com.gomin_jungdok.gdgoc.comment.Comment.createdAt]
 |  +-BasicFetch [com.gomin_jungdok.gdgoc.comment.Comment.description]
 |  +-BasicFetch [com.gomin_jungdok.gdgoc.comment.Comment.hierarchy]
 |  +-EntityFetchJoinedImpl [com.gomin_jungdok.gdgoc.comment.Comment.parentComment]
 |  |  +-BasicFetch [com.gomin_jungdok.gdgoc.comment.Comment.parentComment.createdAt]
 |  |  +-BasicFetch [com.gomin_jungdok.gdgoc.comment.Comment.parentComment.description]
 |  |  +-BasicFetch [com.gomin_jungdok.gdgoc.comment.Comment.parentComment.hierarchy]
 |  |  +-CircularFetchImpl [com.gomin_jungdok.gdgoc.comment.Comment.parentComment.parentComment]
 |  |  +-EntityFetchJoinedImpl [com.gomin_jungdok.gdgoc.comment.Comment.parentComment.post]
 |  |  |  +-BasicFetch [com.gomin_jungdok.gdgoc.comment.Comment.parentComment.post.bestPost]
 |  |  |  +-BasicFetch [com.gomin_jungdok.gdgoc.comment.Comment.parentComment.post.createdAt]
 |  |  |  +-BasicFetch [com.gomin_jungdok.gdgoc.comment.Comment.parentComment.post.description]
 |  |  |  +-BasicFetch [com.gomin_jungdok.gdgoc.comment.Comment.parentComment.post.isAI]
 |  |  |  +-BasicFetch [com.gomin_jungdok.gdgoc.comment.Comment.parentComment.post.title]
 |  |  |  +-BasicFetch [com.gomin_jungdok.gdgoc.comment.Comment.parentComment.post.todayPost]
 |  |  |  \-BasicFetch [com.gomin_jungdok.gdgoc.comment.Comment.parentComment.post.userId]
 |  |  \-EntityFetchJoinedImpl [com.gomin_jungdok.gdgoc.comment.Comment.parentComment.user]
 |  |  |  +-BasicFetch [com.gomin_jungdok.gdgoc.comment.Comment.parentComment.user.createdAt]
 |  |  |  +-BasicFetch [com.gomin_jungdok.gdgoc.comment.Comment.parentComment.user.email]
 |  |  |  +-BasicFetch [com.gomin_jungdok.gdgoc.comment.Comment.parentComment.user.nickname]
 |  |  |  +-BasicFetch [com.gomin_jungdok.gdgoc.comment.Comment.parentComment.user.password]
 |  |  |  +-BasicFetch [com.gomin_jungdok.gdgoc.comment.Comment.parentComment.user.profileImage]
 |  |  |  +-BasicFetch [com.gomin_jungdok.gdgoc.comment.Comment.parentComment.user.socialId]
 |  |  |  +-BasicFetch [com.gomin_jungdok.gdgoc.comment.Comment.parentComment.user.socialType]
 |  |  |  +-BasicFetch [com.gomin_jungdok.gdgoc.comment.Comment.parentComment.user.uid]
 |  |  |  \-BasicFetch [com.gomin_jungdok.gdgoc.comment.Comment.parentComment.user.userId]
 |  +-EntityFetchJoinedImpl [com.gomin_jungdok.gdgoc.comment.Comment.post]
 |  |  +-BasicFetch [com.gomin_jungdok.gdgoc.comment.Comment.post.bestPost]
 |  |  +-BasicFetch [com.gomin_jungdok.gdgoc.comment.Comment.post.createdAt]
 |  |  +-BasicFetch [com.gomin_jungdok.gdgoc.comment.Comment.post.description]
 |  |  +-BasicFetch [com.gomin_jungdok.gdgoc.comment.Comment.post.isAI]
 |  |  +-BasicFetch [com.gomin_jungdok.gdgoc.comment.Comment.post.title]
 |  |  +-BasicFetch [com.gomin_jungdok.gdgoc.comment.Comment.post.todayPost]
 |  |  \-BasicFetch [com.gomin_jungdok.gdgoc.comment.Comment.post.userId]
 |  \-EntityFetchJoinedImpl [com.gomin_jungdok.gdgoc.comment.Comment.user]
 |  |  +-BasicFetch [com.gomin_jungdok.gdgoc.comment.Comment.user.createdAt]
 |  |  +-BasicFetch [com.gomin_jungdok.gdgoc.comment.Comment.user.email]
 |  |  +-BasicFetch [com.gomin_jungdok.gdgoc.comment.Comment.user.nickname]
 |  |  +-BasicFetch [com.gomin_jungdok.gdgoc.comment.Comment.user.password]
 |  |  +-BasicFetch [com.gomin_jungdok.gdgoc.comment.Comment.user.profileImage]
 |  |  +-BasicFetch [com.gomin_jungdok.gdgoc.comment.Comment.user.socialId]
 |  |  +-BasicFetch [com.gomin_jungdok.gdgoc.comment.Comment.user.socialType]
 |  |  +-BasicFetch [com.gomin_jungdok.gdgoc.comment.Comment.user.uid]
 |  |  \-BasicFetch [com.gomin_jungdok.gdgoc.comment.Comment.user.userId]

2025-03-26T15:29:09.823Z DEBUG 835411 --- [gdgoc] [           main] org.hibernate.orm.sql.ast.tree           : SQL AST Tree:
    SelectStatement {
      FromClause {
        StandardTableGroup (c1 : com.gomin_jungdok.gdgoc.comment.Comment) {
          primaryTableReference : comment as c1_0
          TableGroupJoins {
            left  join LazyTableGroup (pc1 : com.gomin_jungdok.gdgoc.comment.Comment.parentComment) {
              primaryTableReference : comment as pc1_0
              TableGroupJoins {
                left  join LazyTableGroup (pc2 : com.gomin_jungdok.gdgoc.comment.Comment.parentComment.parentComment) {
                }
                left  join LazyTableGroup (p1 : com.gomin_jungdok.gdgoc.comment.Comment.parentComment.post) {
                  primaryTableReference : post as p1_0
                }
                left  join LazyTableGroup (u1 : com.gomin_jungdok.gdgoc.comment.Comment.parentComment.user) {
                  primaryTableReference : user as u1_0
                }
              }
            }
             join LazyTableGroup (p2 : com.gomin_jungdok.gdgoc.comment.Comment.post) {
              primaryTableReference : post as p2_0
            }
             join LazyTableGroup (u2 : com.gomin_jungdok.gdgoc.comment.Comment.user) {
              primaryTableReference : user as u2_0
            }
          }
        }
      }
    }

2025-03-26T15:29:09.827Z DEBUG 835411 --- [gdgoc] [           main] o.h.p.entity.AbstractEntityPersister     : Static SQL for entity: com.gomin_jungdok.gdgoc.comment.Comment
2025-03-26T15:29:09.827Z DEBUG 835411 --- [gdgoc] [           main] o.h.p.entity.AbstractEntityPersister     :  Version select: select comment_id from comment where comment_id=?
2025-03-26T15:29:09.827Z DEBUG 835411 --- [gdgoc] [           main] o.h.p.entity.AbstractEntityPersister     :  Insert (0): insert into comment (created_at,comment_desc,hierarchy,parent_comment_id,post_id,user_id) values (?,?,?,?,?,?)
2025-03-26T15:29:09.827Z DEBUG 835411 --- [gdgoc] [           main] o.h.p.entity.AbstractEntityPersister     :  Update (0): update comment set comment_desc=?,hierarchy=?,parent_comment_id=?,post_id=?,user_id=? where comment_id=?
2025-03-26T15:29:09.827Z DEBUG 835411 --- [gdgoc] [           main] o.h.p.entity.AbstractEntityPersister     :  Delete (0): delete from comment where comment_id=?
2025-03-26T15:29:09.827Z DEBUG 835411 --- [gdgoc] [           main] org.hibernate.orm.sql.ast.create         : Created new SQL alias : p1_0
2025-03-26T15:29:09.827Z DEBUG 835411 --- [gdgoc] [           main] org.hibernate.orm.sql.ast.create         : Registration of TableGroup [StandardTableGroup(com.gomin_jungdok.gdgoc.post.Post)] with identifierForTableGroup [com.gomin_jungdok.gdgoc.post.Post] for NavigablePath [com.gomin_jungdok.gdgoc.post.Post] 
2025-03-26T15:29:09.828Z DEBUG 835411 --- [gdgoc] [           main] org.hibernate.orm.results.graph.AST      : DomainResult Graph:
 \-EntityResultImpl [com.gomin_jungdok.gdgoc.post.Post]
 |  +-BasicFetch [com.gomin_jungdok.gdgoc.post.Post.bestPost]
 |  +-BasicFetch [com.gomin_jungdok.gdgoc.post.Post.createdAt]
 |  +-BasicFetch [com.gomin_jungdok.gdgoc.post.Post.description]
 |  +-BasicFetch [com.gomin_jungdok.gdgoc.post.Post.isAI]
 |  +-BasicFetch [com.gomin_jungdok.gdgoc.post.Post.title]
 |  +-BasicFetch [com.gomin_jungdok.gdgoc.post.Post.todayPost]
 |  \-BasicFetch [com.gomin_jungdok.gdgoc.post.Post.userId]

2025-03-26T15:29:09.828Z DEBUG 835411 --- [gdgoc] [           main] org.hibernate.orm.sql.ast.tree           : SQL AST Tree:
    SelectStatement {
      FromClause {
        StandardTableGroup (p1 : com.gomin_jungdok.gdgoc.post.Post) {
          primaryTableReference : post as p1_0
        }
      }
    }

2025-03-26T15:29:09.828Z DEBUG 835411 --- [gdgoc] [           main] o.h.p.entity.AbstractEntityPersister     : Static SQL for entity: com.gomin_jungdok.gdgoc.post.Post
2025-03-26T15:29:09.828Z DEBUG 835411 --- [gdgoc] [           main] o.h.p.entity.AbstractEntityPersister     :  Version select: select post_id from post where post_id=?
2025-03-26T15:29:09.828Z DEBUG 835411 --- [gdgoc] [           main] o.h.p.entity.AbstractEntityPersister     :  Insert (0): insert into post (best_post,created_at,post_desc,is_ai,post_title,today_post,user_id) values (?,?,?,?,?,?,?)
2025-03-26T15:29:09.828Z DEBUG 835411 --- [gdgoc] [           main] o.h.p.entity.AbstractEntityPersister     :  Update (0): update post set best_post=?,post_desc=?,is_ai=?,post_title=?,today_post=?,user_id=? where post_id=?
2025-03-26T15:29:09.828Z DEBUG 835411 --- [gdgoc] [           main] o.h.p.entity.AbstractEntityPersister     :  Delete (0): delete from post where post_id=?
2025-03-26T15:29:09.893Z  INFO 835411 --- [gdgoc] [           main] o.h.e.t.j.p.i.JtaPlatformInitiator       : HHH000489: No JTA platform available (set 'hibernate.transaction.jta.platform' to enable JTA platform integration)
2025-03-26T15:29:09.894Z DEBUG 835411 --- [gdgoc] [           main] o.h.type.spi.TypeConfiguration$Scope     : Scoping TypeConfiguration [org.hibernate.type.spi.TypeConfiguration@6cde0c69] to SessionFactoryImplementor [org.hibernate.internal.SessionFactoryImpl@3f2a7ca0]
2025-03-26T15:29:09.896Z DEBUG 835411 --- [gdgoc] [           main] o.h.query.named.NamedObjectRepository    : Checking 0 named HQL queries
2025-03-26T15:29:09.896Z DEBUG 835411 --- [gdgoc] [           main] o.h.query.named.NamedObjectRepository    : Checking 0 named SQL queries
2025-03-26T15:29:09.999Z DEBUG 835411 --- [gdgoc] [           main] org.hibernate.mapping.Table              : No alter strings for table : comment
2025-03-26T15:29:10.007Z DEBUG 835411 --- [gdgoc] [           main] org.hibernate.mapping.Table              : No alter strings for table : post
2025-03-26T15:29:10.008Z DEBUG 835411 --- [gdgoc] [           main] org.hibernate.mapping.Table              : No alter strings for table : post_image
2025-03-26T15:29:10.009Z DEBUG 835411 --- [gdgoc] [           main] org.hibernate.mapping.Table              : No alter strings for table : user
2025-03-26T15:29:10.009Z DEBUG 835411 --- [gdgoc] [           main] org.hibernate.mapping.Table              : No alter strings for table : vote
2025-03-26T15:29:10.009Z DEBUG 835411 --- [gdgoc] [           main] org.hibernate.mapping.Table              : No alter strings for table : vote_option
2025-03-26T15:29:10.126Z DEBUG 835411 --- [gdgoc] [           main] o.h.internal.SessionFactoryRegistry      : Initializing SessionFactoryRegistry : org.hibernate.internal.SessionFactoryRegistry@112a50a1
2025-03-26T15:29:10.127Z DEBUG 835411 --- [gdgoc] [           main] o.h.internal.SessionFactoryRegistry      : Registering SessionFactory: b88b864f-d045-4222-9def-f7d1e08724bf (<unnamed>)
2025-03-26T15:29:10.127Z DEBUG 835411 --- [gdgoc] [           main] o.h.internal.SessionFactoryRegistry      : Not binding SessionFactory to JNDI, no JNDI name configured
2025-03-26T15:29:10.127Z DEBUG 835411 --- [gdgoc] [           main] o.hibernate.internal.SessionFactoryImpl  : Instantiated SessionFactory
2025-03-26T15:29:10.128Z  INFO 835411 --- [gdgoc] [           main] j.LocalContainerEntityManagerFactoryBean : Initialized JPA EntityManagerFactory for persistence unit 'default'
2025-03-26T15:29:10.341Z DEBUG 835411 --- [gdgoc] [           main] o.h.stat.internal.StatisticsInitiator    : Statistics initialized [enabled=false]
2025-03-26T15:29:10.592Z DEBUG 835411 --- [gdgoc] [           main] cResourceLocalTransactionCoordinatorImpl : JDBC transaction marked for rollback-only (exception provided for stack trace)

java.lang.Exception: exception just for purpose of providing stack trace
	at org.hibernate.resource.transaction.backend.jdbc.internal.JdbcResourceLocalTransactionCoordinatorImpl$TransactionDriverControlImpl.markRollbackOnly(JdbcResourceLocalTransactionCoordinatorImpl.java:309) ~[hibernate-core-6.6.5.Final.jar!/:6.6.5.Final]
	at org.hibernate.internal.AbstractSharedSessionContract.buildNamedQuery(AbstractSharedSessionContract.java:1141) ~[hibernate-core-6.6.5.Final.jar!/:6.6.5.Final]
	at org.hibernate.internal.AbstractSharedSessionContract.createNamedQuery(AbstractSharedSessionContract.java:1019) ~[hibernate-core-6.6.5.Final.jar!/:6.6.5.Final]
	at org.hibernate.internal.AbstractSharedSessionContract.createNamedQuery(AbstractSharedSessionContract.java:143) ~[hibernate-core-6.6.5.Final.jar!/:6.6.5.Final]
	at java.base/jdk.internal.reflect.NativeMethodAccessorImpl.invoke0(Native Method) ~[na:na]
	at java.base/jdk.internal.reflect.NativeMethodAccessorImpl.invoke(NativeMethodAccessorImpl.java:77) ~[na:na]
	at java.base/jdk.internal.reflect.DelegatingMethodAccessorImpl.invoke(DelegatingMethodAccessorImpl.java:43) ~[na:na]
	at java.base/java.lang.reflect.Method.invoke(Method.java:569) ~[na:na]
	at org.springframework.orm.jpa.ExtendedEntityManagerCreator$ExtendedEntityManagerInvocationHandler.invoke(ExtendedEntityManagerCreator.java:364) ~[spring-orm-6.2.2.jar!/:6.2.2]
	at jdk.proxy2/jdk.proxy2.$Proxy134.createNamedQuery(Unknown Source) ~[na:na]
	at org.springframework.data.jpa.repository.query.NamedQuery.hasNamedQuery(NamedQuery.java:114) ~[spring-data-jpa-3.4.2.jar!/:3.4.2]
	at org.springframework.data.jpa.repository.query.NamedQuery.lookupFrom(NamedQuery.java:140) ~[spring-data-jpa-3.4.2.jar!/:3.4.2]
	at org.springframework.data.jpa.repository.query.JpaQueryLookupStrategy$DeclaredQueryLookupStrategy.resolveQuery(JpaQueryLookupStrategy.java:184) ~[spring-data-jpa-3.4.2.jar!/:3.4.2]
	at org.springframework.data.jpa.repository.query.JpaQueryLookupStrategy$CreateIfNotFoundQueryLookupStrategy.resolveQuery(JpaQueryLookupStrategy.java:256) ~[spring-data-jpa-3.4.2.jar!/:3.4.2]
	at org.springframework.data.jpa.repository.query.JpaQueryLookupStrategy$AbstractQueryLookupStrategy.resolveQuery(JpaQueryLookupStrategy.java:99) ~[spring-data-jpa-3.4.2.jar!/:3.4.2]
	at org.springframework.data.repository.core.support.QueryExecutorMethodInterceptor.lookupQuery(QueryExecutorMethodInterceptor.java:116) ~[spring-data-commons-3.4.2.jar!/:3.4.2]
	at org.springframework.data.repository.core.support.QueryExecutorMethodInterceptor.mapMethodsToQuery(QueryExecutorMethodInterceptor.java:104) ~[spring-data-commons-3.4.2.jar!/:3.4.2]
	at org.springframework.data.repository.core.support.QueryExecutorMethodInterceptor.lambda$new$0(QueryExecutorMethodInterceptor.java:92) ~[spring-data-commons-3.4.2.jar!/:3.4.2]
	at java.base/java.util.Optional.map(Optional.java:260) ~[na:na]
	at org.springframework.data.repository.core.support.QueryExecutorMethodInterceptor.<init>(QueryExecutorMethodInterceptor.java:92) ~[spring-data-commons-3.4.2.jar!/:3.4.2]
	at org.springframework.data.repository.core.support.RepositoryFactorySupport.getRepository(RepositoryFactorySupport.java:440) ~[spring-data-commons-3.4.2.jar!/:3.4.2]
	at org.springframework.data.repository.core.support.RepositoryFactoryBeanSupport.lambda$afterPropertiesSet$4(RepositoryFactoryBeanSupport.java:350) ~[spring-data-commons-3.4.2.jar!/:3.4.2]
	at org.springframework.data.util.Lazy.getNullable(Lazy.java:135) ~[spring-data-commons-3.4.2.jar!/:3.4.2]
	at org.springframework.data.util.Lazy.get(Lazy.java:113) ~[spring-data-commons-3.4.2.jar!/:3.4.2]
	at org.springframework.data.repository.core.support.RepositoryFactoryBeanSupport.afterPropertiesSet(RepositoryFactoryBeanSupport.java:356) ~[spring-data-commons-3.4.2.jar!/:3.4.2]
	at org.springframework.data.jpa.repository.support.JpaRepositoryFactoryBean.afterPropertiesSet(JpaRepositoryFactoryBean.java:132) ~[spring-data-jpa-3.4.2.jar!/:3.4.2]
	at org.springframework.beans.factory.support.AbstractAutowireCapableBeanFactory.invokeInitMethods(AbstractAutowireCapableBeanFactory.java:1859) ~[spring-beans-6.2.2.jar!/:6.2.2]
	at org.springframework.beans.factory.support.AbstractAutowireCapableBeanFactory.initializeBean(AbstractAutowireCapableBeanFactory.java:1808) ~[spring-beans-6.2.2.jar!/:6.2.2]
	at org.springframework.beans.factory.support.AbstractAutowireCapableBeanFactory.doCreateBean(AbstractAutowireCapableBeanFactory.java:601) ~[spring-beans-6.2.2.jar!/:6.2.2]
	at org.springframework.beans.factory.support.AbstractAutowireCapableBeanFactory.createBean(AbstractAutowireCapableBeanFactory.java:523) ~[spring-beans-6.2.2.jar!/:6.2.2]
	at org.springframework.beans.factory.support.AbstractBeanFactory.lambda$doGetBean$0(AbstractBeanFactory.java:336) ~[spring-beans-6.2.2.jar!/:6.2.2]
	at org.springframework.beans.factory.support.DefaultSingletonBeanRegistry.getSingleton(DefaultSingletonBeanRegistry.java:307) ~[spring-beans-6.2.2.jar!/:6.2.2]
	at org.springframework.beans.factory.support.AbstractBeanFactory.doGetBean(AbstractBeanFactory.java:334) ~[spring-beans-6.2.2.jar!/:6.2.2]
	at org.springframework.beans.factory.support.AbstractBeanFactory.getBean(AbstractBeanFactory.java:199) ~[spring-beans-6.2.2.jar!/:6.2.2]
	at org.springframework.beans.factory.support.DefaultListableBeanFactory.doResolveDependency(DefaultListableBeanFactory.java:1573) ~[spring-beans-6.2.2.jar!/:6.2.2]
	at org.springframework.beans.factory.support.DefaultListableBeanFactory.resolveDependency(DefaultListableBeanFactory.java:1519) ~[spring-beans-6.2.2.jar!/:6.2.2]
	at org.springframework.beans.factory.support.ConstructorResolver.resolveAutowiredArgument(ConstructorResolver.java:913) ~[spring-beans-6.2.2.jar!/:6.2.2]
	at org.springframework.beans.factory.support.ConstructorResolver.createArgumentArray(ConstructorResolver.java:791) ~[spring-beans-6.2.2.jar!/:6.2.2]
	at org.springframework.beans.factory.support.ConstructorResolver.autowireConstructor(ConstructorResolver.java:240) ~[spring-beans-6.2.2.jar!/:6.2.2]
	at org.springframework.beans.factory.support.AbstractAutowireCapableBeanFactory.autowireConstructor(AbstractAutowireCapableBeanFactory.java:1381) ~[spring-beans-6.2.2.jar!/:6.2.2]
	at org.springframework.beans.factory.support.AbstractAutowireCapableBeanFactory.createBeanInstance(AbstractAutowireCapableBeanFactory.java:1218) ~[spring-beans-6.2.2.jar!/:6.2.2]
	at org.springframework.beans.factory.support.AbstractAutowireCapableBeanFactory.doCreateBean(AbstractAutowireCapableBeanFactory.java:563) ~[spring-beans-6.2.2.jar!/:6.2.2]
	at org.springframework.beans.factory.support.AbstractAutowireCapableBeanFactory.createBean(AbstractAutowireCapableBeanFactory.java:523) ~[spring-beans-6.2.2.jar!/:6.2.2]
	at org.springframework.beans.factory.support.AbstractBeanFactory.lambda$doGetBean$0(AbstractBeanFactory.java:336) ~[spring-beans-6.2.2.jar!/:6.2.2]
	at org.springframework.beans.factory.support.DefaultSingletonBeanRegistry.getSingleton(DefaultSingletonBeanRegistry.java:307) ~[spring-beans-6.2.2.jar!/:6.2.2]
	at org.springframework.beans.factory.support.AbstractBeanFactory.doGetBean(AbstractBeanFactory.java:334) ~[spring-beans-6.2.2.jar!/:6.2.2]
	at org.springframework.beans.factory.support.AbstractBeanFactory.getBean(AbstractBeanFactory.java:204) ~[spring-beans-6.2.2.jar!/:6.2.2]
	at org.springframework.boot.web.servlet.ServletContextInitializerBeans.getOrderedBeansOfType(ServletContextInitializerBeans.java:211) ~[spring-boot-3.4.2.jar!/:3.4.2]
	at org.springframework.boot.web.servlet.ServletContextInitializerBeans.addAsRegistrationBean(ServletContextInitializerBeans.java:174) ~[spring-boot-3.4.2.jar!/:3.4.2]
	at org.springframework.boot.web.servlet.ServletContextInitializerBeans.addAsRegistrationBean(ServletContextInitializerBeans.java:169) ~[spring-boot-3.4.2.jar!/:3.4.2]
	at org.springframework.boot.web.servlet.ServletContextInitializerBeans.addAdaptableBeans(ServletContextInitializerBeans.java:154) ~[spring-boot-3.4.2.jar!/:3.4.2]
	at org.springframework.boot.web.servlet.ServletContextInitializerBeans.<init>(ServletContextInitializerBeans.java:87) ~[spring-boot-3.4.2.jar!/:3.4.2]
	at org.springframework.boot.web.servlet.context.ServletWebServerApplicationContext.getServletContextInitializerBeans(ServletWebServerApplicationContext.java:266) ~[spring-boot-3.4.2.jar!/:3.4.2]
	at org.springframework.boot.web.servlet.context.ServletWebServerApplicationContext.selfInitialize(ServletWebServerApplicationContext.java:240) ~[spring-boot-3.4.2.jar!/:3.4.2]
	at org.springframework.boot.web.embedded.tomcat.TomcatStarter.onStartup(TomcatStarter.java:52) ~[spring-boot-3.4.2.jar!/:3.4.2]
	at org.apache.catalina.core.StandardContext.startInternal(StandardContext.java:4426) ~[tomcat-embed-core-10.1.34.jar!/:na]
	at org.apache.catalina.util.LifecycleBase.start(LifecycleBase.java:164) ~[tomcat-embed-core-10.1.34.jar!/:na]
	at org.apache.catalina.core.ContainerBase$StartChild.call(ContainerBase.java:1203) ~[tomcat-embed-core-10.1.34.jar!/:na]
	at org.apache.catalina.core.ContainerBase$StartChild.call(ContainerBase.java:1193) ~[tomcat-embed-core-10.1.34.jar!/:na]
	at java.base/java.util.concurrent.FutureTask.run(FutureTask.java:264) ~[na:na]
	at org.apache.tomcat.util.threads.InlineExecutorService.execute(InlineExecutorService.java:75) ~[tomcat-embed-core-10.1.34.jar!/:na]
	at java.base/java.util.concurrent.AbstractExecutorService.submit(AbstractExecutorService.java:145) ~[na:na]
	at org.apache.catalina.core.ContainerBase.startInternal(ContainerBase.java:749) ~[tomcat-embed-core-10.1.34.jar!/:na]
	at org.apache.catalina.core.StandardHost.startInternal(StandardHost.java:772) ~[tomcat-embed-core-10.1.34.jar!/:na]
	at org.apache.catalina.util.LifecycleBase.start(LifecycleBase.java:164) ~[tomcat-embed-core-10.1.34.jar!/:na]
	at org.apache.catalina.core.ContainerBase$StartChild.call(ContainerBase.java:1203) ~[tomcat-embed-core-10.1.34.jar!/:na]
	at org.apache.catalina.core.ContainerBase$StartChild.call(ContainerBase.java:1193) ~[tomcat-embed-core-10.1.34.jar!/:na]
	at java.base/java.util.concurrent.FutureTask.run(FutureTask.java:264) ~[na:na]
	at org.apache.tomcat.util.threads.InlineExecutorService.execute(InlineExecutorService.java:75) ~[tomcat-embed-core-10.1.34.jar!/:na]
	at java.base/java.util.concurrent.AbstractExecutorService.submit(AbstractExecutorService.java:145) ~[na:na]
	at org.apache.catalina.core.ContainerBase.startInternal(ContainerBase.java:749) ~[tomcat-embed-core-10.1.34.jar!/:na]
	at org.apache.catalina.core.StandardEngine.startInternal(StandardEngine.java:203) ~[tomcat-embed-core-10.1.34.jar!/:na]
	at org.apache.catalina.util.LifecycleBase.start(LifecycleBase.java:164) ~[tomcat-embed-core-10.1.34.jar!/:na]
	at org.apache.catalina.core.StandardService.startInternal(StandardService.java:415) ~[tomcat-embed-core-10.1.34.jar!/:na]
	at org.apache.catalina.util.LifecycleBase.start(LifecycleBase.java:164) ~[tomcat-embed-core-10.1.34.jar!/:na]
	at org.apache.catalina.core.StandardServer.startInternal(StandardServer.java:870) ~[tomcat-embed-core-10.1.34.jar!/:na]
	at org.apache.catalina.util.LifecycleBase.start(LifecycleBase.java:164) ~[tomcat-embed-core-10.1.34.jar!/:na]
	at org.apache.catalina.startup.Tomcat.start(Tomcat.java:437) ~[tomcat-embed-core-10.1.34.jar!/:na]
	at org.springframework.boot.web.embedded.tomcat.TomcatWebServer.initialize(TomcatWebServer.java:128) ~[spring-boot-3.4.2.jar!/:3.4.2]
	at org.springframework.boot.web.embedded.tomcat.TomcatWebServer.<init>(TomcatWebServer.java:107) ~[spring-boot-3.4.2.jar!/:3.4.2]
	at org.springframework.boot.web.embedded.tomcat.TomcatServletWebServerFactory.getTomcatWebServer(TomcatServletWebServerFactory.java:516) ~[spring-boot-3.4.2.jar!/:3.4.2]
	at org.springframework.boot.web.embedded.tomcat.TomcatServletWebServerFactory.getWebServer(TomcatServletWebServerFactory.java:222) ~[spring-boot-3.4.2.jar!/:3.4.2]
	at org.springframework.boot.web.servlet.context.ServletWebServerApplicationContext.createWebServer(ServletWebServerApplicationContext.java:188) ~[spring-boot-3.4.2.jar!/:3.4.2]
	at org.springframework.boot.web.servlet.context.ServletWebServerApplicationContext.onRefresh(ServletWebServerApplicationContext.java:162) ~[spring-boot-3.4.2.jar!/:3.4.2]
	at org.springframework.context.support.AbstractApplicationContext.refresh(AbstractApplicationContext.java:621) ~[spring-context-6.2.2.jar!/:6.2.2]
	at org.springframework.boot.web.servlet.context.ServletWebServerApplicationContext.refresh(ServletWebServerApplicationContext.java:146) ~[spring-boot-3.4.2.jar!/:3.4.2]
	at org.springframework.boot.SpringApplication.refresh(SpringApplication.java:752) ~[spring-boot-3.4.2.jar!/:3.4.2]
	at org.springframework.boot.SpringApplication.refreshContext(SpringApplication.java:439) ~[spring-boot-3.4.2.jar!/:3.4.2]
	at org.springframework.boot.SpringApplication.run(SpringApplication.java:318) ~[spring-boot-3.4.2.jar!/:3.4.2]
	at org.springframework.boot.SpringApplication.run(SpringApplication.java:1361) ~[spring-boot-3.4.2.jar!/:3.4.2]
	at org.springframework.boot.SpringApplication.run(SpringApplication.java:1350) ~[spring-boot-3.4.2.jar!/:3.4.2]
	at com.gomin_jungdok.gdgoc.GdgocApplication.main(GdgocApplication.java:10) ~[!/:0.0.1-SNAPSHOT]
	at java.base/jdk.internal.reflect.NativeMethodAccessorImpl.invoke0(Native Method) ~[na:na]
	at java.base/jdk.internal.reflect.NativeMethodAccessorImpl.invoke(NativeMethodAccessorImpl.java:77) ~[na:na]
	at java.base/jdk.internal.reflect.DelegatingMethodAccessorImpl.invoke(DelegatingMethodAccessorImpl.java:43) ~[na:na]
	at java.base/java.lang.reflect.Method.invoke(Method.java:569) ~[na:na]
	at org.springframework.boot.loader.launch.Launcher.launch(Launcher.java:102) ~[gdgoc-0.0.1-SNAPSHOT.jar:0.0.1-SNAPSHOT]
	at org.springframework.boot.loader.launch.Launcher.launch(Launcher.java:64) ~[gdgoc-0.0.1-SNAPSHOT.jar:0.0.1-SNAPSHOT]
	at org.springframework.boot.loader.launch.JarLauncher.main(JarLauncher.java:40) ~[gdgoc-0.0.1-SNAPSHOT.jar:0.0.1-SNAPSHOT]

2025-03-26T15:29:10.721Z DEBUG 835411 --- [gdgoc] [           main] cResourceLocalTransactionCoordinatorImpl : JDBC transaction marked for rollback-only (exception provided for stack trace)

java.lang.Exception: exception just for purpose of providing stack trace
	at org.hibernate.resource.transaction.backend.jdbc.internal.JdbcResourceLocalTransactionCoordinatorImpl$TransactionDriverControlImpl.markRollbackOnly(JdbcResourceLocalTransactionCoordinatorImpl.java:309) ~[hibernate-core-6.6.5.Final.jar!/:6.6.5.Final]
	at org.hibernate.internal.AbstractSharedSessionContract.buildNamedQuery(AbstractSharedSessionContract.java:1141) ~[hibernate-core-6.6.5.Final.jar!/:6.6.5.Final]
	at org.hibernate.internal.AbstractSharedSessionContract.createNamedQuery(AbstractSharedSessionContract.java:1019) ~[hibernate-core-6.6.5.Final.jar!/:6.6.5.Final]
	at org.hibernate.internal.AbstractSharedSessionContract.createNamedQuery(AbstractSharedSessionContract.java:143) ~[hibernate-core-6.6.5.Final.jar!/:6.6.5.Final]
	at java.base/jdk.internal.reflect.NativeMethodAccessorImpl.invoke0(Native Method) ~[na:na]
	at java.base/jdk.internal.reflect.NativeMethodAccessorImpl.invoke(NativeMethodAccessorImpl.java:77) ~[na:na]
	at java.base/jdk.internal.reflect.DelegatingMethodAccessorImpl.invoke(DelegatingMethodAccessorImpl.java:43) ~[na:na]
	at java.base/java.lang.reflect.Method.invoke(Method.java:569) ~[na:na]
	at org.springframework.orm.jpa.ExtendedEntityManagerCreator$ExtendedEntityManagerInvocationHandler.invoke(ExtendedEntityManagerCreator.java:364) ~[spring-orm-6.2.2.jar!/:6.2.2]
	at jdk.proxy2/jdk.proxy2.$Proxy134.createNamedQuery(Unknown Source) ~[na:na]
	at org.springframework.data.jpa.repository.query.NamedQuery.hasNamedQuery(NamedQuery.java:114) ~[spring-data-jpa-3.4.2.jar!/:3.4.2]
	at org.springframework.data.jpa.repository.query.NamedQuery.lookupFrom(NamedQuery.java:140) ~[spring-data-jpa-3.4.2.jar!/:3.4.2]
	at org.springframework.data.jpa.repository.query.JpaQueryLookupStrategy$DeclaredQueryLookupStrategy.resolveQuery(JpaQueryLookupStrategy.java:184) ~[spring-data-jpa-3.4.2.jar!/:3.4.2]
	at org.springframework.data.jpa.repository.query.JpaQueryLookupStrategy$CreateIfNotFoundQueryLookupStrategy.resolveQuery(JpaQueryLookupStrategy.java:256) ~[spring-data-jpa-3.4.2.jar!/:3.4.2]
	at org.springframework.data.jpa.repository.query.JpaQueryLookupStrategy$AbstractQueryLookupStrategy.resolveQuery(JpaQueryLookupStrategy.java:99) ~[spring-data-jpa-3.4.2.jar!/:3.4.2]
	at org.springframework.data.repository.core.support.QueryExecutorMethodInterceptor.lookupQuery(QueryExecutorMethodInterceptor.java:116) ~[spring-data-commons-3.4.2.jar!/:3.4.2]
	at org.springframework.data.repository.core.support.QueryExecutorMethodInterceptor.mapMethodsToQuery(QueryExecutorMethodInterceptor.java:104) ~[spring-data-commons-3.4.2.jar!/:3.4.2]
	at org.springframework.data.repository.core.support.QueryExecutorMethodInterceptor.lambda$new$0(QueryExecutorMethodInterceptor.java:92) ~[spring-data-commons-3.4.2.jar!/:3.4.2]
	at java.base/java.util.Optional.map(Optional.java:260) ~[na:na]
	at org.springframework.data.repository.core.support.QueryExecutorMethodInterceptor.<init>(QueryExecutorMethodInterceptor.java:92) ~[spring-data-commons-3.4.2.jar!/:3.4.2]
	at org.springframework.data.repository.core.support.RepositoryFactorySupport.getRepository(RepositoryFactorySupport.java:440) ~[spring-data-commons-3.4.2.jar!/:3.4.2]
	at org.springframework.data.repository.core.support.RepositoryFactoryBeanSupport.lambda$afterPropertiesSet$4(RepositoryFactoryBeanSupport.java:350) ~[spring-data-commons-3.4.2.jar!/:3.4.2]
	at org.springframework.data.util.Lazy.getNullable(Lazy.java:135) ~[spring-data-commons-3.4.2.jar!/:3.4.2]
	at org.springframework.data.util.Lazy.get(Lazy.java:113) ~[spring-data-commons-3.4.2.jar!/:3.4.2]
	at org.springframework.data.repository.core.support.RepositoryFactoryBeanSupport.afterPropertiesSet(RepositoryFactoryBeanSupport.java:356) ~[spring-data-commons-3.4.2.jar!/:3.4.2]
	at org.springframework.data.jpa.repository.support.JpaRepositoryFactoryBean.afterPropertiesSet(JpaRepositoryFactoryBean.java:132) ~[spring-data-jpa-3.4.2.jar!/:3.4.2]
	at org.springframework.beans.factory.support.AbstractAutowireCapableBeanFactory.invokeInitMethods(AbstractAutowireCapableBeanFactory.java:1859) ~[spring-beans-6.2.2.jar!/:6.2.2]
	at org.springframework.beans.factory.support.AbstractAutowireCapableBeanFactory.initializeBean(AbstractAutowireCapableBeanFactory.java:1808) ~[spring-beans-6.2.2.jar!/:6.2.2]
	at org.springframework.beans.factory.support.AbstractAutowireCapableBeanFactory.doCreateBean(AbstractAutowireCapableBeanFactory.java:601) ~[spring-beans-6.2.2.jar!/:6.2.2]
	at org.springframework.beans.factory.support.AbstractAutowireCapableBeanFactory.createBean(AbstractAutowireCapableBeanFactory.java:523) ~[spring-beans-6.2.2.jar!/:6.2.2]
	at org.springframework.beans.factory.support.AbstractBeanFactory.lambda$doGetBean$0(AbstractBeanFactory.java:336) ~[spring-beans-6.2.2.jar!/:6.2.2]
	at org.springframework.beans.factory.support.DefaultSingletonBeanRegistry.getSingleton(DefaultSingletonBeanRegistry.java:307) ~[spring-beans-6.2.2.jar!/:6.2.2]
	at org.springframework.beans.factory.support.AbstractBeanFactory.doGetBean(AbstractBeanFactory.java:334) ~[spring-beans-6.2.2.jar!/:6.2.2]
	at org.springframework.beans.factory.support.AbstractBeanFactory.getBean(AbstractBeanFactory.java:199) ~[spring-beans-6.2.2.jar!/:6.2.2]
	at org.springframework.beans.factory.support.DefaultListableBeanFactory.doResolveDependency(DefaultListableBeanFactory.java:1573) ~[spring-beans-6.2.2.jar!/:6.2.2]
	at org.springframework.beans.factory.support.DefaultListableBeanFactory.resolveDependency(DefaultListableBeanFactory.java:1519) ~[spring-beans-6.2.2.jar!/:6.2.2]
	at org.springframework.beans.factory.support.ConstructorResolver.resolveAutowiredArgument(ConstructorResolver.java:913) ~[spring-beans-6.2.2.jar!/:6.2.2]
	at org.springframework.beans.factory.support.ConstructorResolver.createArgumentArray(ConstructorResolver.java:791) ~[spring-beans-6.2.2.jar!/:6.2.2]
	at org.springframework.beans.factory.support.ConstructorResolver.autowireConstructor(ConstructorResolver.java:240) ~[spring-beans-6.2.2.jar!/:6.2.2]
	at org.springframework.beans.factory.support.AbstractAutowireCapableBeanFactory.autowireConstructor(AbstractAutowireCapableBeanFactory.java:1381) ~[spring-beans-6.2.2.jar!/:6.2.2]
	at org.springframework.beans.factory.support.AbstractAutowireCapableBeanFactory.createBeanInstance(AbstractAutowireCapableBeanFactory.java:1218) ~[spring-beans-6.2.2.jar!/:6.2.2]
	at org.springframework.beans.factory.support.AbstractAutowireCapableBeanFactory.doCreateBean(AbstractAutowireCapableBeanFactory.java:563) ~[spring-beans-6.2.2.jar!/:6.2.2]
	at org.springframework.beans.factory.support.AbstractAutowireCapableBeanFactory.createBean(AbstractAutowireCapableBeanFactory.java:523) ~[spring-beans-6.2.2.jar!/:6.2.2]
	at org.springframework.beans.factory.support.AbstractBeanFactory.lambda$doGetBean$0(AbstractBeanFactory.java:336) ~[spring-beans-6.2.2.jar!/:6.2.2]
	at org.springframework.beans.factory.support.DefaultSingletonBeanRegistry.getSingleton(DefaultSingletonBeanRegistry.java:307) ~[spring-beans-6.2.2.jar!/:6.2.2]
	at org.springframework.beans.factory.support.AbstractBeanFactory.doGetBean(AbstractBeanFactory.java:334) ~[spring-beans-6.2.2.jar!/:6.2.2]
	at org.springframework.beans.factory.support.AbstractBeanFactory.getBean(AbstractBeanFactory.java:204) ~[spring-beans-6.2.2.jar!/:6.2.2]
	at org.springframework.boot.web.servlet.ServletContextInitializerBeans.getOrderedBeansOfType(ServletContextInitializerBeans.java:211) ~[spring-boot-3.4.2.jar!/:3.4.2]
	at org.springframework.boot.web.servlet.ServletContextInitializerBeans.addAsRegistrationBean(ServletContextInitializerBeans.java:174) ~[spring-boot-3.4.2.jar!/:3.4.2]
	at org.springframework.boot.web.servlet.ServletContextInitializerBeans.addAsRegistrationBean(ServletContextInitializerBeans.java:169) ~[spring-boot-3.4.2.jar!/:3.4.2]
	at org.springframework.boot.web.servlet.ServletContextInitializerBeans.addAdaptableBeans(ServletContextInitializerBeans.java:154) ~[spring-boot-3.4.2.jar!/:3.4.2]
	at org.springframework.boot.web.servlet.ServletContextInitializerBeans.<init>(ServletContextInitializerBeans.java:87) ~[spring-boot-3.4.2.jar!/:3.4.2]
	at org.springframework.boot.web.servlet.context.ServletWebServerApplicationContext.getServletContextInitializerBeans(ServletWebServerApplicationContext.java:266) ~[spring-boot-3.4.2.jar!/:3.4.2]
	at org.springframework.boot.web.servlet.context.ServletWebServerApplicationContext.selfInitialize(ServletWebServerApplicationContext.java:240) ~[spring-boot-3.4.2.jar!/:3.4.2]
	at org.springframework.boot.web.embedded.tomcat.TomcatStarter.onStartup(TomcatStarter.java:52) ~[spring-boot-3.4.2.jar!/:3.4.2]
	at org.apache.catalina.core.StandardContext.startInternal(StandardContext.java:4426) ~[tomcat-embed-core-10.1.34.jar!/:na]
	at org.apache.catalina.util.LifecycleBase.start(LifecycleBase.java:164) ~[tomcat-embed-core-10.1.34.jar!/:na]
	at org.apache.catalina.core.ContainerBase$StartChild.call(ContainerBase.java:1203) ~[tomcat-embed-core-10.1.34.jar!/:na]
	at org.apache.catalina.core.ContainerBase$StartChild.call(ContainerBase.java:1193) ~[tomcat-embed-core-10.1.34.jar!/:na]
	at java.base/java.util.concurrent.FutureTask.run(FutureTask.java:264) ~[na:na]
	at org.apache.tomcat.util.threads.InlineExecutorService.execute(InlineExecutorService.java:75) ~[tomcat-embed-core-10.1.34.jar!/:na]
	at java.base/java.util.concurrent.AbstractExecutorService.submit(AbstractExecutorService.java:145) ~[na:na]
	at org.apache.catalina.core.ContainerBase.startInternal(ContainerBase.java:749) ~[tomcat-embed-core-10.1.34.jar!/:na]
	at org.apache.catalina.core.StandardHost.startInternal(StandardHost.java:772) ~[tomcat-embed-core-10.1.34.jar!/:na]
	at org.apache.catalina.util.LifecycleBase.start(LifecycleBase.java:164) ~[tomcat-embed-core-10.1.34.jar!/:na]
	at org.apache.catalina.core.ContainerBase$StartChild.call(ContainerBase.java:1203) ~[tomcat-embed-core-10.1.34.jar!/:na]
	at org.apache.catalina.core.ContainerBase$StartChild.call(ContainerBase.java:1193) ~[tomcat-embed-core-10.1.34.jar!/:na]
	at java.base/java.util.concurrent.FutureTask.run(FutureTask.java:264) ~[na:na]
	at org.apache.tomcat.util.threads.InlineExecutorService.execute(InlineExecutorService.java:75) ~[tomcat-embed-core-10.1.34.jar!/:na]
	at java.base/java.util.concurrent.AbstractExecutorService.submit(AbstractExecutorService.java:145) ~[na:na]
	at org.apache.catalina.core.ContainerBase.startInternal(ContainerBase.java:749) ~[tomcat-embed-core-10.1.34.jar!/:na]
	at org.apache.catalina.core.StandardEngine.startInternal(StandardEngine.java:203) ~[tomcat-embed-core-10.1.34.jar!/:na]
	at org.apache.catalina.util.LifecycleBase.start(LifecycleBase.java:164) ~[tomcat-embed-core-10.1.34.jar!/:na]
	at org.apache.catalina.core.StandardService.startInternal(StandardService.java:415) ~[tomcat-embed-core-10.1.34.jar!/:na]
	at org.apache.catalina.util.LifecycleBase.start(LifecycleBase.java:164) ~[tomcat-embed-core-10.1.34.jar!/:na]
	at org.apache.catalina.core.StandardServer.startInternal(StandardServer.java:870) ~[tomcat-embed-core-10.1.34.jar!/:na]
	at org.apache.catalina.util.LifecycleBase.start(LifecycleBase.java:164) ~[tomcat-embed-core-10.1.34.jar!/:na]
	at org.apache.catalina.startup.Tomcat.start(Tomcat.java:437) ~[tomcat-embed-core-10.1.34.jar!/:na]
	at org.springframework.boot.web.embedded.tomcat.TomcatWebServer.initialize(TomcatWebServer.java:128) ~[spring-boot-3.4.2.jar!/:3.4.2]
	at org.springframework.boot.web.embedded.tomcat.TomcatWebServer.<init>(TomcatWebServer.java:107) ~[spring-boot-3.4.2.jar!/:3.4.2]
	at org.springframework.boot.web.embedded.tomcat.TomcatServletWebServerFactory.getTomcatWebServer(TomcatServletWebServerFactory.java:516) ~[spring-boot-3.4.2.jar!/:3.4.2]
	at org.springframework.boot.web.embedded.tomcat.TomcatServletWebServerFactory.getWebServer(TomcatServletWebServerFactory.java:222) ~[spring-boot-3.4.2.jar!/:3.4.2]
	at org.springframework.boot.web.servlet.context.ServletWebServerApplicationContext.createWebServer(ServletWebServerApplicationContext.java:188) ~[spring-boot-3.4.2.jar!/:3.4.2]
	at org.springframework.boot.web.servlet.context.ServletWebServerApplicationContext.onRefresh(ServletWebServerApplicationContext.java:162) ~[spring-boot-3.4.2.jar!/:3.4.2]
	at org.springframework.context.support.AbstractApplicationContext.refresh(AbstractApplicationContext.java:621) ~[spring-context-6.2.2.jar!/:6.2.2]
	at org.springframework.boot.web.servlet.context.ServletWebServerApplicationContext.refresh(ServletWebServerApplicationContext.java:146) ~[spring-boot-3.4.2.jar!/:3.4.2]
	at org.springframework.boot.SpringApplication.refresh(SpringApplication.java:752) ~[spring-boot-3.4.2.jar!/:3.4.2]
	at org.springframework.boot.SpringApplication.refreshContext(SpringApplication.java:439) ~[spring-boot-3.4.2.jar!/:3.4.2]
	at org.springframework.boot.SpringApplication.run(SpringApplication.java:318) ~[spring-boot-3.4.2.jar!/:3.4.2]
	at org.springframework.boot.SpringApplication.run(SpringApplication.java:1361) ~[spring-boot-3.4.2.jar!/:3.4.2]
	at org.springframework.boot.SpringApplication.run(SpringApplication.java:1350) ~[spring-boot-3.4.2.jar!/:3.4.2]
	at com.gomin_jungdok.gdgoc.GdgocApplication.main(GdgocApplication.java:10) ~[!/:0.0.1-SNAPSHOT]
	at java.base/jdk.internal.reflect.NativeMethodAccessorImpl.invoke0(Native Method) ~[na:na]
	at java.base/jdk.internal.reflect.NativeMethodAccessorImpl.invoke(NativeMethodAccessorImpl.java:77) ~[na:na]
	at java.base/jdk.internal.reflect.DelegatingMethodAccessorImpl.invoke(DelegatingMethodAccessorImpl.java:43) ~[na:na]
	at java.base/java.lang.reflect.Method.invoke(Method.java:569) ~[na:na]
	at org.springframework.boot.loader.launch.Launcher.launch(Launcher.java:102) ~[gdgoc-0.0.1-SNAPSHOT.jar:0.0.1-SNAPSHOT]
	at org.springframework.boot.loader.launch.Launcher.launch(Launcher.java:64) ~[gdgoc-0.0.1-SNAPSHOT.jar:0.0.1-SNAPSHOT]
	at org.springframework.boot.loader.launch.JarLauncher.main(JarLauncher.java:40) ~[gdgoc-0.0.1-SNAPSHOT.jar:0.0.1-SNAPSHOT]

2025-03-26T15:29:10.736Z DEBUG 835411 --- [gdgoc] [           main] cResourceLocalTransactionCoordinatorImpl : JDBC transaction marked for rollback-only (exception provided for stack trace)

java.lang.Exception: exception just for purpose of providing stack trace
	at org.hibernate.resource.transaction.backend.jdbc.internal.JdbcResourceLocalTransactionCoordinatorImpl$TransactionDriverControlImpl.markRollbackOnly(JdbcResourceLocalTransactionCoordinatorImpl.java:309) ~[hibernate-core-6.6.5.Final.jar!/:6.6.5.Final]
	at org.hibernate.internal.AbstractSharedSessionContract.buildNamedQuery(AbstractSharedSessionContract.java:1141) ~[hibernate-core-6.6.5.Final.jar!/:6.6.5.Final]
	at org.hibernate.internal.AbstractSharedSessionContract.createNamedQuery(AbstractSharedSessionContract.java:1019) ~[hibernate-core-6.6.5.Final.jar!/:6.6.5.Final]
	at org.hibernate.internal.AbstractSharedSessionContract.createNamedQuery(AbstractSharedSessionContract.java:143) ~[hibernate-core-6.6.5.Final.jar!/:6.6.5.Final]
	at java.base/jdk.internal.reflect.NativeMethodAccessorImpl.invoke0(Native Method) ~[na:na]
	at java.base/jdk.internal.reflect.NativeMethodAccessorImpl.invoke(NativeMethodAccessorImpl.java:77) ~[na:na]
	at java.base/jdk.internal.reflect.DelegatingMethodAccessorImpl.invoke(DelegatingMethodAccessorImpl.java:43) ~[na:na]
	at java.base/java.lang.reflect.Method.invoke(Method.java:569) ~[na:na]
	at org.springframework.orm.jpa.ExtendedEntityManagerCreator$ExtendedEntityManagerInvocationHandler.invoke(ExtendedEntityManagerCreator.java:364) ~[spring-orm-6.2.2.jar!/:6.2.2]
	at jdk.proxy2/jdk.proxy2.$Proxy134.createNamedQuery(Unknown Source) ~[na:na]
	at org.springframework.data.jpa.repository.query.NamedQuery.hasNamedQuery(NamedQuery.java:114) ~[spring-data-jpa-3.4.2.jar!/:3.4.2]
	at org.springframework.data.jpa.repository.query.NamedQuery.lookupFrom(NamedQuery.java:140) ~[spring-data-jpa-3.4.2.jar!/:3.4.2]
	at org.springframework.data.jpa.repository.query.JpaQueryLookupStrategy$DeclaredQueryLookupStrategy.resolveQuery(JpaQueryLookupStrategy.java:184) ~[spring-data-jpa-3.4.2.jar!/:3.4.2]
	at org.springframework.data.jpa.repository.query.JpaQueryLookupStrategy$CreateIfNotFoundQueryLookupStrategy.resolveQuery(JpaQueryLookupStrategy.java:256) ~[spring-data-jpa-3.4.2.jar!/:3.4.2]
	at org.springframework.data.jpa.repository.query.JpaQueryLookupStrategy$AbstractQueryLookupStrategy.resolveQuery(JpaQueryLookupStrategy.java:99) ~[spring-data-jpa-3.4.2.jar!/:3.4.2]
	at org.springframework.data.repository.core.support.QueryExecutorMethodInterceptor.lookupQuery(QueryExecutorMethodInterceptor.java:116) ~[spring-data-commons-3.4.2.jar!/:3.4.2]
	at org.springframework.data.repository.core.support.QueryExecutorMethodInterceptor.mapMethodsToQuery(QueryExecutorMethodInterceptor.java:104) ~[spring-data-commons-3.4.2.jar!/:3.4.2]
	at org.springframework.data.repository.core.support.QueryExecutorMethodInterceptor.lambda$new$0(QueryExecutorMethodInterceptor.java:92) ~[spring-data-commons-3.4.2.jar!/:3.4.2]
	at java.base/java.util.Optional.map(Optional.java:260) ~[na:na]
	at org.springframework.data.repository.core.support.QueryExecutorMethodInterceptor.<init>(QueryExecutorMethodInterceptor.java:92) ~[spring-data-commons-3.4.2.jar!/:3.4.2]
	at org.springframework.data.repository.core.support.RepositoryFactorySupport.getRepository(RepositoryFactorySupport.java:440) ~[spring-data-commons-3.4.2.jar!/:3.4.2]
	at org.springframework.data.repository.core.support.RepositoryFactoryBeanSupport.lambda$afterPropertiesSet$4(RepositoryFactoryBeanSupport.java:350) ~[spring-data-commons-3.4.2.jar!/:3.4.2]
	at org.springframework.data.util.Lazy.getNullable(Lazy.java:135) ~[spring-data-commons-3.4.2.jar!/:3.4.2]
	at org.springframework.data.util.Lazy.get(Lazy.java:113) ~[spring-data-commons-3.4.2.jar!/:3.4.2]
	at org.springframework.data.repository.core.support.RepositoryFactoryBeanSupport.afterPropertiesSet(RepositoryFactoryBeanSupport.java:356) ~[spring-data-commons-3.4.2.jar!/:3.4.2]
	at org.springframework.data.jpa.repository.support.JpaRepositoryFactoryBean.afterPropertiesSet(JpaRepositoryFactoryBean.java:132) ~[spring-data-jpa-3.4.2.jar!/:3.4.2]
	at org.springframework.beans.factory.support.AbstractAutowireCapableBeanFactory.invokeInitMethods(AbstractAutowireCapableBeanFactory.java:1859) ~[spring-beans-6.2.2.jar!/:6.2.2]
	at org.springframework.beans.factory.support.AbstractAutowireCapableBeanFactory.initializeBean(AbstractAutowireCapableBeanFactory.java:1808) ~[spring-beans-6.2.2.jar!/:6.2.2]
	at org.springframework.beans.factory.support.AbstractAutowireCapableBeanFactory.doCreateBean(AbstractAutowireCapableBeanFactory.java:601) ~[spring-beans-6.2.2.jar!/:6.2.2]
	at org.springframework.beans.factory.support.AbstractAutowireCapableBeanFactory.createBean(AbstractAutowireCapableBeanFactory.java:523) ~[spring-beans-6.2.2.jar!/:6.2.2]
	at org.springframework.beans.factory.support.AbstractBeanFactory.lambda$doGetBean$0(AbstractBeanFactory.java:336) ~[spring-beans-6.2.2.jar!/:6.2.2]
	at org.springframework.beans.factory.support.DefaultSingletonBeanRegistry.getSingleton(DefaultSingletonBeanRegistry.java:307) ~[spring-beans-6.2.2.jar!/:6.2.2]
	at org.springframework.beans.factory.support.AbstractBeanFactory.doGetBean(AbstractBeanFactory.java:334) ~[spring-beans-6.2.2.jar!/:6.2.2]
	at org.springframework.beans.factory.support.AbstractBeanFactory.getBean(AbstractBeanFactory.java:199) ~[spring-beans-6.2.2.jar!/:6.2.2]
	at org.springframework.beans.factory.support.DefaultListableBeanFactory.doResolveDependency(DefaultListableBeanFactory.java:1573) ~[spring-beans-6.2.2.jar!/:6.2.2]
	at org.springframework.beans.factory.support.DefaultListableBeanFactory.resolveDependency(DefaultListableBeanFactory.java:1519) ~[spring-beans-6.2.2.jar!/:6.2.2]
	at org.springframework.beans.factory.support.ConstructorResolver.resolveAutowiredArgument(ConstructorResolver.java:913) ~[spring-beans-6.2.2.jar!/:6.2.2]
	at org.springframework.beans.factory.support.ConstructorResolver.createArgumentArray(ConstructorResolver.java:791) ~[spring-beans-6.2.2.jar!/:6.2.2]
	at org.springframework.beans.factory.support.ConstructorResolver.autowireConstructor(ConstructorResolver.java:240) ~[spring-beans-6.2.2.jar!/:6.2.2]
	at org.springframework.beans.factory.support.AbstractAutowireCapableBeanFactory.autowireConstructor(AbstractAutowireCapableBeanFactory.java:1381) ~[spring-beans-6.2.2.jar!/:6.2.2]
	at org.springframework.beans.factory.support.AbstractAutowireCapableBeanFactory.createBeanInstance(AbstractAutowireCapableBeanFactory.java:1218) ~[spring-beans-6.2.2.jar!/:6.2.2]
	at org.springframework.beans.factory.support.AbstractAutowireCapableBeanFactory.doCreateBean(AbstractAutowireCapableBeanFactory.java:563) ~[spring-beans-6.2.2.jar!/:6.2.2]
	at org.springframework.beans.factory.support.AbstractAutowireCapableBeanFactory.createBean(AbstractAutowireCapableBeanFactory.java:523) ~[spring-beans-6.2.2.jar!/:6.2.2]
	at org.springframework.beans.factory.support.AbstractBeanFactory.lambda$doGetBean$0(AbstractBeanFactory.java:336) ~[spring-beans-6.2.2.jar!/:6.2.2]
	at org.springframework.beans.factory.support.DefaultSingletonBeanRegistry.getSingleton(DefaultSingletonBeanRegistry.java:307) ~[spring-beans-6.2.2.jar!/:6.2.2]
	at org.springframework.beans.factory.support.AbstractBeanFactory.doGetBean(AbstractBeanFactory.java:334) ~[spring-beans-6.2.2.jar!/:6.2.2]
	at org.springframework.beans.factory.support.AbstractBeanFactory.getBean(AbstractBeanFactory.java:204) ~[spring-beans-6.2.2.jar!/:6.2.2]
	at org.springframework.boot.web.servlet.ServletContextInitializerBeans.getOrderedBeansOfType(ServletContextInitializerBeans.java:211) ~[spring-boot-3.4.2.jar!/:3.4.2]
	at org.springframework.boot.web.servlet.ServletContextInitializerBeans.addAsRegistrationBean(ServletContextInitializerBeans.java:174) ~[spring-boot-3.4.2.jar!/:3.4.2]
	at org.springframework.boot.web.servlet.ServletContextInitializerBeans.addAsRegistrationBean(ServletContextInitializerBeans.java:169) ~[spring-boot-3.4.2.jar!/:3.4.2]
	at org.springframework.boot.web.servlet.ServletContextInitializerBeans.addAdaptableBeans(ServletContextInitializerBeans.java:154) ~[spring-boot-3.4.2.jar!/:3.4.2]
	at org.springframework.boot.web.servlet.ServletContextInitializerBeans.<init>(ServletContextInitializerBeans.java:87) ~[spring-boot-3.4.2.jar!/:3.4.2]
	at org.springframework.boot.web.servlet.context.ServletWebServerApplicationContext.getServletContextInitializerBeans(ServletWebServerApplicationContext.java:266) ~[spring-boot-3.4.2.jar!/:3.4.2]
	at org.springframework.boot.web.servlet.context.ServletWebServerApplicationContext.selfInitialize(ServletWebServerApplicationContext.java:240) ~[spring-boot-3.4.2.jar!/:3.4.2]
	at org.springframework.boot.web.embedded.tomcat.TomcatStarter.onStartup(TomcatStarter.java:52) ~[spring-boot-3.4.2.jar!/:3.4.2]
	at org.apache.catalina.core.StandardContext.startInternal(StandardContext.java:4426) ~[tomcat-embed-core-10.1.34.jar!/:na]
	at org.apache.catalina.util.LifecycleBase.start(LifecycleBase.java:164) ~[tomcat-embed-core-10.1.34.jar!/:na]
	at org.apache.catalina.core.ContainerBase$StartChild.call(ContainerBase.java:1203) ~[tomcat-embed-core-10.1.34.jar!/:na]
	at org.apache.catalina.core.ContainerBase$StartChild.call(ContainerBase.java:1193) ~[tomcat-embed-core-10.1.34.jar!/:na]
	at java.base/java.util.concurrent.FutureTask.run(FutureTask.java:264) ~[na:na]
	at org.apache.tomcat.util.threads.InlineExecutorService.execute(InlineExecutorService.java:75) ~[tomcat-embed-core-10.1.34.jar!/:na]
	at java.base/java.util.concurrent.AbstractExecutorService.submit(AbstractExecutorService.java:145) ~[na:na]
	at org.apache.catalina.core.ContainerBase.startInternal(ContainerBase.java:749) ~[tomcat-embed-core-10.1.34.jar!/:na]
	at org.apache.catalina.core.StandardHost.startInternal(StandardHost.java:772) ~[tomcat-embed-core-10.1.34.jar!/:na]
	at org.apache.catalina.util.LifecycleBase.start(LifecycleBase.java:164) ~[tomcat-embed-core-10.1.34.jar!/:na]
	at org.apache.catalina.core.ContainerBase$StartChild.call(ContainerBase.java:1203) ~[tomcat-embed-core-10.1.34.jar!/:na]
	at org.apache.catalina.core.ContainerBase$StartChild.call(ContainerBase.java:1193) ~[tomcat-embed-core-10.1.34.jar!/:na]
	at java.base/java.util.concurrent.FutureTask.run(FutureTask.java:264) ~[na:na]
	at org.apache.tomcat.util.threads.InlineExecutorService.execute(InlineExecutorService.java:75) ~[tomcat-embed-core-10.1.34.jar!/:na]
	at java.base/java.util.concurrent.AbstractExecutorService.submit(AbstractExecutorService.java:145) ~[na:na]
	at org.apache.catalina.core.ContainerBase.startInternal(ContainerBase.java:749) ~[tomcat-embed-core-10.1.34.jar!/:na]
	at org.apache.catalina.core.StandardEngine.startInternal(StandardEngine.java:203) ~[tomcat-embed-core-10.1.34.jar!/:na]
	at org.apache.catalina.util.LifecycleBase.start(LifecycleBase.java:164) ~[tomcat-embed-core-10.1.34.jar!/:na]
	at org.apache.catalina.core.StandardService.startInternal(StandardService.java:415) ~[tomcat-embed-core-10.1.34.jar!/:na]
	at org.apache.catalina.util.LifecycleBase.start(LifecycleBase.java:164) ~[tomcat-embed-core-10.1.34.jar!/:na]
	at org.apache.catalina.core.StandardServer.startInternal(StandardServer.java:870) ~[tomcat-embed-core-10.1.34.jar!/:na]
	at org.apache.catalina.util.LifecycleBase.start(LifecycleBase.java:164) ~[tomcat-embed-core-10.1.34.jar!/:na]
	at org.apache.catalina.startup.Tomcat.start(Tomcat.java:437) ~[tomcat-embed-core-10.1.34.jar!/:na]
	at org.springframework.boot.web.embedded.tomcat.TomcatWebServer.initialize(TomcatWebServer.java:128) ~[spring-boot-3.4.2.jar!/:3.4.2]
	at org.springframework.boot.web.embedded.tomcat.TomcatWebServer.<init>(TomcatWebServer.java:107) ~[spring-boot-3.4.2.jar!/:3.4.2]
	at org.springframework.boot.web.embedded.tomcat.TomcatServletWebServerFactory.getTomcatWebServer(TomcatServletWebServerFactory.java:516) ~[spring-boot-3.4.2.jar!/:3.4.2]
	at org.springframework.boot.web.embedded.tomcat.TomcatServletWebServerFactory.getWebServer(TomcatServletWebServerFactory.java:222) ~[spring-boot-3.4.2.jar!/:3.4.2]
	at org.springframework.boot.web.servlet.context.ServletWebServerApplicationContext.createWebServer(ServletWebServerApplicationContext.java:188) ~[spring-boot-3.4.2.jar!/:3.4.2]
	at org.springframework.boot.web.servlet.context.ServletWebServerApplicationContext.onRefresh(ServletWebServerApplicationContext.java:162) ~[spring-boot-3.4.2.jar!/:3.4.2]
	at org.springframework.context.support.AbstractApplicationContext.refresh(AbstractApplicationContext.java:621) ~[spring-context-6.2.2.jar!/:6.2.2]
	at org.springframework.boot.web.servlet.context.ServletWebServerApplicationContext.refresh(ServletWebServerApplicationContext.java:146) ~[spring-boot-3.4.2.jar!/:3.4.2]
	at org.springframework.boot.SpringApplication.refresh(SpringApplication.java:752) ~[spring-boot-3.4.2.jar!/:3.4.2]
	at org.springframework.boot.SpringApplication.refreshContext(SpringApplication.java:439) ~[spring-boot-3.4.2.jar!/:3.4.2]
	at org.springframework.boot.SpringApplication.run(SpringApplication.java:318) ~[spring-boot-3.4.2.jar!/:3.4.2]
	at org.springframework.boot.SpringApplication.run(SpringApplication.java:1361) ~[spring-boot-3.4.2.jar!/:3.4.2]
	at org.springframework.boot.SpringApplication.run(SpringApplication.java:1350) ~[spring-boot-3.4.2.jar!/:3.4.2]
	at com.gomin_jungdok.gdgoc.GdgocApplication.main(GdgocApplication.java:10) ~[!/:0.0.1-SNAPSHOT]
	at java.base/jdk.internal.reflect.NativeMethodAccessorImpl.invoke0(Native Method) ~[na:na]
	at java.base/jdk.internal.reflect.NativeMethodAccessorImpl.invoke(NativeMethodAccessorImpl.java:77) ~[na:na]
	at java.base/jdk.internal.reflect.DelegatingMethodAccessorImpl.invoke(DelegatingMethodAccessorImpl.java:43) ~[na:na]
	at java.base/java.lang.reflect.Method.invoke(Method.java:569) ~[na:na]
	at org.springframework.boot.loader.launch.Launcher.launch(Launcher.java:102) ~[gdgoc-0.0.1-SNAPSHOT.jar:0.0.1-SNAPSHOT]
	at org.springframework.boot.loader.launch.Launcher.launch(Launcher.java:64) ~[gdgoc-0.0.1-SNAPSHOT.jar:0.0.1-SNAPSHOT]
	at org.springframework.boot.loader.launch.JarLauncher.main(JarLauncher.java:40) ~[gdgoc-0.0.1-SNAPSHOT.jar:0.0.1-SNAPSHOT]

2025-03-26T15:29:10.989Z DEBUG 835411 --- [gdgoc] [           main] cResourceLocalTransactionCoordinatorImpl : JDBC transaction marked for rollback-only (exception provided for stack trace)

java.lang.Exception: exception just for purpose of providing stack trace
	at org.hibernate.resource.transaction.backend.jdbc.internal.JdbcResourceLocalTransactionCoordinatorImpl$TransactionDriverControlImpl.markRollbackOnly(JdbcResourceLocalTransactionCoordinatorImpl.java:309) ~[hibernate-core-6.6.5.Final.jar!/:6.6.5.Final]
	at org.hibernate.internal.AbstractSharedSessionContract.buildNamedQuery(AbstractSharedSessionContract.java:1141) ~[hibernate-core-6.6.5.Final.jar!/:6.6.5.Final]
	at org.hibernate.internal.AbstractSharedSessionContract.createNamedQuery(AbstractSharedSessionContract.java:1019) ~[hibernate-core-6.6.5.Final.jar!/:6.6.5.Final]
	at org.hibernate.internal.AbstractSharedSessionContract.createNamedQuery(AbstractSharedSessionContract.java:143) ~[hibernate-core-6.6.5.Final.jar!/:6.6.5.Final]
	at java.base/jdk.internal.reflect.NativeMethodAccessorImpl.invoke0(Native Method) ~[na:na]
	at java.base/jdk.internal.reflect.NativeMethodAccessorImpl.invoke(NativeMethodAccessorImpl.java:77) ~[na:na]
	at java.base/jdk.internal.reflect.DelegatingMethodAccessorImpl.invoke(DelegatingMethodAccessorImpl.java:43) ~[na:na]
	at java.base/java.lang.reflect.Method.invoke(Method.java:569) ~[na:na]
	at org.springframework.orm.jpa.ExtendedEntityManagerCreator$ExtendedEntityManagerInvocationHandler.invoke(ExtendedEntityManagerCreator.java:364) ~[spring-orm-6.2.2.jar!/:6.2.2]
	at jdk.proxy2/jdk.proxy2.$Proxy134.createNamedQuery(Unknown Source) ~[na:na]
	at org.springframework.data.jpa.repository.query.NamedQuery.hasNamedQuery(NamedQuery.java:114) ~[spring-data-jpa-3.4.2.jar!/:3.4.2]
	at org.springframework.data.jpa.repository.query.NamedQuery.lookupFrom(NamedQuery.java:140) ~[spring-data-jpa-3.4.2.jar!/:3.4.2]
	at org.springframework.data.jpa.repository.query.JpaQueryLookupStrategy$DeclaredQueryLookupStrategy.resolveQuery(JpaQueryLookupStrategy.java:184) ~[spring-data-jpa-3.4.2.jar!/:3.4.2]
	at org.springframework.data.jpa.repository.query.JpaQueryLookupStrategy$CreateIfNotFoundQueryLookupStrategy.resolveQuery(JpaQueryLookupStrategy.java:256) ~[spring-data-jpa-3.4.2.jar!/:3.4.2]
	at org.springframework.data.jpa.repository.query.JpaQueryLookupStrategy$AbstractQueryLookupStrategy.resolveQuery(JpaQueryLookupStrategy.java:99) ~[spring-data-jpa-3.4.2.jar!/:3.4.2]
	at org.springframework.data.repository.core.support.QueryExecutorMethodInterceptor.lookupQuery(QueryExecutorMethodInterceptor.java:116) ~[spring-data-commons-3.4.2.jar!/:3.4.2]
	at org.springframework.data.repository.core.support.QueryExecutorMethodInterceptor.mapMethodsToQuery(QueryExecutorMethodInterceptor.java:104) ~[spring-data-commons-3.4.2.jar!/:3.4.2]
	at org.springframework.data.repository.core.support.QueryExecutorMethodInterceptor.lambda$new$0(QueryExecutorMethodInterceptor.java:92) ~[spring-data-commons-3.4.2.jar!/:3.4.2]
	at java.base/java.util.Optional.map(Optional.java:260) ~[na:na]
	at org.springframework.data.repository.core.support.QueryExecutorMethodInterceptor.<init>(QueryExecutorMethodInterceptor.java:92) ~[spring-data-commons-3.4.2.jar!/:3.4.2]
	at org.springframework.data.repository.core.support.RepositoryFactorySupport.getRepository(RepositoryFactorySupport.java:440) ~[spring-data-commons-3.4.2.jar!/:3.4.2]
	at org.springframework.data.repository.core.support.RepositoryFactoryBeanSupport.lambda$afterPropertiesSet$4(RepositoryFactoryBeanSupport.java:350) ~[spring-data-commons-3.4.2.jar!/:3.4.2]
	at org.springframework.data.util.Lazy.getNullable(Lazy.java:135) ~[spring-data-commons-3.4.2.jar!/:3.4.2]
	at org.springframework.data.util.Lazy.get(Lazy.java:113) ~[spring-data-commons-3.4.2.jar!/:3.4.2]
	at org.springframework.data.repository.core.support.RepositoryFactoryBeanSupport.afterPropertiesSet(RepositoryFactoryBeanSupport.java:356) ~[spring-data-commons-3.4.2.jar!/:3.4.2]
	at org.springframework.data.jpa.repository.support.JpaRepositoryFactoryBean.afterPropertiesSet(JpaRepositoryFactoryBean.java:132) ~[spring-data-jpa-3.4.2.jar!/:3.4.2]
	at org.springframework.beans.factory.support.AbstractAutowireCapableBeanFactory.invokeInitMethods(AbstractAutowireCapableBeanFactory.java:1859) ~[spring-beans-6.2.2.jar!/:6.2.2]
	at org.springframework.beans.factory.support.AbstractAutowireCapableBeanFactory.initializeBean(AbstractAutowireCapableBeanFactory.java:1808) ~[spring-beans-6.2.2.jar!/:6.2.2]
	at org.springframework.beans.factory.support.AbstractAutowireCapableBeanFactory.doCreateBean(AbstractAutowireCapableBeanFactory.java:601) ~[spring-beans-6.2.2.jar!/:6.2.2]
	at org.springframework.beans.factory.support.AbstractAutowireCapableBeanFactory.createBean(AbstractAutowireCapableBeanFactory.java:523) ~[spring-beans-6.2.2.jar!/:6.2.2]
	at org.springframework.beans.factory.support.AbstractBeanFactory.lambda$doGetBean$0(AbstractBeanFactory.java:336) ~[spring-beans-6.2.2.jar!/:6.2.2]
	at org.springframework.beans.factory.support.DefaultSingletonBeanRegistry.getSingleton(DefaultSingletonBeanRegistry.java:307) ~[spring-beans-6.2.2.jar!/:6.2.2]
	at org.springframework.beans.factory.support.AbstractBeanFactory.doGetBean(AbstractBeanFactory.java:334) ~[spring-beans-6.2.2.jar!/:6.2.2]
	at org.springframework.beans.factory.support.AbstractBeanFactory.getBean(AbstractBeanFactory.java:199) ~[spring-beans-6.2.2.jar!/:6.2.2]
	at org.springframework.beans.factory.support.DefaultListableBeanFactory.doResolveDependency(DefaultListableBeanFactory.java:1573) ~[spring-beans-6.2.2.jar!/:6.2.2]
	at org.springframework.beans.factory.support.DefaultListableBeanFactory.resolveDependency(DefaultListableBeanFactory.java:1519) ~[spring-beans-6.2.2.jar!/:6.2.2]
	at org.springframework.beans.factory.support.ConstructorResolver.resolveAutowiredArgument(ConstructorResolver.java:913) ~[spring-beans-6.2.2.jar!/:6.2.2]
	at org.springframework.beans.factory.support.ConstructorResolver.createArgumentArray(ConstructorResolver.java:791) ~[spring-beans-6.2.2.jar!/:6.2.2]
	at org.springframework.beans.factory.support.ConstructorResolver.autowireConstructor(ConstructorResolver.java:240) ~[spring-beans-6.2.2.jar!/:6.2.2]
	at org.springframework.beans.factory.support.AbstractAutowireCapableBeanFactory.autowireConstructor(AbstractAutowireCapableBeanFactory.java:1381) ~[spring-beans-6.2.2.jar!/:6.2.2]
	at org.springframework.beans.factory.support.AbstractAutowireCapableBeanFactory.createBeanInstance(AbstractAutowireCapableBeanFactory.java:1218) ~[spring-beans-6.2.2.jar!/:6.2.2]
	at org.springframework.beans.factory.support.AbstractAutowireCapableBeanFactory.doCreateBean(AbstractAutowireCapableBeanFactory.java:563) ~[spring-beans-6.2.2.jar!/:6.2.2]
	at org.springframework.beans.factory.support.AbstractAutowireCapableBeanFactory.createBean(AbstractAutowireCapableBeanFactory.java:523) ~[spring-beans-6.2.2.jar!/:6.2.2]
	at org.springframework.beans.factory.support.AbstractBeanFactory.lambda$doGetBean$0(AbstractBeanFactory.java:336) ~[spring-beans-6.2.2.jar!/:6.2.2]
	at org.springframework.beans.factory.support.DefaultSingletonBeanRegistry.getSingleton(DefaultSingletonBeanRegistry.java:307) ~[spring-beans-6.2.2.jar!/:6.2.2]
	at org.springframework.beans.factory.support.AbstractBeanFactory.doGetBean(AbstractBeanFactory.java:334) ~[spring-beans-6.2.2.jar!/:6.2.2]
	at org.springframework.beans.factory.support.AbstractBeanFactory.getBean(AbstractBeanFactory.java:199) ~[spring-beans-6.2.2.jar!/:6.2.2]
	at org.springframework.beans.factory.support.DefaultListableBeanFactory.doResolveDependency(DefaultListableBeanFactory.java:1573) ~[spring-beans-6.2.2.jar!/:6.2.2]
	at org.springframework.beans.factory.support.DefaultListableBeanFactory.resolveDependency(DefaultListableBeanFactory.java:1519) ~[spring-beans-6.2.2.jar!/:6.2.2]
	at org.springframework.beans.factory.support.ConstructorResolver.resolveAutowiredArgument(ConstructorResolver.java:913) ~[spring-beans-6.2.2.jar!/:6.2.2]
	at org.springframework.beans.factory.support.ConstructorResolver.createArgumentArray(ConstructorResolver.java:791) ~[spring-beans-6.2.2.jar!/:6.2.2]
	at org.springframework.beans.factory.support.ConstructorResolver.autowireConstructor(ConstructorResolver.java:240) ~[spring-beans-6.2.2.jar!/:6.2.2]
	at org.springframework.beans.factory.support.AbstractAutowireCapableBeanFactory.autowireConstructor(AbstractAutowireCapableBeanFactory.java:1381) ~[spring-beans-6.2.2.jar!/:6.2.2]
	at org.springframework.beans.factory.support.AbstractAutowireCapableBeanFactory.createBeanInstance(AbstractAutowireCapableBeanFactory.java:1218) ~[spring-beans-6.2.2.jar!/:6.2.2]
	at org.springframework.beans.factory.support.AbstractAutowireCapableBeanFactory.doCreateBean(AbstractAutowireCapableBeanFactory.java:563) ~[spring-beans-6.2.2.jar!/:6.2.2]
	at org.springframework.beans.factory.support.AbstractAutowireCapableBeanFactory.createBean(AbstractAutowireCapableBeanFactory.java:523) ~[spring-beans-6.2.2.jar!/:6.2.2]
	at org.springframework.beans.factory.support.AbstractBeanFactory.lambda$doGetBean$0(AbstractBeanFactory.java:336) ~[spring-beans-6.2.2.jar!/:6.2.2]
	at org.springframework.beans.factory.support.DefaultSingletonBeanRegistry.getSingleton(DefaultSingletonBeanRegistry.java:307) ~[spring-beans-6.2.2.jar!/:6.2.2]
	at org.springframework.beans.factory.support.AbstractBeanFactory.doGetBean(AbstractBeanFactory.java:334) ~[spring-beans-6.2.2.jar!/:6.2.2]
	at org.springframework.beans.factory.support.AbstractBeanFactory.getBean(AbstractBeanFactory.java:199) ~[spring-beans-6.2.2.jar!/:6.2.2]
	at org.springframework.beans.factory.support.DefaultListableBeanFactory.instantiateSingleton(DefaultListableBeanFactory.java:1122) ~[spring-beans-6.2.2.jar!/:6.2.2]
	at org.springframework.beans.factory.support.DefaultListableBeanFactory.preInstantiateSingleton(DefaultListableBeanFactory.java:1093) ~[spring-beans-6.2.2.jar!/:6.2.2]
	at org.springframework.beans.factory.support.DefaultListableBeanFactory.preInstantiateSingletons(DefaultListableBeanFactory.java:1030) ~[spring-beans-6.2.2.jar!/:6.2.2]
	at org.springframework.context.support.AbstractApplicationContext.finishBeanFactoryInitialization(AbstractApplicationContext.java:987) ~[spring-context-6.2.2.jar!/:6.2.2]
	at org.springframework.context.support.AbstractApplicationContext.refresh(AbstractApplicationContext.java:627) ~[spring-context-6.2.2.jar!/:6.2.2]
	at org.springframework.boot.web.servlet.context.ServletWebServerApplicationContext.refresh(ServletWebServerApplicationContext.java:146) ~[spring-boot-3.4.2.jar!/:3.4.2]
	at org.springframework.boot.SpringApplication.refresh(SpringApplication.java:752) ~[spring-boot-3.4.2.jar!/:3.4.2]
	at org.springframework.boot.SpringApplication.refreshContext(SpringApplication.java:439) ~[spring-boot-3.4.2.jar!/:3.4.2]
	at org.springframework.boot.SpringApplication.run(SpringApplication.java:318) ~[spring-boot-3.4.2.jar!/:3.4.2]
	at org.springframework.boot.SpringApplication.run(SpringApplication.java:1361) ~[spring-boot-3.4.2.jar!/:3.4.2]
	at org.springframework.boot.SpringApplication.run(SpringApplication.java:1350) ~[spring-boot-3.4.2.jar!/:3.4.2]
	at com.gomin_jungdok.gdgoc.GdgocApplication.main(GdgocApplication.java:10) ~[!/:0.0.1-SNAPSHOT]
	at java.base/jdk.internal.reflect.NativeMethodAccessorImpl.invoke0(Native Method) ~[na:na]
	at java.base/jdk.internal.reflect.NativeMethodAccessorImpl.invoke(NativeMethodAccessorImpl.java:77) ~[na:na]
	at java.base/jdk.internal.reflect.DelegatingMethodAccessorImpl.invoke(DelegatingMethodAccessorImpl.java:43) ~[na:na]
	at java.base/java.lang.reflect.Method.invoke(Method.java:569) ~[na:na]
	at org.springframework.boot.loader.launch.Launcher.launch(Launcher.java:102) ~[gdgoc-0.0.1-SNAPSHOT.jar:0.0.1-SNAPSHOT]
	at org.springframework.boot.loader.launch.Launcher.launch(Launcher.java:64) ~[gdgoc-0.0.1-SNAPSHOT.jar:0.0.1-SNAPSHOT]
	at org.springframework.boot.loader.launch.JarLauncher.main(JarLauncher.java:40) ~[gdgoc-0.0.1-SNAPSHOT.jar:0.0.1-SNAPSHOT]

2025-03-26T15:29:11.088Z DEBUG 835411 --- [gdgoc] [           main] cResourceLocalTransactionCoordinatorImpl : JDBC transaction marked for rollback-only (exception provided for stack trace)

java.lang.Exception: exception just for purpose of providing stack trace
	at org.hibernate.resource.transaction.backend.jdbc.internal.JdbcResourceLocalTransactionCoordinatorImpl$TransactionDriverControlImpl.markRollbackOnly(JdbcResourceLocalTransactionCoordinatorImpl.java:309) ~[hibernate-core-6.6.5.Final.jar!/:6.6.5.Final]
	at org.hibernate.internal.AbstractSharedSessionContract.buildNamedQuery(AbstractSharedSessionContract.java:1141) ~[hibernate-core-6.6.5.Final.jar!/:6.6.5.Final]
	at org.hibernate.internal.AbstractSharedSessionContract.createNamedQuery(AbstractSharedSessionContract.java:1019) ~[hibernate-core-6.6.5.Final.jar!/:6.6.5.Final]
	at org.hibernate.internal.AbstractSharedSessionContract.createNamedQuery(AbstractSharedSessionContract.java:143) ~[hibernate-core-6.6.5.Final.jar!/:6.6.5.Final]
	at java.base/jdk.internal.reflect.NativeMethodAccessorImpl.invoke0(Native Method) ~[na:na]
	at java.base/jdk.internal.reflect.NativeMethodAccessorImpl.invoke(NativeMethodAccessorImpl.java:77) ~[na:na]
	at java.base/jdk.internal.reflect.DelegatingMethodAccessorImpl.invoke(DelegatingMethodAccessorImpl.java:43) ~[na:na]
	at java.base/java.lang.reflect.Method.invoke(Method.java:569) ~[na:na]
	at org.springframework.orm.jpa.ExtendedEntityManagerCreator$ExtendedEntityManagerInvocationHandler.invoke(ExtendedEntityManagerCreator.java:364) ~[spring-orm-6.2.2.jar!/:6.2.2]
	at jdk.proxy2/jdk.proxy2.$Proxy134.createNamedQuery(Unknown Source) ~[na:na]
	at org.springframework.data.jpa.repository.query.NamedQuery.hasNamedQuery(NamedQuery.java:114) ~[spring-data-jpa-3.4.2.jar!/:3.4.2]
	at org.springframework.data.jpa.repository.query.JpaQueryLookupStrategy$DeclaredQueryLookupStrategy.getCountQuery(JpaQueryLookupStrategy.java:208) ~[spring-data-jpa-3.4.2.jar!/:3.4.2]
	at org.springframework.data.jpa.repository.query.JpaQueryLookupStrategy$DeclaredQueryLookupStrategy.resolveQuery(JpaQueryLookupStrategy.java:175) ~[spring-data-jpa-3.4.2.jar!/:3.4.2]
	at org.springframework.data.jpa.repository.query.JpaQueryLookupStrategy$CreateIfNotFoundQueryLookupStrategy.resolveQuery(JpaQueryLookupStrategy.java:256) ~[spring-data-jpa-3.4.2.jar!/:3.4.2]
	at org.springframework.data.jpa.repository.query.JpaQueryLookupStrategy$AbstractQueryLookupStrategy.resolveQuery(JpaQueryLookupStrategy.java:99) ~[spring-data-jpa-3.4.2.jar!/:3.4.2]
	at org.springframework.data.repository.core.support.QueryExecutorMethodInterceptor.lookupQuery(QueryExecutorMethodInterceptor.java:116) ~[spring-data-commons-3.4.2.jar!/:3.4.2]
	at org.springframework.data.repository.core.support.QueryExecutorMethodInterceptor.mapMethodsToQuery(QueryExecutorMethodInterceptor.java:104) ~[spring-data-commons-3.4.2.jar!/:3.4.2]
	at org.springframework.data.repository.core.support.QueryExecutorMethodInterceptor.lambda$new$0(QueryExecutorMethodInterceptor.java:92) ~[spring-data-commons-3.4.2.jar!/:3.4.2]
	at java.base/java.util.Optional.map(Optional.java:260) ~[na:na]
	at org.springframework.data.repository.core.support.QueryExecutorMethodInterceptor.<init>(QueryExecutorMethodInterceptor.java:92) ~[spring-data-commons-3.4.2.jar!/:3.4.2]
	at org.springframework.data.repository.core.support.RepositoryFactorySupport.getRepository(RepositoryFactorySupport.java:440) ~[spring-data-commons-3.4.2.jar!/:3.4.2]
	at org.springframework.data.repository.core.support.RepositoryFactoryBeanSupport.lambda$afterPropertiesSet$4(RepositoryFactoryBeanSupport.java:350) ~[spring-data-commons-3.4.2.jar!/:3.4.2]
	at org.springframework.data.util.Lazy.getNullable(Lazy.java:135) ~[spring-data-commons-3.4.2.jar!/:3.4.2]
	at org.springframework.data.util.Lazy.get(Lazy.java:113) ~[spring-data-commons-3.4.2.jar!/:3.4.2]
	at org.springframework.data.repository.core.support.RepositoryFactoryBeanSupport.afterPropertiesSet(RepositoryFactoryBeanSupport.java:356) ~[spring-data-commons-3.4.2.jar!/:3.4.2]
	at org.springframework.data.jpa.repository.support.JpaRepositoryFactoryBean.afterPropertiesSet(JpaRepositoryFactoryBean.java:132) ~[spring-data-jpa-3.4.2.jar!/:3.4.2]
	at org.springframework.beans.factory.support.AbstractAutowireCapableBeanFactory.invokeInitMethods(AbstractAutowireCapableBeanFactory.java:1859) ~[spring-beans-6.2.2.jar!/:6.2.2]
	at org.springframework.beans.factory.support.AbstractAutowireCapableBeanFactory.initializeBean(AbstractAutowireCapableBeanFactory.java:1808) ~[spring-beans-6.2.2.jar!/:6.2.2]
	at org.springframework.beans.factory.support.AbstractAutowireCapableBeanFactory.doCreateBean(AbstractAutowireCapableBeanFactory.java:601) ~[spring-beans-6.2.2.jar!/:6.2.2]
	at org.springframework.beans.factory.support.AbstractAutowireCapableBeanFactory.createBean(AbstractAutowireCapableBeanFactory.java:523) ~[spring-beans-6.2.2.jar!/:6.2.2]
	at org.springframework.beans.factory.support.AbstractBeanFactory.lambda$doGetBean$0(AbstractBeanFactory.java:336) ~[spring-beans-6.2.2.jar!/:6.2.2]
	at org.springframework.beans.factory.support.DefaultSingletonBeanRegistry.getSingleton(DefaultSingletonBeanRegistry.java:307) ~[spring-beans-6.2.2.jar!/:6.2.2]
	at org.springframework.beans.factory.support.AbstractBeanFactory.doGetBean(AbstractBeanFactory.java:334) ~[spring-beans-6.2.2.jar!/:6.2.2]
	at org.springframework.beans.factory.support.AbstractBeanFactory.getBean(AbstractBeanFactory.java:199) ~[spring-beans-6.2.2.jar!/:6.2.2]
	at org.springframework.beans.factory.support.DefaultListableBeanFactory.doResolveDependency(DefaultListableBeanFactory.java:1573) ~[spring-beans-6.2.2.jar!/:6.2.2]
	at org.springframework.beans.factory.support.DefaultListableBeanFactory.resolveDependency(DefaultListableBeanFactory.java:1519) ~[spring-beans-6.2.2.jar!/:6.2.2]
	at org.springframework.beans.factory.support.ConstructorResolver.resolveAutowiredArgument(ConstructorResolver.java:913) ~[spring-beans-6.2.2.jar!/:6.2.2]
	at org.springframework.beans.factory.support.ConstructorResolver.createArgumentArray(ConstructorResolver.java:791) ~[spring-beans-6.2.2.jar!/:6.2.2]
	at org.springframework.beans.factory.support.ConstructorResolver.autowireConstructor(ConstructorResolver.java:240) ~[spring-beans-6.2.2.jar!/:6.2.2]
	at org.springframework.beans.factory.support.AbstractAutowireCapableBeanFactory.autowireConstructor(AbstractAutowireCapableBeanFactory.java:1381) ~[spring-beans-6.2.2.jar!/:6.2.2]
	at org.springframework.beans.factory.support.AbstractAutowireCapableBeanFactory.createBeanInstance(AbstractAutowireCapableBeanFactory.java:1218) ~[spring-beans-6.2.2.jar!/:6.2.2]
	at org.springframework.beans.factory.support.AbstractAutowireCapableBeanFactory.doCreateBean(AbstractAutowireCapableBeanFactory.java:563) ~[spring-beans-6.2.2.jar!/:6.2.2]
	at org.springframework.beans.factory.support.AbstractAutowireCapableBeanFactory.createBean(AbstractAutowireCapableBeanFactory.java:523) ~[spring-beans-6.2.2.jar!/:6.2.2]
	at org.springframework.beans.factory.support.AbstractBeanFactory.lambda$doGetBean$0(AbstractBeanFactory.java:336) ~[spring-beans-6.2.2.jar!/:6.2.2]
	at org.springframework.beans.factory.support.DefaultSingletonBeanRegistry.getSingleton(DefaultSingletonBeanRegistry.java:307) ~[spring-beans-6.2.2.jar!/:6.2.2]
	at org.springframework.beans.factory.support.AbstractBeanFactory.doGetBean(AbstractBeanFactory.java:334) ~[spring-beans-6.2.2.jar!/:6.2.2]
	at org.springframework.beans.factory.support.AbstractBeanFactory.getBean(AbstractBeanFactory.java:199) ~[spring-beans-6.2.2.jar!/:6.2.2]
	at org.springframework.beans.factory.support.DefaultListableBeanFactory.doResolveDependency(DefaultListableBeanFactory.java:1573) ~[spring-beans-6.2.2.jar!/:6.2.2]
	at org.springframework.beans.factory.support.DefaultListableBeanFactory.resolveDependency(DefaultListableBeanFactory.java:1519) ~[spring-beans-6.2.2.jar!/:6.2.2]
	at org.springframework.beans.factory.support.ConstructorResolver.resolveAutowiredArgument(ConstructorResolver.java:913) ~[spring-beans-6.2.2.jar!/:6.2.2]
	at org.springframework.beans.factory.support.ConstructorResolver.createArgumentArray(ConstructorResolver.java:791) ~[spring-beans-6.2.2.jar!/:6.2.2]
	at org.springframework.beans.factory.support.ConstructorResolver.autowireConstructor(ConstructorResolver.java:240) ~[spring-beans-6.2.2.jar!/:6.2.2]
	at org.springframework.beans.factory.support.AbstractAutowireCapableBeanFactory.autowireConstructor(AbstractAutowireCapableBeanFactory.java:1381) ~[spring-beans-6.2.2.jar!/:6.2.2]
	at org.springframework.beans.factory.support.AbstractAutowireCapableBeanFactory.createBeanInstance(AbstractAutowireCapableBeanFactory.java:1218) ~[spring-beans-6.2.2.jar!/:6.2.2]
	at org.springframework.beans.factory.support.AbstractAutowireCapableBeanFactory.doCreateBean(AbstractAutowireCapableBeanFactory.java:563) ~[spring-beans-6.2.2.jar!/:6.2.2]
	at org.springframework.beans.factory.support.AbstractAutowireCapableBeanFactory.createBean(AbstractAutowireCapableBeanFactory.java:523) ~[spring-beans-6.2.2.jar!/:6.2.2]
	at org.springframework.beans.factory.support.AbstractBeanFactory.lambda$doGetBean$0(AbstractBeanFactory.java:336) ~[spring-beans-6.2.2.jar!/:6.2.2]
	at org.springframework.beans.factory.support.DefaultSingletonBeanRegistry.getSingleton(DefaultSingletonBeanRegistry.java:307) ~[spring-beans-6.2.2.jar!/:6.2.2]
	at org.springframework.beans.factory.support.AbstractBeanFactory.doGetBean(AbstractBeanFactory.java:334) ~[spring-beans-6.2.2.jar!/:6.2.2]
	at org.springframework.beans.factory.support.AbstractBeanFactory.getBean(AbstractBeanFactory.java:199) ~[spring-beans-6.2.2.jar!/:6.2.2]
	at org.springframework.beans.factory.support.DefaultListableBeanFactory.instantiateSingleton(DefaultListableBeanFactory.java:1122) ~[spring-beans-6.2.2.jar!/:6.2.2]
	at org.springframework.beans.factory.support.DefaultListableBeanFactory.preInstantiateSingleton(DefaultListableBeanFactory.java:1093) ~[spring-beans-6.2.2.jar!/:6.2.2]
	at org.springframework.beans.factory.support.DefaultListableBeanFactory.preInstantiateSingletons(DefaultListableBeanFactory.java:1030) ~[spring-beans-6.2.2.jar!/:6.2.2]
	at org.springframework.context.support.AbstractApplicationContext.finishBeanFactoryInitialization(AbstractApplicationContext.java:987) ~[spring-context-6.2.2.jar!/:6.2.2]
	at org.springframework.context.support.AbstractApplicationContext.refresh(AbstractApplicationContext.java:627) ~[spring-context-6.2.2.jar!/:6.2.2]
	at org.springframework.boot.web.servlet.context.ServletWebServerApplicationContext.refresh(ServletWebServerApplicationContext.java:146) ~[spring-boot-3.4.2.jar!/:3.4.2]
	at org.springframework.boot.SpringApplication.refresh(SpringApplication.java:752) ~[spring-boot-3.4.2.jar!/:3.4.2]
	at org.springframework.boot.SpringApplication.refreshContext(SpringApplication.java:439) ~[spring-boot-3.4.2.jar!/:3.4.2]
	at org.springframework.boot.SpringApplication.run(SpringApplication.java:318) ~[spring-boot-3.4.2.jar!/:3.4.2]
	at org.springframework.boot.SpringApplication.run(SpringApplication.java:1361) ~[spring-boot-3.4.2.jar!/:3.4.2]
	at org.springframework.boot.SpringApplication.run(SpringApplication.java:1350) ~[spring-boot-3.4.2.jar!/:3.4.2]
	at com.gomin_jungdok.gdgoc.GdgocApplication.main(GdgocApplication.java:10) ~[!/:0.0.1-SNAPSHOT]
	at java.base/jdk.internal.reflect.NativeMethodAccessorImpl.invoke0(Native Method) ~[na:na]
	at java.base/jdk.internal.reflect.NativeMethodAccessorImpl.invoke(NativeMethodAccessorImpl.java:77) ~[na:na]
	at java.base/jdk.internal.reflect.DelegatingMethodAccessorImpl.invoke(DelegatingMethodAccessorImpl.java:43) ~[na:na]
	at java.base/java.lang.reflect.Method.invoke(Method.java:569) ~[na:na]
	at org.springframework.boot.loader.launch.Launcher.launch(Launcher.java:102) ~[gdgoc-0.0.1-SNAPSHOT.jar:0.0.1-SNAPSHOT]
	at org.springframework.boot.loader.launch.Launcher.launch(Launcher.java:64) ~[gdgoc-0.0.1-SNAPSHOT.jar:0.0.1-SNAPSHOT]
	at org.springframework.boot.loader.launch.JarLauncher.main(JarLauncher.java:40) ~[gdgoc-0.0.1-SNAPSHOT.jar:0.0.1-SNAPSHOT]

2025-03-26T15:29:11.143Z  INFO 835411 --- [gdgoc] [           main] o.s.d.j.r.query.QueryEnhancerFactory     : Hibernate is in classpath; If applicable, HQL parser will be used.
2025-03-26T15:29:12.191Z DEBUG 835411 --- [gdgoc] [           main] org.hibernate.orm.query.hql              : HQL : SELECT p FROM Post p WHERE (:lastId IS NULL OR p.id < :lastId) AND DATE(p.createdAt) = CURRENT_DATE ORDER BY p.id DESC
2025-03-26T15:29:13.004Z DEBUG 835411 --- [gdgoc] [           main] o.h.o.q.hql.reservedWordAsIdentifier     : Encountered use of reserved word as identifier : <
2025-03-26T15:29:13.367Z DEBUG 835411 --- [gdgoc] [           main] o.h.o.q.hql.reservedWordAsIdentifier     : Encountered use of reserved word as identifier : (
2025-03-26T15:29:13.436Z DEBUG 835411 --- [gdgoc] [           main] o.h.o.q.hql.reservedWordAsIdentifier     : Encountered use of reserved word as identifier : DESC
2025-03-26T15:29:13.483Z DEBUG 835411 --- [gdgoc] [           main] org.hibernate.orm.query.sqm.creation     : Applying inferable type to SqmExpression [SqmNamedParameter(lastId)] : null -> SqmBasicValuedSimplePath(com.gomin_jungdok.gdgoc.post.Post(p).id)
2025-03-26T15:29:13.505Z DEBUG 835411 --- [gdgoc] [           main] org.hibernate.orm.query.sqm.ast          : SqmStatement Tree :
    -> [select]
      -> [query-spec]
        -> [select]
          -> [selection]
            -> [root] - `com.gomin_jungdok.gdgoc.post.Post(p)`
            <- [root] - `com.gomin_jungdok.gdgoc.post.Post(p)`
          <- [selection]
        <- [select]
        -> [from]
          -> [root] - `com.gomin_jungdok.gdgoc.post.Post(p)`
          <- [root] - `com.gomin_jungdok.gdgoc.post.Post(p)`
        <- [from]
        -> [where]
          -> [and]
            -> [grouped]
                -> [or]
                  -> [is-null]
                      :lastId
                  <- [is-null]
                  -> [LESS_THAN]
                      -> [basic-path] - `com.gomin_jungdok.gdgoc.post.Post(p).id`
                      :lastId
                  <- [LESS_THAN]
                <- [or]
            <- [grouped]
            -> [EQUAL]
            <- [EQUAL]
          <- [and]
        <- [where]
      <- [query-spec]
    <- [select]

2025-03-26T15:29:13.549Z DEBUG 835411 --- [gdgoc] [           main] cResourceLocalTransactionCoordinatorImpl : JDBC transaction marked for rollback-only (exception provided for stack trace)

java.lang.Exception: exception just for purpose of providing stack trace
	at org.hibernate.resource.transaction.backend.jdbc.internal.JdbcResourceLocalTransactionCoordinatorImpl$TransactionDriverControlImpl.markRollbackOnly(JdbcResourceLocalTransactionCoordinatorImpl.java:309) ~[hibernate-core-6.6.5.Final.jar!/:6.6.5.Final]
	at org.hibernate.internal.AbstractSharedSessionContract.buildNamedQuery(AbstractSharedSessionContract.java:1141) ~[hibernate-core-6.6.5.Final.jar!/:6.6.5.Final]
	at org.hibernate.internal.AbstractSharedSessionContract.createNamedQuery(AbstractSharedSessionContract.java:1019) ~[hibernate-core-6.6.5.Final.jar!/:6.6.5.Final]
	at org.hibernate.internal.AbstractSharedSessionContract.createNamedQuery(AbstractSharedSessionContract.java:143) ~[hibernate-core-6.6.5.Final.jar!/:6.6.5.Final]
	at java.base/jdk.internal.reflect.NativeMethodAccessorImpl.invoke0(Native Method) ~[na:na]
	at java.base/jdk.internal.reflect.NativeMethodAccessorImpl.invoke(NativeMethodAccessorImpl.java:77) ~[na:na]
	at java.base/jdk.internal.reflect.DelegatingMethodAccessorImpl.invoke(DelegatingMethodAccessorImpl.java:43) ~[na:na]
	at java.base/java.lang.reflect.Method.invoke(Method.java:569) ~[na:na]
	at org.springframework.orm.jpa.ExtendedEntityManagerCreator$ExtendedEntityManagerInvocationHandler.invoke(ExtendedEntityManagerCreator.java:364) ~[spring-orm-6.2.2.jar!/:6.2.2]
	at jdk.proxy2/jdk.proxy2.$Proxy134.createNamedQuery(Unknown Source) ~[na:na]
	at org.springframework.data.jpa.repository.query.NamedQuery.hasNamedQuery(NamedQuery.java:114) ~[spring-data-jpa-3.4.2.jar!/:3.4.2]
	at org.springframework.data.jpa.repository.query.JpaQueryLookupStrategy$DeclaredQueryLookupStrategy.getCountQuery(JpaQueryLookupStrategy.java:208) ~[spring-data-jpa-3.4.2.jar!/:3.4.2]
	at org.springframework.data.jpa.repository.query.JpaQueryLookupStrategy$DeclaredQueryLookupStrategy.resolveQuery(JpaQueryLookupStrategy.java:175) ~[spring-data-jpa-3.4.2.jar!/:3.4.2]
	at org.springframework.data.jpa.repository.query.JpaQueryLookupStrategy$CreateIfNotFoundQueryLookupStrategy.resolveQuery(JpaQueryLookupStrategy.java:256) ~[spring-data-jpa-3.4.2.jar!/:3.4.2]
	at org.springframework.data.jpa.repository.query.JpaQueryLookupStrategy$AbstractQueryLookupStrategy.resolveQuery(JpaQueryLookupStrategy.java:99) ~[spring-data-jpa-3.4.2.jar!/:3.4.2]
	at org.springframework.data.repository.core.support.QueryExecutorMethodInterceptor.lookupQuery(QueryExecutorMethodInterceptor.java:116) ~[spring-data-commons-3.4.2.jar!/:3.4.2]
	at org.springframework.data.repository.core.support.QueryExecutorMethodInterceptor.mapMethodsToQuery(QueryExecutorMethodInterceptor.java:104) ~[spring-data-commons-3.4.2.jar!/:3.4.2]
	at org.springframework.data.repository.core.support.QueryExecutorMethodInterceptor.lambda$new$0(QueryExecutorMethodInterceptor.java:92) ~[spring-data-commons-3.4.2.jar!/:3.4.2]
	at java.base/java.util.Optional.map(Optional.java:260) ~[na:na]
	at org.springframework.data.repository.core.support.QueryExecutorMethodInterceptor.<init>(QueryExecutorMethodInterceptor.java:92) ~[spring-data-commons-3.4.2.jar!/:3.4.2]
	at org.springframework.data.repository.core.support.RepositoryFactorySupport.getRepository(RepositoryFactorySupport.java:440) ~[spring-data-commons-3.4.2.jar!/:3.4.2]
	at org.springframework.data.repository.core.support.RepositoryFactoryBeanSupport.lambda$afterPropertiesSet$4(RepositoryFactoryBeanSupport.java:350) ~[spring-data-commons-3.4.2.jar!/:3.4.2]
	at org.springframework.data.util.Lazy.getNullable(Lazy.java:135) ~[spring-data-commons-3.4.2.jar!/:3.4.2]
	at org.springframework.data.util.Lazy.get(Lazy.java:113) ~[spring-data-commons-3.4.2.jar!/:3.4.2]
	at org.springframework.data.repository.core.support.RepositoryFactoryBeanSupport.afterPropertiesSet(RepositoryFactoryBeanSupport.java:356) ~[spring-data-commons-3.4.2.jar!/:3.4.2]
	at org.springframework.data.jpa.repository.support.JpaRepositoryFactoryBean.afterPropertiesSet(JpaRepositoryFactoryBean.java:132) ~[spring-data-jpa-3.4.2.jar!/:3.4.2]
	at org.springframework.beans.factory.support.AbstractAutowireCapableBeanFactory.invokeInitMethods(AbstractAutowireCapableBeanFactory.java:1859) ~[spring-beans-6.2.2.jar!/:6.2.2]
	at org.springframework.beans.factory.support.AbstractAutowireCapableBeanFactory.initializeBean(AbstractAutowireCapableBeanFactory.java:1808) ~[spring-beans-6.2.2.jar!/:6.2.2]
	at org.springframework.beans.factory.support.AbstractAutowireCapableBeanFactory.doCreateBean(AbstractAutowireCapableBeanFactory.java:601) ~[spring-beans-6.2.2.jar!/:6.2.2]
	at org.springframework.beans.factory.support.AbstractAutowireCapableBeanFactory.createBean(AbstractAutowireCapableBeanFactory.java:523) ~[spring-beans-6.2.2.jar!/:6.2.2]
	at org.springframework.beans.factory.support.AbstractBeanFactory.lambda$doGetBean$0(AbstractBeanFactory.java:336) ~[spring-beans-6.2.2.jar!/:6.2.2]
	at org.springframework.beans.factory.support.DefaultSingletonBeanRegistry.getSingleton(DefaultSingletonBeanRegistry.java:307) ~[spring-beans-6.2.2.jar!/:6.2.2]
	at org.springframework.beans.factory.support.AbstractBeanFactory.doGetBean(AbstractBeanFactory.java:334) ~[spring-beans-6.2.2.jar!/:6.2.2]
	at org.springframework.beans.factory.support.AbstractBeanFactory.getBean(AbstractBeanFactory.java:199) ~[spring-beans-6.2.2.jar!/:6.2.2]
	at org.springframework.beans.factory.support.DefaultListableBeanFactory.doResolveDependency(DefaultListableBeanFactory.java:1573) ~[spring-beans-6.2.2.jar!/:6.2.2]
	at org.springframework.beans.factory.support.DefaultListableBeanFactory.resolveDependency(DefaultListableBeanFactory.java:1519) ~[spring-beans-6.2.2.jar!/:6.2.2]
	at org.springframework.beans.factory.support.ConstructorResolver.resolveAutowiredArgument(ConstructorResolver.java:913) ~[spring-beans-6.2.2.jar!/:6.2.2]
	at org.springframework.beans.factory.support.ConstructorResolver.createArgumentArray(ConstructorResolver.java:791) ~[spring-beans-6.2.2.jar!/:6.2.2]
	at org.springframework.beans.factory.support.ConstructorResolver.autowireConstructor(ConstructorResolver.java:240) ~[spring-beans-6.2.2.jar!/:6.2.2]
	at org.springframework.beans.factory.support.AbstractAutowireCapableBeanFactory.autowireConstructor(AbstractAutowireCapableBeanFactory.java:1381) ~[spring-beans-6.2.2.jar!/:6.2.2]
	at org.springframework.beans.factory.support.AbstractAutowireCapableBeanFactory.createBeanInstance(AbstractAutowireCapableBeanFactory.java:1218) ~[spring-beans-6.2.2.jar!/:6.2.2]
	at org.springframework.beans.factory.support.AbstractAutowireCapableBeanFactory.doCreateBean(AbstractAutowireCapableBeanFactory.java:563) ~[spring-beans-6.2.2.jar!/:6.2.2]
	at org.springframework.beans.factory.support.AbstractAutowireCapableBeanFactory.createBean(AbstractAutowireCapableBeanFactory.java:523) ~[spring-beans-6.2.2.jar!/:6.2.2]
	at org.springframework.beans.factory.support.AbstractBeanFactory.lambda$doGetBean$0(AbstractBeanFactory.java:336) ~[spring-beans-6.2.2.jar!/:6.2.2]
	at org.springframework.beans.factory.support.DefaultSingletonBeanRegistry.getSingleton(DefaultSingletonBeanRegistry.java:307) ~[spring-beans-6.2.2.jar!/:6.2.2]
	at org.springframework.beans.factory.support.AbstractBeanFactory.doGetBean(AbstractBeanFactory.java:334) ~[spring-beans-6.2.2.jar!/:6.2.2]
	at org.springframework.beans.factory.support.AbstractBeanFactory.getBean(AbstractBeanFactory.java:199) ~[spring-beans-6.2.2.jar!/:6.2.2]
	at org.springframework.beans.factory.support.DefaultListableBeanFactory.doResolveDependency(DefaultListableBeanFactory.java:1573) ~[spring-beans-6.2.2.jar!/:6.2.2]
	at org.springframework.beans.factory.support.DefaultListableBeanFactory.resolveDependency(DefaultListableBeanFactory.java:1519) ~[spring-beans-6.2.2.jar!/:6.2.2]
	at org.springframework.beans.factory.support.ConstructorResolver.resolveAutowiredArgument(ConstructorResolver.java:913) ~[spring-beans-6.2.2.jar!/:6.2.2]
	at org.springframework.beans.factory.support.ConstructorResolver.createArgumentArray(ConstructorResolver.java:791) ~[spring-beans-6.2.2.jar!/:6.2.2]
	at org.springframework.beans.factory.support.ConstructorResolver.autowireConstructor(ConstructorResolver.java:240) ~[spring-beans-6.2.2.jar!/:6.2.2]
	at org.springframework.beans.factory.support.AbstractAutowireCapableBeanFactory.autowireConstructor(AbstractAutowireCapableBeanFactory.java:1381) ~[spring-beans-6.2.2.jar!/:6.2.2]
	at org.springframework.beans.factory.support.AbstractAutowireCapableBeanFactory.createBeanInstance(AbstractAutowireCapableBeanFactory.java:1218) ~[spring-beans-6.2.2.jar!/:6.2.2]
	at org.springframework.beans.factory.support.AbstractAutowireCapableBeanFactory.doCreateBean(AbstractAutowireCapableBeanFactory.java:563) ~[spring-beans-6.2.2.jar!/:6.2.2]
	at org.springframework.beans.factory.support.AbstractAutowireCapableBeanFactory.createBean(AbstractAutowireCapableBeanFactory.java:523) ~[spring-beans-6.2.2.jar!/:6.2.2]
	at org.springframework.beans.factory.support.AbstractBeanFactory.lambda$doGetBean$0(AbstractBeanFactory.java:336) ~[spring-beans-6.2.2.jar!/:6.2.2]
	at org.springframework.beans.factory.support.DefaultSingletonBeanRegistry.getSingleton(DefaultSingletonBeanRegistry.java:307) ~[spring-beans-6.2.2.jar!/:6.2.2]
	at org.springframework.beans.factory.support.AbstractBeanFactory.doGetBean(AbstractBeanFactory.java:334) ~[spring-beans-6.2.2.jar!/:6.2.2]
	at org.springframework.beans.factory.support.AbstractBeanFactory.getBean(AbstractBeanFactory.java:199) ~[spring-beans-6.2.2.jar!/:6.2.2]
	at org.springframework.beans.factory.support.DefaultListableBeanFactory.instantiateSingleton(DefaultListableBeanFactory.java:1122) ~[spring-beans-6.2.2.jar!/:6.2.2]
	at org.springframework.beans.factory.support.DefaultListableBeanFactory.preInstantiateSingleton(DefaultListableBeanFactory.java:1093) ~[spring-beans-6.2.2.jar!/:6.2.2]
	at org.springframework.beans.factory.support.DefaultListableBeanFactory.preInstantiateSingletons(DefaultListableBeanFactory.java:1030) ~[spring-beans-6.2.2.jar!/:6.2.2]
	at org.springframework.context.support.AbstractApplicationContext.finishBeanFactoryInitialization(AbstractApplicationContext.java:987) ~[spring-context-6.2.2.jar!/:6.2.2]
	at org.springframework.context.support.AbstractApplicationContext.refresh(AbstractApplicationContext.java:627) ~[spring-context-6.2.2.jar!/:6.2.2]
	at org.springframework.boot.web.servlet.context.ServletWebServerApplicationContext.refresh(ServletWebServerApplicationContext.java:146) ~[spring-boot-3.4.2.jar!/:3.4.2]
	at org.springframework.boot.SpringApplication.refresh(SpringApplication.java:752) ~[spring-boot-3.4.2.jar!/:3.4.2]
	at org.springframework.boot.SpringApplication.refreshContext(SpringApplication.java:439) ~[spring-boot-3.4.2.jar!/:3.4.2]
	at org.springframework.boot.SpringApplication.run(SpringApplication.java:318) ~[spring-boot-3.4.2.jar!/:3.4.2]
	at org.springframework.boot.SpringApplication.run(SpringApplication.java:1361) ~[spring-boot-3.4.2.jar!/:3.4.2]
	at org.springframework.boot.SpringApplication.run(SpringApplication.java:1350) ~[spring-boot-3.4.2.jar!/:3.4.2]
	at com.gomin_jungdok.gdgoc.GdgocApplication.main(GdgocApplication.java:10) ~[!/:0.0.1-SNAPSHOT]
	at java.base/jdk.internal.reflect.NativeMethodAccessorImpl.invoke0(Native Method) ~[na:na]
	at java.base/jdk.internal.reflect.NativeMethodAccessorImpl.invoke(NativeMethodAccessorImpl.java:77) ~[na:na]
	at java.base/jdk.internal.reflect.DelegatingMethodAccessorImpl.invoke(DelegatingMethodAccessorImpl.java:43) ~[na:na]
	at java.base/java.lang.reflect.Method.invoke(Method.java:569) ~[na:na]
	at org.springframework.boot.loader.launch.Launcher.launch(Launcher.java:102) ~[gdgoc-0.0.1-SNAPSHOT.jar:0.0.1-SNAPSHOT]
	at org.springframework.boot.loader.launch.Launcher.launch(Launcher.java:64) ~[gdgoc-0.0.1-SNAPSHOT.jar:0.0.1-SNAPSHOT]
	at org.springframework.boot.loader.launch.JarLauncher.main(JarLauncher.java:40) ~[gdgoc-0.0.1-SNAPSHOT.jar:0.0.1-SNAPSHOT]

2025-03-26T15:29:13.618Z DEBUG 835411 --- [gdgoc] [           main] org.hibernate.orm.query.hql              : HQL : UPDATE Post p SET p.todayPost = :status WHERE p.id IN :todayPosts
2025-03-26T15:29:13.780Z DEBUG 835411 --- [gdgoc] [           main] o.h.o.q.hql.reservedWordAsIdentifier     : Encountered use of reserved word as identifier : IN
2025-03-26T15:29:13.799Z DEBUG 835411 --- [gdgoc] [           main] org.hibernate.orm.query.sqm.creation     : Applying inferable type to SqmExpression [SqmNamedParameter(status)] : null -> BasicSqmPathSource(todayPost : Boolean)
2025-03-26T15:29:13.809Z DEBUG 835411 --- [gdgoc] [           main] org.hibernate.orm.query.sqm.creation     : Applying inferable type to SqmExpression [SqmNamedParameter(todayPosts)] : null -> SqmBasicValuedSimplePath(com.gomin_jungdok.gdgoc.post.Post(p).id)
2025-03-26T15:29:13.812Z DEBUG 835411 --- [gdgoc] [           main] org.hibernate.orm.query.sqm.ast          : SqmStatement Tree :
    -> [update]
      [target = com.gomin_jungdok.gdgoc.post.Post(p)]
      -> [set]
        -> [assignment]
          =
            [com.gomin_jungdok.gdgoc.post.Post(p).todayPost]
            :status
        <- [assignment]
      <- [set]
      -> [where]
      <- [where]
    <- [update]

2025-03-26T15:29:13.901Z DEBUG 835411 --- [gdgoc] [           main] cResourceLocalTransactionCoordinatorImpl : JDBC transaction marked for rollback-only (exception provided for stack trace)

java.lang.Exception: exception just for purpose of providing stack trace
	at org.hibernate.resource.transaction.backend.jdbc.internal.JdbcResourceLocalTransactionCoordinatorImpl$TransactionDriverControlImpl.markRollbackOnly(JdbcResourceLocalTransactionCoordinatorImpl.java:309) ~[hibernate-core-6.6.5.Final.jar!/:6.6.5.Final]
	at org.hibernate.internal.AbstractSharedSessionContract.buildNamedQuery(AbstractSharedSessionContract.java:1141) ~[hibernate-core-6.6.5.Final.jar!/:6.6.5.Final]
	at org.hibernate.internal.AbstractSharedSessionContract.createNamedQuery(AbstractSharedSessionContract.java:1019) ~[hibernate-core-6.6.5.Final.jar!/:6.6.5.Final]
	at org.hibernate.internal.AbstractSharedSessionContract.createNamedQuery(AbstractSharedSessionContract.java:143) ~[hibernate-core-6.6.5.Final.jar!/:6.6.5.Final]
	at java.base/jdk.internal.reflect.NativeMethodAccessorImpl.invoke0(Native Method) ~[na:na]
	at java.base/jdk.internal.reflect.NativeMethodAccessorImpl.invoke(NativeMethodAccessorImpl.java:77) ~[na:na]
	at java.base/jdk.internal.reflect.DelegatingMethodAccessorImpl.invoke(DelegatingMethodAccessorImpl.java:43) ~[na:na]
	at java.base/java.lang.reflect.Method.invoke(Method.java:569) ~[na:na]
	at org.springframework.orm.jpa.ExtendedEntityManagerCreator$ExtendedEntityManagerInvocationHandler.invoke(ExtendedEntityManagerCreator.java:364) ~[spring-orm-6.2.2.jar!/:6.2.2]
	at jdk.proxy2/jdk.proxy2.$Proxy134.createNamedQuery(Unknown Source) ~[na:na]
	at org.springframework.data.jpa.repository.query.NamedQuery.hasNamedQuery(NamedQuery.java:114) ~[spring-data-jpa-3.4.2.jar!/:3.4.2]
	at org.springframework.data.jpa.repository.query.NamedQuery.lookupFrom(NamedQuery.java:140) ~[spring-data-jpa-3.4.2.jar!/:3.4.2]
	at org.springframework.data.jpa.repository.query.JpaQueryLookupStrategy$DeclaredQueryLookupStrategy.resolveQuery(JpaQueryLookupStrategy.java:184) ~[spring-data-jpa-3.4.2.jar!/:3.4.2]
	at org.springframework.data.jpa.repository.query.JpaQueryLookupStrategy$CreateIfNotFoundQueryLookupStrategy.resolveQuery(JpaQueryLookupStrategy.java:256) ~[spring-data-jpa-3.4.2.jar!/:3.4.2]
	at org.springframework.data.jpa.repository.query.JpaQueryLookupStrategy$AbstractQueryLookupStrategy.resolveQuery(JpaQueryLookupStrategy.java:99) ~[spring-data-jpa-3.4.2.jar!/:3.4.2]
	at org.springframework.data.repository.core.support.QueryExecutorMethodInterceptor.lookupQuery(QueryExecutorMethodInterceptor.java:116) ~[spring-data-commons-3.4.2.jar!/:3.4.2]
	at org.springframework.data.repository.core.support.QueryExecutorMethodInterceptor.mapMethodsToQuery(QueryExecutorMethodInterceptor.java:104) ~[spring-data-commons-3.4.2.jar!/:3.4.2]
	at org.springframework.data.repository.core.support.QueryExecutorMethodInterceptor.lambda$new$0(QueryExecutorMethodInterceptor.java:92) ~[spring-data-commons-3.4.2.jar!/:3.4.2]
	at java.base/java.util.Optional.map(Optional.java:260) ~[na:na]
	at org.springframework.data.repository.core.support.QueryExecutorMethodInterceptor.<init>(QueryExecutorMethodInterceptor.java:92) ~[spring-data-commons-3.4.2.jar!/:3.4.2]
	at org.springframework.data.repository.core.support.RepositoryFactorySupport.getRepository(RepositoryFactorySupport.java:440) ~[spring-data-commons-3.4.2.jar!/:3.4.2]
	at org.springframework.data.repository.core.support.RepositoryFactoryBeanSupport.lambda$afterPropertiesSet$4(RepositoryFactoryBeanSupport.java:350) ~[spring-data-commons-3.4.2.jar!/:3.4.2]
	at org.springframework.data.util.Lazy.getNullable(Lazy.java:135) ~[spring-data-commons-3.4.2.jar!/:3.4.2]
	at org.springframework.data.util.Lazy.get(Lazy.java:113) ~[spring-data-commons-3.4.2.jar!/:3.4.2]
	at org.springframework.data.repository.core.support.RepositoryFactoryBeanSupport.afterPropertiesSet(RepositoryFactoryBeanSupport.java:356) ~[spring-data-commons-3.4.2.jar!/:3.4.2]
	at org.springframework.data.jpa.repository.support.JpaRepositoryFactoryBean.afterPropertiesSet(JpaRepositoryFactoryBean.java:132) ~[spring-data-jpa-3.4.2.jar!/:3.4.2]
	at org.springframework.beans.factory.support.AbstractAutowireCapableBeanFactory.invokeInitMethods(AbstractAutowireCapableBeanFactory.java:1859) ~[spring-beans-6.2.2.jar!/:6.2.2]
	at org.springframework.beans.factory.support.AbstractAutowireCapableBeanFactory.initializeBean(AbstractAutowireCapableBeanFactory.java:1808) ~[spring-beans-6.2.2.jar!/:6.2.2]
	at org.springframework.beans.factory.support.AbstractAutowireCapableBeanFactory.doCreateBean(AbstractAutowireCapableBeanFactory.java:601) ~[spring-beans-6.2.2.jar!/:6.2.2]
	at org.springframework.beans.factory.support.AbstractAutowireCapableBeanFactory.createBean(AbstractAutowireCapableBeanFactory.java:523) ~[spring-beans-6.2.2.jar!/:6.2.2]
	at org.springframework.beans.factory.support.AbstractBeanFactory.lambda$doGetBean$0(AbstractBeanFactory.java:336) ~[spring-beans-6.2.2.jar!/:6.2.2]
	at org.springframework.beans.factory.support.DefaultSingletonBeanRegistry.getSingleton(DefaultSingletonBeanRegistry.java:307) ~[spring-beans-6.2.2.jar!/:6.2.2]
	at org.springframework.beans.factory.support.AbstractBeanFactory.doGetBean(AbstractBeanFactory.java:334) ~[spring-beans-6.2.2.jar!/:6.2.2]
	at org.springframework.beans.factory.support.AbstractBeanFactory.getBean(AbstractBeanFactory.java:199) ~[spring-beans-6.2.2.jar!/:6.2.2]
	at org.springframework.beans.factory.support.DefaultListableBeanFactory.doResolveDependency(DefaultListableBeanFactory.java:1573) ~[spring-beans-6.2.2.jar!/:6.2.2]
	at org.springframework.beans.factory.support.DefaultListableBeanFactory.resolveDependency(DefaultListableBeanFactory.java:1519) ~[spring-beans-6.2.2.jar!/:6.2.2]
	at org.springframework.beans.factory.support.ConstructorResolver.resolveAutowiredArgument(ConstructorResolver.java:913) ~[spring-beans-6.2.2.jar!/:6.2.2]
	at org.springframework.beans.factory.support.ConstructorResolver.createArgumentArray(ConstructorResolver.java:791) ~[spring-beans-6.2.2.jar!/:6.2.2]
	at org.springframework.beans.factory.support.ConstructorResolver.autowireConstructor(ConstructorResolver.java:240) ~[spring-beans-6.2.2.jar!/:6.2.2]
	at org.springframework.beans.factory.support.AbstractAutowireCapableBeanFactory.autowireConstructor(AbstractAutowireCapableBeanFactory.java:1381) ~[spring-beans-6.2.2.jar!/:6.2.2]
	at org.springframework.beans.factory.support.AbstractAutowireCapableBeanFactory.createBeanInstance(AbstractAutowireCapableBeanFactory.java:1218) ~[spring-beans-6.2.2.jar!/:6.2.2]
	at org.springframework.beans.factory.support.AbstractAutowireCapableBeanFactory.doCreateBean(AbstractAutowireCapableBeanFactory.java:563) ~[spring-beans-6.2.2.jar!/:6.2.2]
	at org.springframework.beans.factory.support.AbstractAutowireCapableBeanFactory.createBean(AbstractAutowireCapableBeanFactory.java:523) ~[spring-beans-6.2.2.jar!/:6.2.2]
	at org.springframework.beans.factory.support.AbstractBeanFactory.lambda$doGetBean$0(AbstractBeanFactory.java:336) ~[spring-beans-6.2.2.jar!/:6.2.2]
	at org.springframework.beans.factory.support.DefaultSingletonBeanRegistry.getSingleton(DefaultSingletonBeanRegistry.java:307) ~[spring-beans-6.2.2.jar!/:6.2.2]
	at org.springframework.beans.factory.support.AbstractBeanFactory.doGetBean(AbstractBeanFactory.java:334) ~[spring-beans-6.2.2.jar!/:6.2.2]
	at org.springframework.beans.factory.support.AbstractBeanFactory.getBean(AbstractBeanFactory.java:199) ~[spring-beans-6.2.2.jar!/:6.2.2]
	at org.springframework.beans.factory.support.DefaultListableBeanFactory.doResolveDependency(DefaultListableBeanFactory.java:1573) ~[spring-beans-6.2.2.jar!/:6.2.2]
	at org.springframework.beans.factory.support.DefaultListableBeanFactory.resolveDependency(DefaultListableBeanFactory.java:1519) ~[spring-beans-6.2.2.jar!/:6.2.2]
	at org.springframework.beans.factory.support.ConstructorResolver.resolveAutowiredArgument(ConstructorResolver.java:913) ~[spring-beans-6.2.2.jar!/:6.2.2]
	at org.springframework.beans.factory.support.ConstructorResolver.createArgumentArray(ConstructorResolver.java:791) ~[spring-beans-6.2.2.jar!/:6.2.2]
	at org.springframework.beans.factory.support.ConstructorResolver.autowireConstructor(ConstructorResolver.java:240) ~[spring-beans-6.2.2.jar!/:6.2.2]
	at org.springframework.beans.factory.support.AbstractAutowireCapableBeanFactory.autowireConstructor(AbstractAutowireCapableBeanFactory.java:1381) ~[spring-beans-6.2.2.jar!/:6.2.2]
	at org.springframework.beans.factory.support.AbstractAutowireCapableBeanFactory.createBeanInstance(AbstractAutowireCapableBeanFactory.java:1218) ~[spring-beans-6.2.2.jar!/:6.2.2]
	at org.springframework.beans.factory.support.AbstractAutowireCapableBeanFactory.doCreateBean(AbstractAutowireCapableBeanFactory.java:563) ~[spring-beans-6.2.2.jar!/:6.2.2]
	at org.springframework.beans.factory.support.AbstractAutowireCapableBeanFactory.createBean(AbstractAutowireCapableBeanFactory.java:523) ~[spring-beans-6.2.2.jar!/:6.2.2]
	at org.springframework.beans.factory.support.AbstractBeanFactory.lambda$doGetBean$0(AbstractBeanFactory.java:336) ~[spring-beans-6.2.2.jar!/:6.2.2]
	at org.springframework.beans.factory.support.DefaultSingletonBeanRegistry.getSingleton(DefaultSingletonBeanRegistry.java:307) ~[spring-beans-6.2.2.jar!/:6.2.2]
	at org.springframework.beans.factory.support.AbstractBeanFactory.doGetBean(AbstractBeanFactory.java:334) ~[spring-beans-6.2.2.jar!/:6.2.2]
	at org.springframework.beans.factory.support.AbstractBeanFactory.getBean(AbstractBeanFactory.java:199) ~[spring-beans-6.2.2.jar!/:6.2.2]
	at org.springframework.beans.factory.support.DefaultListableBeanFactory.instantiateSingleton(DefaultListableBeanFactory.java:1122) ~[spring-beans-6.2.2.jar!/:6.2.2]
	at org.springframework.beans.factory.support.DefaultListableBeanFactory.preInstantiateSingleton(DefaultListableBeanFactory.java:1093) ~[spring-beans-6.2.2.jar!/:6.2.2]
	at org.springframework.beans.factory.support.DefaultListableBeanFactory.preInstantiateSingletons(DefaultListableBeanFactory.java:1030) ~[spring-beans-6.2.2.jar!/:6.2.2]
	at org.springframework.context.support.AbstractApplicationContext.finishBeanFactoryInitialization(AbstractApplicationContext.java:987) ~[spring-context-6.2.2.jar!/:6.2.2]
	at org.springframework.context.support.AbstractApplicationContext.refresh(AbstractApplicationContext.java:627) ~[spring-context-6.2.2.jar!/:6.2.2]
	at org.springframework.boot.web.servlet.context.ServletWebServerApplicationContext.refresh(ServletWebServerApplicationContext.java:146) ~[spring-boot-3.4.2.jar!/:3.4.2]
	at org.springframework.boot.SpringApplication.refresh(SpringApplication.java:752) ~[spring-boot-3.4.2.jar!/:3.4.2]
	at org.springframework.boot.SpringApplication.refreshContext(SpringApplication.java:439) ~[spring-boot-3.4.2.jar!/:3.4.2]
	at org.springframework.boot.SpringApplication.run(SpringApplication.java:318) ~[spring-boot-3.4.2.jar!/:3.4.2]
	at org.springframework.boot.SpringApplication.run(SpringApplication.java:1361) ~[spring-boot-3.4.2.jar!/:3.4.2]
	at org.springframework.boot.SpringApplication.run(SpringApplication.java:1350) ~[spring-boot-3.4.2.jar!/:3.4.2]
	at com.gomin_jungdok.gdgoc.GdgocApplication.main(GdgocApplication.java:10) ~[!/:0.0.1-SNAPSHOT]
	at java.base/jdk.internal.reflect.NativeMethodAccessorImpl.invoke0(Native Method) ~[na:na]
	at java.base/jdk.internal.reflect.NativeMethodAccessorImpl.invoke(NativeMethodAccessorImpl.java:77) ~[na:na]
	at java.base/jdk.internal.reflect.DelegatingMethodAccessorImpl.invoke(DelegatingMethodAccessorImpl.java:43) ~[na:na]
	at java.base/java.lang.reflect.Method.invoke(Method.java:569) ~[na:na]
	at org.springframework.boot.loader.launch.Launcher.launch(Launcher.java:102) ~[gdgoc-0.0.1-SNAPSHOT.jar:0.0.1-SNAPSHOT]
	at org.springframework.boot.loader.launch.Launcher.launch(Launcher.java:64) ~[gdgoc-0.0.1-SNAPSHOT.jar:0.0.1-SNAPSHOT]
	at org.springframework.boot.loader.launch.JarLauncher.main(JarLauncher.java:40) ~[gdgoc-0.0.1-SNAPSHOT.jar:0.0.1-SNAPSHOT]

2025-03-26T15:29:13.907Z DEBUG 835411 --- [gdgoc] [           main] cResourceLocalTransactionCoordinatorImpl : JDBC transaction marked for rollback-only (exception provided for stack trace)

java.lang.Exception: exception just for purpose of providing stack trace
	at org.hibernate.resource.transaction.backend.jdbc.internal.JdbcResourceLocalTransactionCoordinatorImpl$TransactionDriverControlImpl.markRollbackOnly(JdbcResourceLocalTransactionCoordinatorImpl.java:309) ~[hibernate-core-6.6.5.Final.jar!/:6.6.5.Final]
	at org.hibernate.internal.AbstractSharedSessionContract.buildNamedQuery(AbstractSharedSessionContract.java:1141) ~[hibernate-core-6.6.5.Final.jar!/:6.6.5.Final]
	at org.hibernate.internal.AbstractSharedSessionContract.createNamedQuery(AbstractSharedSessionContract.java:1019) ~[hibernate-core-6.6.5.Final.jar!/:6.6.5.Final]
	at org.hibernate.internal.AbstractSharedSessionContract.createNamedQuery(AbstractSharedSessionContract.java:143) ~[hibernate-core-6.6.5.Final.jar!/:6.6.5.Final]
	at java.base/jdk.internal.reflect.NativeMethodAccessorImpl.invoke0(Native Method) ~[na:na]
	at java.base/jdk.internal.reflect.NativeMethodAccessorImpl.invoke(NativeMethodAccessorImpl.java:77) ~[na:na]
	at java.base/jdk.internal.reflect.DelegatingMethodAccessorImpl.invoke(DelegatingMethodAccessorImpl.java:43) ~[na:na]
	at java.base/java.lang.reflect.Method.invoke(Method.java:569) ~[na:na]
	at org.springframework.orm.jpa.ExtendedEntityManagerCreator$ExtendedEntityManagerInvocationHandler.invoke(ExtendedEntityManagerCreator.java:364) ~[spring-orm-6.2.2.jar!/:6.2.2]
	at jdk.proxy2/jdk.proxy2.$Proxy134.createNamedQuery(Unknown Source) ~[na:na]
	at org.springframework.data.jpa.repository.query.NamedQuery.hasNamedQuery(NamedQuery.java:114) ~[spring-data-jpa-3.4.2.jar!/:3.4.2]
	at org.springframework.data.jpa.repository.query.JpaQueryLookupStrategy$DeclaredQueryLookupStrategy.getCountQuery(JpaQueryLookupStrategy.java:208) ~[spring-data-jpa-3.4.2.jar!/:3.4.2]
	at org.springframework.data.jpa.repository.query.JpaQueryLookupStrategy$DeclaredQueryLookupStrategy.resolveQuery(JpaQueryLookupStrategy.java:175) ~[spring-data-jpa-3.4.2.jar!/:3.4.2]
	at org.springframework.data.jpa.repository.query.JpaQueryLookupStrategy$CreateIfNotFoundQueryLookupStrategy.resolveQuery(JpaQueryLookupStrategy.java:256) ~[spring-data-jpa-3.4.2.jar!/:3.4.2]
	at org.springframework.data.jpa.repository.query.JpaQueryLookupStrategy$AbstractQueryLookupStrategy.resolveQuery(JpaQueryLookupStrategy.java:99) ~[spring-data-jpa-3.4.2.jar!/:3.4.2]
	at org.springframework.data.repository.core.support.QueryExecutorMethodInterceptor.lookupQuery(QueryExecutorMethodInterceptor.java:116) ~[spring-data-commons-3.4.2.jar!/:3.4.2]
	at org.springframework.data.repository.core.support.QueryExecutorMethodInterceptor.mapMethodsToQuery(QueryExecutorMethodInterceptor.java:104) ~[spring-data-commons-3.4.2.jar!/:3.4.2]
	at org.springframework.data.repository.core.support.QueryExecutorMethodInterceptor.lambda$new$0(QueryExecutorMethodInterceptor.java:92) ~[spring-data-commons-3.4.2.jar!/:3.4.2]
	at java.base/java.util.Optional.map(Optional.java:260) ~[na:na]
	at org.springframework.data.repository.core.support.QueryExecutorMethodInterceptor.<init>(QueryExecutorMethodInterceptor.java:92) ~[spring-data-commons-3.4.2.jar!/:3.4.2]
	at org.springframework.data.repository.core.support.RepositoryFactorySupport.getRepository(RepositoryFactorySupport.java:440) ~[spring-data-commons-3.4.2.jar!/:3.4.2]
	at org.springframework.data.repository.core.support.RepositoryFactoryBeanSupport.lambda$afterPropertiesSet$4(RepositoryFactoryBeanSupport.java:350) ~[spring-data-commons-3.4.2.jar!/:3.4.2]
	at org.springframework.data.util.Lazy.getNullable(Lazy.java:135) ~[spring-data-commons-3.4.2.jar!/:3.4.2]
	at org.springframework.data.util.Lazy.get(Lazy.java:113) ~[spring-data-commons-3.4.2.jar!/:3.4.2]
	at org.springframework.data.repository.core.support.RepositoryFactoryBeanSupport.afterPropertiesSet(RepositoryFactoryBeanSupport.java:356) ~[spring-data-commons-3.4.2.jar!/:3.4.2]
	at org.springframework.data.jpa.repository.support.JpaRepositoryFactoryBean.afterPropertiesSet(JpaRepositoryFactoryBean.java:132) ~[spring-data-jpa-3.4.2.jar!/:3.4.2]
	at org.springframework.beans.factory.support.AbstractAutowireCapableBeanFactory.invokeInitMethods(AbstractAutowireCapableBeanFactory.java:1859) ~[spring-beans-6.2.2.jar!/:6.2.2]
	at org.springframework.beans.factory.support.AbstractAutowireCapableBeanFactory.initializeBean(AbstractAutowireCapableBeanFactory.java:1808) ~[spring-beans-6.2.2.jar!/:6.2.2]
	at org.springframework.beans.factory.support.AbstractAutowireCapableBeanFactory.doCreateBean(AbstractAutowireCapableBeanFactory.java:601) ~[spring-beans-6.2.2.jar!/:6.2.2]
	at org.springframework.beans.factory.support.AbstractAutowireCapableBeanFactory.createBean(AbstractAutowireCapableBeanFactory.java:523) ~[spring-beans-6.2.2.jar!/:6.2.2]
	at org.springframework.beans.factory.support.AbstractBeanFactory.lambda$doGetBean$0(AbstractBeanFactory.java:336) ~[spring-beans-6.2.2.jar!/:6.2.2]
	at org.springframework.beans.factory.support.DefaultSingletonBeanRegistry.getSingleton(DefaultSingletonBeanRegistry.java:307) ~[spring-beans-6.2.2.jar!/:6.2.2]
	at org.springframework.beans.factory.support.AbstractBeanFactory.doGetBean(AbstractBeanFactory.java:334) ~[spring-beans-6.2.2.jar!/:6.2.2]
	at org.springframework.beans.factory.support.AbstractBeanFactory.getBean(AbstractBeanFactory.java:199) ~[spring-beans-6.2.2.jar!/:6.2.2]
	at org.springframework.beans.factory.support.DefaultListableBeanFactory.doResolveDependency(DefaultListableBeanFactory.java:1573) ~[spring-beans-6.2.2.jar!/:6.2.2]
	at org.springframework.beans.factory.support.DefaultListableBeanFactory.resolveDependency(DefaultListableBeanFactory.java:1519) ~[spring-beans-6.2.2.jar!/:6.2.2]
	at org.springframework.beans.factory.support.ConstructorResolver.resolveAutowiredArgument(ConstructorResolver.java:913) ~[spring-beans-6.2.2.jar!/:6.2.2]
	at org.springframework.beans.factory.support.ConstructorResolver.createArgumentArray(ConstructorResolver.java:791) ~[spring-beans-6.2.2.jar!/:6.2.2]
	at org.springframework.beans.factory.support.ConstructorResolver.autowireConstructor(ConstructorResolver.java:240) ~[spring-beans-6.2.2.jar!/:6.2.2]
	at org.springframework.beans.factory.support.AbstractAutowireCapableBeanFactory.autowireConstructor(AbstractAutowireCapableBeanFactory.java:1381) ~[spring-beans-6.2.2.jar!/:6.2.2]
	at org.springframework.beans.factory.support.AbstractAutowireCapableBeanFactory.createBeanInstance(AbstractAutowireCapableBeanFactory.java:1218) ~[spring-beans-6.2.2.jar!/:6.2.2]
	at org.springframework.beans.factory.support.AbstractAutowireCapableBeanFactory.doCreateBean(AbstractAutowireCapableBeanFactory.java:563) ~[spring-beans-6.2.2.jar!/:6.2.2]
	at org.springframework.beans.factory.support.AbstractAutowireCapableBeanFactory.createBean(AbstractAutowireCapableBeanFactory.java:523) ~[spring-beans-6.2.2.jar!/:6.2.2]
	at org.springframework.beans.factory.support.AbstractBeanFactory.lambda$doGetBean$0(AbstractBeanFactory.java:336) ~[spring-beans-6.2.2.jar!/:6.2.2]
	at org.springframework.beans.factory.support.DefaultSingletonBeanRegistry.getSingleton(DefaultSingletonBeanRegistry.java:307) ~[spring-beans-6.2.2.jar!/:6.2.2]
	at org.springframework.beans.factory.support.AbstractBeanFactory.doGetBean(AbstractBeanFactory.java:334) ~[spring-beans-6.2.2.jar!/:6.2.2]
	at org.springframework.beans.factory.support.AbstractBeanFactory.getBean(AbstractBeanFactory.java:199) ~[spring-beans-6.2.2.jar!/:6.2.2]
	at org.springframework.beans.factory.support.DefaultListableBeanFactory.doResolveDependency(DefaultListableBeanFactory.java:1573) ~[spring-beans-6.2.2.jar!/:6.2.2]
	at org.springframework.beans.factory.support.DefaultListableBeanFactory.resolveDependency(DefaultListableBeanFactory.java:1519) ~[spring-beans-6.2.2.jar!/:6.2.2]
	at org.springframework.beans.factory.support.ConstructorResolver.resolveAutowiredArgument(ConstructorResolver.java:913) ~[spring-beans-6.2.2.jar!/:6.2.2]
	at org.springframework.beans.factory.support.ConstructorResolver.createArgumentArray(ConstructorResolver.java:791) ~[spring-beans-6.2.2.jar!/:6.2.2]
	at org.springframework.beans.factory.support.ConstructorResolver.autowireConstructor(ConstructorResolver.java:240) ~[spring-beans-6.2.2.jar!/:6.2.2]
	at org.springframework.beans.factory.support.AbstractAutowireCapableBeanFactory.autowireConstructor(AbstractAutowireCapableBeanFactory.java:1381) ~[spring-beans-6.2.2.jar!/:6.2.2]
	at org.springframework.beans.factory.support.AbstractAutowireCapableBeanFactory.createBeanInstance(AbstractAutowireCapableBeanFactory.java:1218) ~[spring-beans-6.2.2.jar!/:6.2.2]
	at org.springframework.beans.factory.support.AbstractAutowireCapableBeanFactory.doCreateBean(AbstractAutowireCapableBeanFactory.java:563) ~[spring-beans-6.2.2.jar!/:6.2.2]
	at org.springframework.beans.factory.support.AbstractAutowireCapableBeanFactory.createBean(AbstractAutowireCapableBeanFactory.java:523) ~[spring-beans-6.2.2.jar!/:6.2.2]
	at org.springframework.beans.factory.support.AbstractBeanFactory.lambda$doGetBean$0(AbstractBeanFactory.java:336) ~[spring-beans-6.2.2.jar!/:6.2.2]
	at org.springframework.beans.factory.support.DefaultSingletonBeanRegistry.getSingleton(DefaultSingletonBeanRegistry.java:307) ~[spring-beans-6.2.2.jar!/:6.2.2]
	at org.springframework.beans.factory.support.AbstractBeanFactory.doGetBean(AbstractBeanFactory.java:334) ~[spring-beans-6.2.2.jar!/:6.2.2]
	at org.springframework.beans.factory.support.AbstractBeanFactory.getBean(AbstractBeanFactory.java:199) ~[spring-beans-6.2.2.jar!/:6.2.2]
	at org.springframework.beans.factory.support.DefaultListableBeanFactory.instantiateSingleton(DefaultListableBeanFactory.java:1122) ~[spring-beans-6.2.2.jar!/:6.2.2]
	at org.springframework.beans.factory.support.DefaultListableBeanFactory.preInstantiateSingleton(DefaultListableBeanFactory.java:1093) ~[spring-beans-6.2.2.jar!/:6.2.2]
	at org.springframework.beans.factory.support.DefaultListableBeanFactory.preInstantiateSingletons(DefaultListableBeanFactory.java:1030) ~[spring-beans-6.2.2.jar!/:6.2.2]
	at org.springframework.context.support.AbstractApplicationContext.finishBeanFactoryInitialization(AbstractApplicationContext.java:987) ~[spring-context-6.2.2.jar!/:6.2.2]
	at org.springframework.context.support.AbstractApplicationContext.refresh(AbstractApplicationContext.java:627) ~[spring-context-6.2.2.jar!/:6.2.2]
	at org.springframework.boot.web.servlet.context.ServletWebServerApplicationContext.refresh(ServletWebServerApplicationContext.java:146) ~[spring-boot-3.4.2.jar!/:3.4.2]
	at org.springframework.boot.SpringApplication.refresh(SpringApplication.java:752) ~[spring-boot-3.4.2.jar!/:3.4.2]
	at org.springframework.boot.SpringApplication.refreshContext(SpringApplication.java:439) ~[spring-boot-3.4.2.jar!/:3.4.2]
	at org.springframework.boot.SpringApplication.run(SpringApplication.java:318) ~[spring-boot-3.4.2.jar!/:3.4.2]
	at org.springframework.boot.SpringApplication.run(SpringApplication.java:1361) ~[spring-boot-3.4.2.jar!/:3.4.2]
	at org.springframework.boot.SpringApplication.run(SpringApplication.java:1350) ~[spring-boot-3.4.2.jar!/:3.4.2]
	at com.gomin_jungdok.gdgoc.GdgocApplication.main(GdgocApplication.java:10) ~[!/:0.0.1-SNAPSHOT]
	at java.base/jdk.internal.reflect.NativeMethodAccessorImpl.invoke0(Native Method) ~[na:na]
	at java.base/jdk.internal.reflect.NativeMethodAccessorImpl.invoke(NativeMethodAccessorImpl.java:77) ~[na:na]
	at java.base/jdk.internal.reflect.DelegatingMethodAccessorImpl.invoke(DelegatingMethodAccessorImpl.java:43) ~[na:na]
	at java.base/java.lang.reflect.Method.invoke(Method.java:569) ~[na:na]
	at org.springframework.boot.loader.launch.Launcher.launch(Launcher.java:102) ~[gdgoc-0.0.1-SNAPSHOT.jar:0.0.1-SNAPSHOT]
	at org.springframework.boot.loader.launch.Launcher.launch(Launcher.java:64) ~[gdgoc-0.0.1-SNAPSHOT.jar:0.0.1-SNAPSHOT]
	at org.springframework.boot.loader.launch.JarLauncher.main(JarLauncher.java:40) ~[gdgoc-0.0.1-SNAPSHOT.jar:0.0.1-SNAPSHOT]

2025-03-26T15:29:14.094Z DEBUG 835411 --- [gdgoc] [           main] org.hibernate.orm.query.hql              : HQL :     SELECT c.post.id, COUNT(c)
    FROM Comment c
    WHERE c.post.id IN :todayPosts
    GROUP BY c.post.id

2025-03-26T15:29:14.297Z DEBUG 835411 --- [gdgoc] [           main] o.h.o.q.hql.reservedWordAsIdentifier     : Encountered use of reserved word as identifier : ,
2025-03-26T15:29:14.320Z DEBUG 835411 --- [gdgoc] [           main] o.h.o.q.hql.reservedWordAsIdentifier     : Encountered use of reserved word as identifier : (
2025-03-26T15:29:14.323Z DEBUG 835411 --- [gdgoc] [           main] o.h.o.q.hql.reservedWordAsIdentifier     : Encountered use of reserved word as identifier : IN
2025-03-26T15:29:14.325Z DEBUG 835411 --- [gdgoc] [           main] o.h.o.q.hql.reservedWordAsIdentifier     : Encountered use of reserved word as identifier : <EOF>
2025-03-26T15:29:14.326Z DEBUG 835411 --- [gdgoc] [           main] org.hibernate.orm.query.sqm.creation     : Applying inferable type to SqmExpression [SqmNamedParameter(todayPosts)] : null -> SqmBasicValuedSimplePath(com.gomin_jungdok.gdgoc.comment.Comment(c).post.id)
2025-03-26T15:29:14.329Z DEBUG 835411 --- [gdgoc] [           main] org.hibernate.orm.query.sqm.ast          : SqmStatement Tree :
    -> [select]
      -> [query-spec]
        -> [select]
          -> [selection]
            -> [basic-path] - `com.gomin_jungdok.gdgoc.comment.Comment(c).post.id`
          <- [selection]
          -> [selection]
          <- [selection]
        <- [select]
        -> [from]
          -> [root] - `com.gomin_jungdok.gdgoc.comment.Comment(c)`
          <- [root] - `com.gomin_jungdok.gdgoc.comment.Comment(c)`
        <- [from]
        -> [where]
        <- [where]
        -> [group-by]
          -> [basic-path] - `com.gomin_jungdok.gdgoc.comment.Comment(c).post.id`
        <- [group-by]
      <- [query-spec]
    <- [select]

2025-03-26T15:29:14.330Z DEBUG 835411 --- [gdgoc] [           main] cResourceLocalTransactionCoordinatorImpl : JDBC transaction marked for rollback-only (exception provided for stack trace)

java.lang.Exception: exception just for purpose of providing stack trace
	at org.hibernate.resource.transaction.backend.jdbc.internal.JdbcResourceLocalTransactionCoordinatorImpl$TransactionDriverControlImpl.markRollbackOnly(JdbcResourceLocalTransactionCoordinatorImpl.java:309) ~[hibernate-core-6.6.5.Final.jar!/:6.6.5.Final]
	at org.hibernate.internal.AbstractSharedSessionContract.buildNamedQuery(AbstractSharedSessionContract.java:1141) ~[hibernate-core-6.6.5.Final.jar!/:6.6.5.Final]
	at org.hibernate.internal.AbstractSharedSessionContract.createNamedQuery(AbstractSharedSessionContract.java:1019) ~[hibernate-core-6.6.5.Final.jar!/:6.6.5.Final]
	at org.hibernate.internal.AbstractSharedSessionContract.createNamedQuery(AbstractSharedSessionContract.java:143) ~[hibernate-core-6.6.5.Final.jar!/:6.6.5.Final]
	at java.base/jdk.internal.reflect.NativeMethodAccessorImpl.invoke0(Native Method) ~[na:na]
	at java.base/jdk.internal.reflect.NativeMethodAccessorImpl.invoke(NativeMethodAccessorImpl.java:77) ~[na:na]
	at java.base/jdk.internal.reflect.DelegatingMethodAccessorImpl.invoke(DelegatingMethodAccessorImpl.java:43) ~[na:na]
	at java.base/java.lang.reflect.Method.invoke(Method.java:569) ~[na:na]
	at org.springframework.orm.jpa.ExtendedEntityManagerCreator$ExtendedEntityManagerInvocationHandler.invoke(ExtendedEntityManagerCreator.java:364) ~[spring-orm-6.2.2.jar!/:6.2.2]
	at jdk.proxy2/jdk.proxy2.$Proxy134.createNamedQuery(Unknown Source) ~[na:na]
	at org.springframework.data.jpa.repository.query.NamedQuery.hasNamedQuery(NamedQuery.java:114) ~[spring-data-jpa-3.4.2.jar!/:3.4.2]
	at org.springframework.data.jpa.repository.query.JpaQueryLookupStrategy$DeclaredQueryLookupStrategy.getCountQuery(JpaQueryLookupStrategy.java:208) ~[spring-data-jpa-3.4.2.jar!/:3.4.2]
	at org.springframework.data.jpa.repository.query.JpaQueryLookupStrategy$DeclaredQueryLookupStrategy.resolveQuery(JpaQueryLookupStrategy.java:175) ~[spring-data-jpa-3.4.2.jar!/:3.4.2]
	at org.springframework.data.jpa.repository.query.JpaQueryLookupStrategy$CreateIfNotFoundQueryLookupStrategy.resolveQuery(JpaQueryLookupStrategy.java:256) ~[spring-data-jpa-3.4.2.jar!/:3.4.2]
	at org.springframework.data.jpa.repository.query.JpaQueryLookupStrategy$AbstractQueryLookupStrategy.resolveQuery(JpaQueryLookupStrategy.java:99) ~[spring-data-jpa-3.4.2.jar!/:3.4.2]
	at org.springframework.data.repository.core.support.QueryExecutorMethodInterceptor.lookupQuery(QueryExecutorMethodInterceptor.java:116) ~[spring-data-commons-3.4.2.jar!/:3.4.2]
	at org.springframework.data.repository.core.support.QueryExecutorMethodInterceptor.mapMethodsToQuery(QueryExecutorMethodInterceptor.java:104) ~[spring-data-commons-3.4.2.jar!/:3.4.2]
	at org.springframework.data.repository.core.support.QueryExecutorMethodInterceptor.lambda$new$0(QueryExecutorMethodInterceptor.java:92) ~[spring-data-commons-3.4.2.jar!/:3.4.2]
	at java.base/java.util.Optional.map(Optional.java:260) ~[na:na]
	at org.springframework.data.repository.core.support.QueryExecutorMethodInterceptor.<init>(QueryExecutorMethodInterceptor.java:92) ~[spring-data-commons-3.4.2.jar!/:3.4.2]
	at org.springframework.data.repository.core.support.RepositoryFactorySupport.getRepository(RepositoryFactorySupport.java:440) ~[spring-data-commons-3.4.2.jar!/:3.4.2]
	at org.springframework.data.repository.core.support.RepositoryFactoryBeanSupport.lambda$afterPropertiesSet$4(RepositoryFactoryBeanSupport.java:350) ~[spring-data-commons-3.4.2.jar!/:3.4.2]
	at org.springframework.data.util.Lazy.getNullable(Lazy.java:135) ~[spring-data-commons-3.4.2.jar!/:3.4.2]
	at org.springframework.data.util.Lazy.get(Lazy.java:113) ~[spring-data-commons-3.4.2.jar!/:3.4.2]
	at org.springframework.data.repository.core.support.RepositoryFactoryBeanSupport.afterPropertiesSet(RepositoryFactoryBeanSupport.java:356) ~[spring-data-commons-3.4.2.jar!/:3.4.2]
	at org.springframework.data.jpa.repository.support.JpaRepositoryFactoryBean.afterPropertiesSet(JpaRepositoryFactoryBean.java:132) ~[spring-data-jpa-3.4.2.jar!/:3.4.2]
	at org.springframework.beans.factory.support.AbstractAutowireCapableBeanFactory.invokeInitMethods(AbstractAutowireCapableBeanFactory.java:1859) ~[spring-beans-6.2.2.jar!/:6.2.2]
	at org.springframework.beans.factory.support.AbstractAutowireCapableBeanFactory.initializeBean(AbstractAutowireCapableBeanFactory.java:1808) ~[spring-beans-6.2.2.jar!/:6.2.2]
	at org.springframework.beans.factory.support.AbstractAutowireCapableBeanFactory.doCreateBean(AbstractAutowireCapableBeanFactory.java:601) ~[spring-beans-6.2.2.jar!/:6.2.2]
	at org.springframework.beans.factory.support.AbstractAutowireCapableBeanFactory.createBean(AbstractAutowireCapableBeanFactory.java:523) ~[spring-beans-6.2.2.jar!/:6.2.2]
	at org.springframework.beans.factory.support.AbstractBeanFactory.lambda$doGetBean$0(AbstractBeanFactory.java:336) ~[spring-beans-6.2.2.jar!/:6.2.2]
	at org.springframework.beans.factory.support.DefaultSingletonBeanRegistry.getSingleton(DefaultSingletonBeanRegistry.java:307) ~[spring-beans-6.2.2.jar!/:6.2.2]
	at org.springframework.beans.factory.support.AbstractBeanFactory.doGetBean(AbstractBeanFactory.java:334) ~[spring-beans-6.2.2.jar!/:6.2.2]
	at org.springframework.beans.factory.support.AbstractBeanFactory.getBean(AbstractBeanFactory.java:199) ~[spring-beans-6.2.2.jar!/:6.2.2]
	at org.springframework.beans.factory.support.DefaultListableBeanFactory.doResolveDependency(DefaultListableBeanFactory.java:1573) ~[spring-beans-6.2.2.jar!/:6.2.2]
	at org.springframework.beans.factory.support.DefaultListableBeanFactory.resolveDependency(DefaultListableBeanFactory.java:1519) ~[spring-beans-6.2.2.jar!/:6.2.2]
	at org.springframework.beans.factory.support.ConstructorResolver.resolveAutowiredArgument(ConstructorResolver.java:913) ~[spring-beans-6.2.2.jar!/:6.2.2]
	at org.springframework.beans.factory.support.ConstructorResolver.createArgumentArray(ConstructorResolver.java:791) ~[spring-beans-6.2.2.jar!/:6.2.2]
	at org.springframework.beans.factory.support.ConstructorResolver.autowireConstructor(ConstructorResolver.java:240) ~[spring-beans-6.2.2.jar!/:6.2.2]
	at org.springframework.beans.factory.support.AbstractAutowireCapableBeanFactory.autowireConstructor(AbstractAutowireCapableBeanFactory.java:1381) ~[spring-beans-6.2.2.jar!/:6.2.2]
	at org.springframework.beans.factory.support.AbstractAutowireCapableBeanFactory.createBeanInstance(AbstractAutowireCapableBeanFactory.java:1218) ~[spring-beans-6.2.2.jar!/:6.2.2]
	at org.springframework.beans.factory.support.AbstractAutowireCapableBeanFactory.doCreateBean(AbstractAutowireCapableBeanFactory.java:563) ~[spring-beans-6.2.2.jar!/:6.2.2]
	at org.springframework.beans.factory.support.AbstractAutowireCapableBeanFactory.createBean(AbstractAutowireCapableBeanFactory.java:523) ~[spring-beans-6.2.2.jar!/:6.2.2]
	at org.springframework.beans.factory.support.AbstractBeanFactory.lambda$doGetBean$0(AbstractBeanFactory.java:336) ~[spring-beans-6.2.2.jar!/:6.2.2]
	at org.springframework.beans.factory.support.DefaultSingletonBeanRegistry.getSingleton(DefaultSingletonBeanRegistry.java:307) ~[spring-beans-6.2.2.jar!/:6.2.2]
	at org.springframework.beans.factory.support.AbstractBeanFactory.doGetBean(AbstractBeanFactory.java:334) ~[spring-beans-6.2.2.jar!/:6.2.2]
	at org.springframework.beans.factory.support.AbstractBeanFactory.getBean(AbstractBeanFactory.java:199) ~[spring-beans-6.2.2.jar!/:6.2.2]
	at org.springframework.beans.factory.support.DefaultListableBeanFactory.doResolveDependency(DefaultListableBeanFactory.java:1573) ~[spring-beans-6.2.2.jar!/:6.2.2]
	at org.springframework.beans.factory.support.DefaultListableBeanFactory.resolveDependency(DefaultListableBeanFactory.java:1519) ~[spring-beans-6.2.2.jar!/:6.2.2]
	at org.springframework.beans.factory.support.ConstructorResolver.resolveAutowiredArgument(ConstructorResolver.java:913) ~[spring-beans-6.2.2.jar!/:6.2.2]
	at org.springframework.beans.factory.support.ConstructorResolver.createArgumentArray(ConstructorResolver.java:791) ~[spring-beans-6.2.2.jar!/:6.2.2]
	at org.springframework.beans.factory.support.ConstructorResolver.autowireConstructor(ConstructorResolver.java:240) ~[spring-beans-6.2.2.jar!/:6.2.2]
	at org.springframework.beans.factory.support.AbstractAutowireCapableBeanFactory.autowireConstructor(AbstractAutowireCapableBeanFactory.java:1381) ~[spring-beans-6.2.2.jar!/:6.2.2]
	at org.springframework.beans.factory.support.AbstractAutowireCapableBeanFactory.createBeanInstance(AbstractAutowireCapableBeanFactory.java:1218) ~[spring-beans-6.2.2.jar!/:6.2.2]
	at org.springframework.beans.factory.support.AbstractAutowireCapableBeanFactory.doCreateBean(AbstractAutowireCapableBeanFactory.java:563) ~[spring-beans-6.2.2.jar!/:6.2.2]
	at org.springframework.beans.factory.support.AbstractAutowireCapableBeanFactory.createBean(AbstractAutowireCapableBeanFactory.java:523) ~[spring-beans-6.2.2.jar!/:6.2.2]
	at org.springframework.beans.factory.support.AbstractBeanFactory.lambda$doGetBean$0(AbstractBeanFactory.java:336) ~[spring-beans-6.2.2.jar!/:6.2.2]
	at org.springframework.beans.factory.support.DefaultSingletonBeanRegistry.getSingleton(DefaultSingletonBeanRegistry.java:307) ~[spring-beans-6.2.2.jar!/:6.2.2]
	at org.springframework.beans.factory.support.AbstractBeanFactory.doGetBean(AbstractBeanFactory.java:334) ~[spring-beans-6.2.2.jar!/:6.2.2]
	at org.springframework.beans.factory.support.AbstractBeanFactory.getBean(AbstractBeanFactory.java:199) ~[spring-beans-6.2.2.jar!/:6.2.2]
	at org.springframework.beans.factory.support.DefaultListableBeanFactory.instantiateSingleton(DefaultListableBeanFactory.java:1122) ~[spring-beans-6.2.2.jar!/:6.2.2]
	at org.springframework.beans.factory.support.DefaultListableBeanFactory.preInstantiateSingleton(DefaultListableBeanFactory.java:1093) ~[spring-beans-6.2.2.jar!/:6.2.2]
	at org.springframework.beans.factory.support.DefaultListableBeanFactory.preInstantiateSingletons(DefaultListableBeanFactory.java:1030) ~[spring-beans-6.2.2.jar!/:6.2.2]
	at org.springframework.context.support.AbstractApplicationContext.finishBeanFactoryInitialization(AbstractApplicationContext.java:987) ~[spring-context-6.2.2.jar!/:6.2.2]
	at org.springframework.context.support.AbstractApplicationContext.refresh(AbstractApplicationContext.java:627) ~[spring-context-6.2.2.jar!/:6.2.2]
	at org.springframework.boot.web.servlet.context.ServletWebServerApplicationContext.refresh(ServletWebServerApplicationContext.java:146) ~[spring-boot-3.4.2.jar!/:3.4.2]
	at org.springframework.boot.SpringApplication.refresh(SpringApplication.java:752) ~[spring-boot-3.4.2.jar!/:3.4.2]
	at org.springframework.boot.SpringApplication.refreshContext(SpringApplication.java:439) ~[spring-boot-3.4.2.jar!/:3.4.2]
	at org.springframework.boot.SpringApplication.run(SpringApplication.java:318) ~[spring-boot-3.4.2.jar!/:3.4.2]
	at org.springframework.boot.SpringApplication.run(SpringApplication.java:1361) ~[spring-boot-3.4.2.jar!/:3.4.2]
	at org.springframework.boot.SpringApplication.run(SpringApplication.java:1350) ~[spring-boot-3.4.2.jar!/:3.4.2]
	at com.gomin_jungdok.gdgoc.GdgocApplication.main(GdgocApplication.java:10) ~[!/:0.0.1-SNAPSHOT]
	at java.base/jdk.internal.reflect.NativeMethodAccessorImpl.invoke0(Native Method) ~[na:na]
	at java.base/jdk.internal.reflect.NativeMethodAccessorImpl.invoke(NativeMethodAccessorImpl.java:77) ~[na:na]
	at java.base/jdk.internal.reflect.DelegatingMethodAccessorImpl.invoke(DelegatingMethodAccessorImpl.java:43) ~[na:na]
	at java.base/java.lang.reflect.Method.invoke(Method.java:569) ~[na:na]
	at org.springframework.boot.loader.launch.Launcher.launch(Launcher.java:102) ~[gdgoc-0.0.1-SNAPSHOT.jar:0.0.1-SNAPSHOT]
	at org.springframework.boot.loader.launch.Launcher.launch(Launcher.java:64) ~[gdgoc-0.0.1-SNAPSHOT.jar:0.0.1-SNAPSHOT]
	at org.springframework.boot.loader.launch.JarLauncher.main(JarLauncher.java:40) ~[gdgoc-0.0.1-SNAPSHOT.jar:0.0.1-SNAPSHOT]

2025-03-26T15:29:14.334Z DEBUG 835411 --- [gdgoc] [           main] org.hibernate.orm.query.hql              : HQL : SELECT COUNT(c) FROM Comment c WHERE c.post.id = :post_id
2025-03-26T15:29:14.346Z DEBUG 835411 --- [gdgoc] [           main] o.h.o.q.hql.reservedWordAsIdentifier     : Encountered use of reserved word as identifier : (
2025-03-26T15:29:14.347Z DEBUG 835411 --- [gdgoc] [           main] o.h.o.q.hql.reservedWordAsIdentifier     : Encountered use of reserved word as identifier : =
2025-03-26T15:29:14.348Z DEBUG 835411 --- [gdgoc] [           main] org.hibernate.orm.query.sqm.creation     : Applying inferable type to SqmExpression [SqmNamedParameter(post_id)] : null -> SqmBasicValuedSimplePath(com.gomin_jungdok.gdgoc.comment.Comment(c).post.id)
2025-03-26T15:29:14.349Z DEBUG 835411 --- [gdgoc] [           main] org.hibernate.orm.query.sqm.ast          : SqmStatement Tree :
    -> [select]
      -> [query-spec]
        -> [select]
          -> [selection]
          <- [selection]
        <- [select]
        -> [from]
          -> [root] - `com.gomin_jungdok.gdgoc.comment.Comment(c)`
          <- [root] - `com.gomin_jungdok.gdgoc.comment.Comment(c)`
        <- [from]
        -> [where]
          -> [EQUAL]
              -> [basic-path] - `com.gomin_jungdok.gdgoc.comment.Comment(c).post.id`
              :post_id
          <- [EQUAL]
        <- [where]
      <- [query-spec]
    <- [select]

2025-03-26T15:29:14.720Z DEBUG 835411 --- [gdgoc] [           main] cResourceLocalTransactionCoordinatorImpl : JDBC transaction marked for rollback-only (exception provided for stack trace)

java.lang.Exception: exception just for purpose of providing stack trace
	at org.hibernate.resource.transaction.backend.jdbc.internal.JdbcResourceLocalTransactionCoordinatorImpl$TransactionDriverControlImpl.markRollbackOnly(JdbcResourceLocalTransactionCoordinatorImpl.java:309) ~[hibernate-core-6.6.5.Final.jar!/:6.6.5.Final]
	at org.hibernate.internal.AbstractSharedSessionContract.buildNamedQuery(AbstractSharedSessionContract.java:1141) ~[hibernate-core-6.6.5.Final.jar!/:6.6.5.Final]
	at org.hibernate.internal.AbstractSharedSessionContract.createNamedQuery(AbstractSharedSessionContract.java:1019) ~[hibernate-core-6.6.5.Final.jar!/:6.6.5.Final]
	at org.hibernate.internal.AbstractSharedSessionContract.createNamedQuery(AbstractSharedSessionContract.java:143) ~[hibernate-core-6.6.5.Final.jar!/:6.6.5.Final]
	at java.base/jdk.internal.reflect.NativeMethodAccessorImpl.invoke0(Native Method) ~[na:na]
	at java.base/jdk.internal.reflect.NativeMethodAccessorImpl.invoke(NativeMethodAccessorImpl.java:77) ~[na:na]
	at java.base/jdk.internal.reflect.DelegatingMethodAccessorImpl.invoke(DelegatingMethodAccessorImpl.java:43) ~[na:na]
	at java.base/java.lang.reflect.Method.invoke(Method.java:569) ~[na:na]
	at org.springframework.orm.jpa.ExtendedEntityManagerCreator$ExtendedEntityManagerInvocationHandler.invoke(ExtendedEntityManagerCreator.java:364) ~[spring-orm-6.2.2.jar!/:6.2.2]
	at jdk.proxy2/jdk.proxy2.$Proxy134.createNamedQuery(Unknown Source) ~[na:na]
	at org.springframework.data.jpa.repository.query.NamedQuery.hasNamedQuery(NamedQuery.java:114) ~[spring-data-jpa-3.4.2.jar!/:3.4.2]
	at org.springframework.data.jpa.repository.query.NamedQuery.lookupFrom(NamedQuery.java:140) ~[spring-data-jpa-3.4.2.jar!/:3.4.2]
	at org.springframework.data.jpa.repository.query.JpaQueryLookupStrategy$DeclaredQueryLookupStrategy.resolveQuery(JpaQueryLookupStrategy.java:184) ~[spring-data-jpa-3.4.2.jar!/:3.4.2]
	at org.springframework.data.jpa.repository.query.JpaQueryLookupStrategy$CreateIfNotFoundQueryLookupStrategy.resolveQuery(JpaQueryLookupStrategy.java:256) ~[spring-data-jpa-3.4.2.jar!/:3.4.2]
	at org.springframework.data.jpa.repository.query.JpaQueryLookupStrategy$AbstractQueryLookupStrategy.resolveQuery(JpaQueryLookupStrategy.java:99) ~[spring-data-jpa-3.4.2.jar!/:3.4.2]
	at org.springframework.data.repository.core.support.QueryExecutorMethodInterceptor.lookupQuery(QueryExecutorMethodInterceptor.java:116) ~[spring-data-commons-3.4.2.jar!/:3.4.2]
	at org.springframework.data.repository.core.support.QueryExecutorMethodInterceptor.mapMethodsToQuery(QueryExecutorMethodInterceptor.java:104) ~[spring-data-commons-3.4.2.jar!/:3.4.2]
	at org.springframework.data.repository.core.support.QueryExecutorMethodInterceptor.lambda$new$0(QueryExecutorMethodInterceptor.java:92) ~[spring-data-commons-3.4.2.jar!/:3.4.2]
	at java.base/java.util.Optional.map(Optional.java:260) ~[na:na]
	at org.springframework.data.repository.core.support.QueryExecutorMethodInterceptor.<init>(QueryExecutorMethodInterceptor.java:92) ~[spring-data-commons-3.4.2.jar!/:3.4.2]
	at org.springframework.data.repository.core.support.RepositoryFactorySupport.getRepository(RepositoryFactorySupport.java:440) ~[spring-data-commons-3.4.2.jar!/:3.4.2]
	at org.springframework.data.repository.core.support.RepositoryFactoryBeanSupport.lambda$afterPropertiesSet$4(RepositoryFactoryBeanSupport.java:350) ~[spring-data-commons-3.4.2.jar!/:3.4.2]
	at org.springframework.data.util.Lazy.getNullable(Lazy.java:135) ~[spring-data-commons-3.4.2.jar!/:3.4.2]
	at org.springframework.data.util.Lazy.get(Lazy.java:113) ~[spring-data-commons-3.4.2.jar!/:3.4.2]
	at org.springframework.data.repository.core.support.RepositoryFactoryBeanSupport.afterPropertiesSet(RepositoryFactoryBeanSupport.java:356) ~[spring-data-commons-3.4.2.jar!/:3.4.2]
	at org.springframework.data.jpa.repository.support.JpaRepositoryFactoryBean.afterPropertiesSet(JpaRepositoryFactoryBean.java:132) ~[spring-data-jpa-3.4.2.jar!/:3.4.2]
	at org.springframework.beans.factory.support.AbstractAutowireCapableBeanFactory.invokeInitMethods(AbstractAutowireCapableBeanFactory.java:1859) ~[spring-beans-6.2.2.jar!/:6.2.2]
	at org.springframework.beans.factory.support.AbstractAutowireCapableBeanFactory.initializeBean(AbstractAutowireCapableBeanFactory.java:1808) ~[spring-beans-6.2.2.jar!/:6.2.2]
	at org.springframework.beans.factory.support.AbstractAutowireCapableBeanFactory.doCreateBean(AbstractAutowireCapableBeanFactory.java:601) ~[spring-beans-6.2.2.jar!/:6.2.2]
	at org.springframework.beans.factory.support.AbstractAutowireCapableBeanFactory.createBean(AbstractAutowireCapableBeanFactory.java:523) ~[spring-beans-6.2.2.jar!/:6.2.2]
	at org.springframework.beans.factory.support.AbstractBeanFactory.lambda$doGetBean$0(AbstractBeanFactory.java:336) ~[spring-beans-6.2.2.jar!/:6.2.2]
	at org.springframework.beans.factory.support.DefaultSingletonBeanRegistry.getSingleton(DefaultSingletonBeanRegistry.java:307) ~[spring-beans-6.2.2.jar!/:6.2.2]
	at org.springframework.beans.factory.support.AbstractBeanFactory.doGetBean(AbstractBeanFactory.java:334) ~[spring-beans-6.2.2.jar!/:6.2.2]
	at org.springframework.beans.factory.support.AbstractBeanFactory.getBean(AbstractBeanFactory.java:199) ~[spring-beans-6.2.2.jar!/:6.2.2]
	at org.springframework.beans.factory.support.DefaultListableBeanFactory.doResolveDependency(DefaultListableBeanFactory.java:1573) ~[spring-beans-6.2.2.jar!/:6.2.2]
	at org.springframework.beans.factory.support.DefaultListableBeanFactory.resolveDependency(DefaultListableBeanFactory.java:1519) ~[spring-beans-6.2.2.jar!/:6.2.2]
	at org.springframework.beans.factory.support.ConstructorResolver.resolveAutowiredArgument(ConstructorResolver.java:913) ~[spring-beans-6.2.2.jar!/:6.2.2]
	at org.springframework.beans.factory.support.ConstructorResolver.createArgumentArray(ConstructorResolver.java:791) ~[spring-beans-6.2.2.jar!/:6.2.2]
	at org.springframework.beans.factory.support.ConstructorResolver.autowireConstructor(ConstructorResolver.java:240) ~[spring-beans-6.2.2.jar!/:6.2.2]
	at org.springframework.beans.factory.support.AbstractAutowireCapableBeanFactory.autowireConstructor(AbstractAutowireCapableBeanFactory.java:1381) ~[spring-beans-6.2.2.jar!/:6.2.2]
	at org.springframework.beans.factory.support.AbstractAutowireCapableBeanFactory.createBeanInstance(AbstractAutowireCapableBeanFactory.java:1218) ~[spring-beans-6.2.2.jar!/:6.2.2]
	at org.springframework.beans.factory.support.AbstractAutowireCapableBeanFactory.doCreateBean(AbstractAutowireCapableBeanFactory.java:563) ~[spring-beans-6.2.2.jar!/:6.2.2]
	at org.springframework.beans.factory.support.AbstractAutowireCapableBeanFactory.createBean(AbstractAutowireCapableBeanFactory.java:523) ~[spring-beans-6.2.2.jar!/:6.2.2]
	at org.springframework.beans.factory.support.AbstractBeanFactory.lambda$doGetBean$0(AbstractBeanFactory.java:336) ~[spring-beans-6.2.2.jar!/:6.2.2]
	at org.springframework.beans.factory.support.DefaultSingletonBeanRegistry.getSingleton(DefaultSingletonBeanRegistry.java:307) ~[spring-beans-6.2.2.jar!/:6.2.2]
	at org.springframework.beans.factory.support.AbstractBeanFactory.doGetBean(AbstractBeanFactory.java:334) ~[spring-beans-6.2.2.jar!/:6.2.2]
	at org.springframework.beans.factory.support.AbstractBeanFactory.getBean(AbstractBeanFactory.java:199) ~[spring-beans-6.2.2.jar!/:6.2.2]
	at org.springframework.beans.factory.support.DefaultListableBeanFactory.doResolveDependency(DefaultListableBeanFactory.java:1573) ~[spring-beans-6.2.2.jar!/:6.2.2]
	at org.springframework.beans.factory.support.DefaultListableBeanFactory.resolveDependency(DefaultListableBeanFactory.java:1519) ~[spring-beans-6.2.2.jar!/:6.2.2]
	at org.springframework.beans.factory.support.ConstructorResolver.resolveAutowiredArgument(ConstructorResolver.java:913) ~[spring-beans-6.2.2.jar!/:6.2.2]
	at org.springframework.beans.factory.support.ConstructorResolver.createArgumentArray(ConstructorResolver.java:791) ~[spring-beans-6.2.2.jar!/:6.2.2]
	at org.springframework.beans.factory.support.ConstructorResolver.autowireConstructor(ConstructorResolver.java:240) ~[spring-beans-6.2.2.jar!/:6.2.2]
	at org.springframework.beans.factory.support.AbstractAutowireCapableBeanFactory.autowireConstructor(AbstractAutowireCapableBeanFactory.java:1381) ~[spring-beans-6.2.2.jar!/:6.2.2]
	at org.springframework.beans.factory.support.AbstractAutowireCapableBeanFactory.createBeanInstance(AbstractAutowireCapableBeanFactory.java:1218) ~[spring-beans-6.2.2.jar!/:6.2.2]
	at org.springframework.beans.factory.support.AbstractAutowireCapableBeanFactory.doCreateBean(AbstractAutowireCapableBeanFactory.java:563) ~[spring-beans-6.2.2.jar!/:6.2.2]
	at org.springframework.beans.factory.support.AbstractAutowireCapableBeanFactory.createBean(AbstractAutowireCapableBeanFactory.java:523) ~[spring-beans-6.2.2.jar!/:6.2.2]
	at org.springframework.beans.factory.support.AbstractBeanFactory.lambda$doGetBean$0(AbstractBeanFactory.java:336) ~[spring-beans-6.2.2.jar!/:6.2.2]
	at org.springframework.beans.factory.support.DefaultSingletonBeanRegistry.getSingleton(DefaultSingletonBeanRegistry.java:307) ~[spring-beans-6.2.2.jar!/:6.2.2]
	at org.springframework.beans.factory.support.AbstractBeanFactory.doGetBean(AbstractBeanFactory.java:334) ~[spring-beans-6.2.2.jar!/:6.2.2]
	at org.springframework.beans.factory.support.AbstractBeanFactory.getBean(AbstractBeanFactory.java:199) ~[spring-beans-6.2.2.jar!/:6.2.2]
	at org.springframework.beans.factory.support.DefaultListableBeanFactory.instantiateSingleton(DefaultListableBeanFactory.java:1122) ~[spring-beans-6.2.2.jar!/:6.2.2]
	at org.springframework.beans.factory.support.DefaultListableBeanFactory.preInstantiateSingleton(DefaultListableBeanFactory.java:1093) ~[spring-beans-6.2.2.jar!/:6.2.2]
	at org.springframework.beans.factory.support.DefaultListableBeanFactory.preInstantiateSingletons(DefaultListableBeanFactory.java:1030) ~[spring-beans-6.2.2.jar!/:6.2.2]
	at org.springframework.context.support.AbstractApplicationContext.finishBeanFactoryInitialization(AbstractApplicationContext.java:987) ~[spring-context-6.2.2.jar!/:6.2.2]
	at org.springframework.context.support.AbstractApplicationContext.refresh(AbstractApplicationContext.java:627) ~[spring-context-6.2.2.jar!/:6.2.2]
	at org.springframework.boot.web.servlet.context.ServletWebServerApplicationContext.refresh(ServletWebServerApplicationContext.java:146) ~[spring-boot-3.4.2.jar!/:3.4.2]
	at org.springframework.boot.SpringApplication.refresh(SpringApplication.java:752) ~[spring-boot-3.4.2.jar!/:3.4.2]
	at org.springframework.boot.SpringApplication.refreshContext(SpringApplication.java:439) ~[spring-boot-3.4.2.jar!/:3.4.2]
	at org.springframework.boot.SpringApplication.run(SpringApplication.java:318) ~[spring-boot-3.4.2.jar!/:3.4.2]
	at org.springframework.boot.SpringApplication.run(SpringApplication.java:1361) ~[spring-boot-3.4.2.jar!/:3.4.2]
	at org.springframework.boot.SpringApplication.run(SpringApplication.java:1350) ~[spring-boot-3.4.2.jar!/:3.4.2]
	at com.gomin_jungdok.gdgoc.GdgocApplication.main(GdgocApplication.java:10) ~[!/:0.0.1-SNAPSHOT]
	at java.base/jdk.internal.reflect.NativeMethodAccessorImpl.invoke0(Native Method) ~[na:na]
	at java.base/jdk.internal.reflect.NativeMethodAccessorImpl.invoke(NativeMethodAccessorImpl.java:77) ~[na:na]
	at java.base/jdk.internal.reflect.DelegatingMethodAccessorImpl.invoke(DelegatingMethodAccessorImpl.java:43) ~[na:na]
	at java.base/java.lang.reflect.Method.invoke(Method.java:569) ~[na:na]
	at org.springframework.boot.loader.launch.Launcher.launch(Launcher.java:102) ~[gdgoc-0.0.1-SNAPSHOT.jar:0.0.1-SNAPSHOT]
	at org.springframework.boot.loader.launch.Launcher.launch(Launcher.java:64) ~[gdgoc-0.0.1-SNAPSHOT.jar:0.0.1-SNAPSHOT]
	at org.springframework.boot.loader.launch.JarLauncher.main(JarLauncher.java:40) ~[gdgoc-0.0.1-SNAPSHOT.jar:0.0.1-SNAPSHOT]

2025-03-26T15:29:14.733Z DEBUG 835411 --- [gdgoc] [           main] cResourceLocalTransactionCoordinatorImpl : JDBC transaction marked for rollback-only (exception provided for stack trace)

java.lang.Exception: exception just for purpose of providing stack trace
	at org.hibernate.resource.transaction.backend.jdbc.internal.JdbcResourceLocalTransactionCoordinatorImpl$TransactionDriverControlImpl.markRollbackOnly(JdbcResourceLocalTransactionCoordinatorImpl.java:309) ~[hibernate-core-6.6.5.Final.jar!/:6.6.5.Final]
	at org.hibernate.internal.AbstractSharedSessionContract.buildNamedQuery(AbstractSharedSessionContract.java:1141) ~[hibernate-core-6.6.5.Final.jar!/:6.6.5.Final]
	at org.hibernate.internal.AbstractSharedSessionContract.createNamedQuery(AbstractSharedSessionContract.java:1019) ~[hibernate-core-6.6.5.Final.jar!/:6.6.5.Final]
	at org.hibernate.internal.AbstractSharedSessionContract.createNamedQuery(AbstractSharedSessionContract.java:143) ~[hibernate-core-6.6.5.Final.jar!/:6.6.5.Final]
	at java.base/jdk.internal.reflect.NativeMethodAccessorImpl.invoke0(Native Method) ~[na:na]
	at java.base/jdk.internal.reflect.NativeMethodAccessorImpl.invoke(NativeMethodAccessorImpl.java:77) ~[na:na]
	at java.base/jdk.internal.reflect.DelegatingMethodAccessorImpl.invoke(DelegatingMethodAccessorImpl.java:43) ~[na:na]
	at java.base/java.lang.reflect.Method.invoke(Method.java:569) ~[na:na]
	at org.springframework.orm.jpa.ExtendedEntityManagerCreator$ExtendedEntityManagerInvocationHandler.invoke(ExtendedEntityManagerCreator.java:364) ~[spring-orm-6.2.2.jar!/:6.2.2]
	at jdk.proxy2/jdk.proxy2.$Proxy134.createNamedQuery(Unknown Source) ~[na:na]
	at org.springframework.data.jpa.repository.query.NamedQuery.hasNamedQuery(NamedQuery.java:114) ~[spring-data-jpa-3.4.2.jar!/:3.4.2]
	at org.springframework.data.jpa.repository.query.JpaQueryLookupStrategy$DeclaredQueryLookupStrategy.getCountQuery(JpaQueryLookupStrategy.java:208) ~[spring-data-jpa-3.4.2.jar!/:3.4.2]
	at org.springframework.data.jpa.repository.query.JpaQueryLookupStrategy$DeclaredQueryLookupStrategy.resolveQuery(JpaQueryLookupStrategy.java:175) ~[spring-data-jpa-3.4.2.jar!/:3.4.2]
	at org.springframework.data.jpa.repository.query.JpaQueryLookupStrategy$CreateIfNotFoundQueryLookupStrategy.resolveQuery(JpaQueryLookupStrategy.java:256) ~[spring-data-jpa-3.4.2.jar!/:3.4.2]
	at org.springframework.data.jpa.repository.query.JpaQueryLookupStrategy$AbstractQueryLookupStrategy.resolveQuery(JpaQueryLookupStrategy.java:99) ~[spring-data-jpa-3.4.2.jar!/:3.4.2]
	at org.springframework.data.repository.core.support.QueryExecutorMethodInterceptor.lookupQuery(QueryExecutorMethodInterceptor.java:116) ~[spring-data-commons-3.4.2.jar!/:3.4.2]
	at org.springframework.data.repository.core.support.QueryExecutorMethodInterceptor.mapMethodsToQuery(QueryExecutorMethodInterceptor.java:104) ~[spring-data-commons-3.4.2.jar!/:3.4.2]
	at org.springframework.data.repository.core.support.QueryExecutorMethodInterceptor.lambda$new$0(QueryExecutorMethodInterceptor.java:92) ~[spring-data-commons-3.4.2.jar!/:3.4.2]
	at java.base/java.util.Optional.map(Optional.java:260) ~[na:na]
	at org.springframework.data.repository.core.support.QueryExecutorMethodInterceptor.<init>(QueryExecutorMethodInterceptor.java:92) ~[spring-data-commons-3.4.2.jar!/:3.4.2]
	at org.springframework.data.repository.core.support.RepositoryFactorySupport.getRepository(RepositoryFactorySupport.java:440) ~[spring-data-commons-3.4.2.jar!/:3.4.2]
	at org.springframework.data.repository.core.support.RepositoryFactoryBeanSupport.lambda$afterPropertiesSet$4(RepositoryFactoryBeanSupport.java:350) ~[spring-data-commons-3.4.2.jar!/:3.4.2]
	at org.springframework.data.util.Lazy.getNullable(Lazy.java:135) ~[spring-data-commons-3.4.2.jar!/:3.4.2]
	at org.springframework.data.util.Lazy.get(Lazy.java:113) ~[spring-data-commons-3.4.2.jar!/:3.4.2]
	at org.springframework.data.repository.core.support.RepositoryFactoryBeanSupport.afterPropertiesSet(RepositoryFactoryBeanSupport.java:356) ~[spring-data-commons-3.4.2.jar!/:3.4.2]
	at org.springframework.data.jpa.repository.support.JpaRepositoryFactoryBean.afterPropertiesSet(JpaRepositoryFactoryBean.java:132) ~[spring-data-jpa-3.4.2.jar!/:3.4.2]
	at org.springframework.beans.factory.support.AbstractAutowireCapableBeanFactory.invokeInitMethods(AbstractAutowireCapableBeanFactory.java:1859) ~[spring-beans-6.2.2.jar!/:6.2.2]
	at org.springframework.beans.factory.support.AbstractAutowireCapableBeanFactory.initializeBean(AbstractAutowireCapableBeanFactory.java:1808) ~[spring-beans-6.2.2.jar!/:6.2.2]
	at org.springframework.beans.factory.support.AbstractAutowireCapableBeanFactory.doCreateBean(AbstractAutowireCapableBeanFactory.java:601) ~[spring-beans-6.2.2.jar!/:6.2.2]
	at org.springframework.beans.factory.support.AbstractAutowireCapableBeanFactory.createBean(AbstractAutowireCapableBeanFactory.java:523) ~[spring-beans-6.2.2.jar!/:6.2.2]
	at org.springframework.beans.factory.support.AbstractBeanFactory.lambda$doGetBean$0(AbstractBeanFactory.java:336) ~[spring-beans-6.2.2.jar!/:6.2.2]
	at org.springframework.beans.factory.support.DefaultSingletonBeanRegistry.getSingleton(DefaultSingletonBeanRegistry.java:307) ~[spring-beans-6.2.2.jar!/:6.2.2]
	at org.springframework.beans.factory.support.AbstractBeanFactory.doGetBean(AbstractBeanFactory.java:334) ~[spring-beans-6.2.2.jar!/:6.2.2]
	at org.springframework.beans.factory.support.AbstractBeanFactory.getBean(AbstractBeanFactory.java:199) ~[spring-beans-6.2.2.jar!/:6.2.2]
	at org.springframework.beans.factory.support.DefaultListableBeanFactory.doResolveDependency(DefaultListableBeanFactory.java:1573) ~[spring-beans-6.2.2.jar!/:6.2.2]
	at org.springframework.beans.factory.support.DefaultListableBeanFactory.resolveDependency(DefaultListableBeanFactory.java:1519) ~[spring-beans-6.2.2.jar!/:6.2.2]
	at org.springframework.beans.factory.support.ConstructorResolver.resolveAutowiredArgument(ConstructorResolver.java:913) ~[spring-beans-6.2.2.jar!/:6.2.2]
	at org.springframework.beans.factory.support.ConstructorResolver.createArgumentArray(ConstructorResolver.java:791) ~[spring-beans-6.2.2.jar!/:6.2.2]
	at org.springframework.beans.factory.support.ConstructorResolver.autowireConstructor(ConstructorResolver.java:240) ~[spring-beans-6.2.2.jar!/:6.2.2]
	at org.springframework.beans.factory.support.AbstractAutowireCapableBeanFactory.autowireConstructor(AbstractAutowireCapableBeanFactory.java:1381) ~[spring-beans-6.2.2.jar!/:6.2.2]
	at org.springframework.beans.factory.support.AbstractAutowireCapableBeanFactory.createBeanInstance(AbstractAutowireCapableBeanFactory.java:1218) ~[spring-beans-6.2.2.jar!/:6.2.2]
	at org.springframework.beans.factory.support.AbstractAutowireCapableBeanFactory.doCreateBean(AbstractAutowireCapableBeanFactory.java:563) ~[spring-beans-6.2.2.jar!/:6.2.2]
	at org.springframework.beans.factory.support.AbstractAutowireCapableBeanFactory.createBean(AbstractAutowireCapableBeanFactory.java:523) ~[spring-beans-6.2.2.jar!/:6.2.2]
	at org.springframework.beans.factory.support.AbstractBeanFactory.lambda$doGetBean$0(AbstractBeanFactory.java:336) ~[spring-beans-6.2.2.jar!/:6.2.2]
	at org.springframework.beans.factory.support.DefaultSingletonBeanRegistry.getSingleton(DefaultSingletonBeanRegistry.java:307) ~[spring-beans-6.2.2.jar!/:6.2.2]
	at org.springframework.beans.factory.support.AbstractBeanFactory.doGetBean(AbstractBeanFactory.java:334) ~[spring-beans-6.2.2.jar!/:6.2.2]
	at org.springframework.beans.factory.support.AbstractBeanFactory.getBean(AbstractBeanFactory.java:199) ~[spring-beans-6.2.2.jar!/:6.2.2]
	at org.springframework.beans.factory.support.DefaultListableBeanFactory.doResolveDependency(DefaultListableBeanFactory.java:1573) ~[spring-beans-6.2.2.jar!/:6.2.2]
	at org.springframework.beans.factory.support.DefaultListableBeanFactory.resolveDependency(DefaultListableBeanFactory.java:1519) ~[spring-beans-6.2.2.jar!/:6.2.2]
	at org.springframework.beans.factory.support.ConstructorResolver.resolveAutowiredArgument(ConstructorResolver.java:913) ~[spring-beans-6.2.2.jar!/:6.2.2]
	at org.springframework.beans.factory.support.ConstructorResolver.createArgumentArray(ConstructorResolver.java:791) ~[spring-beans-6.2.2.jar!/:6.2.2]
	at org.springframework.beans.factory.support.ConstructorResolver.autowireConstructor(ConstructorResolver.java:240) ~[spring-beans-6.2.2.jar!/:6.2.2]
	at org.springframework.beans.factory.support.AbstractAutowireCapableBeanFactory.autowireConstructor(AbstractAutowireCapableBeanFactory.java:1381) ~[spring-beans-6.2.2.jar!/:6.2.2]
	at org.springframework.beans.factory.support.AbstractAutowireCapableBeanFactory.createBeanInstance(AbstractAutowireCapableBeanFactory.java:1218) ~[spring-beans-6.2.2.jar!/:6.2.2]
	at org.springframework.beans.factory.support.AbstractAutowireCapableBeanFactory.doCreateBean(AbstractAutowireCapableBeanFactory.java:563) ~[spring-beans-6.2.2.jar!/:6.2.2]
	at org.springframework.beans.factory.support.AbstractAutowireCapableBeanFactory.createBean(AbstractAutowireCapableBeanFactory.java:523) ~[spring-beans-6.2.2.jar!/:6.2.2]
	at org.springframework.beans.factory.support.AbstractBeanFactory.lambda$doGetBean$0(AbstractBeanFactory.java:336) ~[spring-beans-6.2.2.jar!/:6.2.2]
	at org.springframework.beans.factory.support.DefaultSingletonBeanRegistry.getSingleton(DefaultSingletonBeanRegistry.java:307) ~[spring-beans-6.2.2.jar!/:6.2.2]
	at org.springframework.beans.factory.support.AbstractBeanFactory.doGetBean(AbstractBeanFactory.java:334) ~[spring-beans-6.2.2.jar!/:6.2.2]
	at org.springframework.beans.factory.support.AbstractBeanFactory.getBean(AbstractBeanFactory.java:199) ~[spring-beans-6.2.2.jar!/:6.2.2]
	at org.springframework.beans.factory.support.DefaultListableBeanFactory.instantiateSingleton(DefaultListableBeanFactory.java:1122) ~[spring-beans-6.2.2.jar!/:6.2.2]
	at org.springframework.beans.factory.support.DefaultListableBeanFactory.preInstantiateSingleton(DefaultListableBeanFactory.java:1093) ~[spring-beans-6.2.2.jar!/:6.2.2]
	at org.springframework.beans.factory.support.DefaultListableBeanFactory.preInstantiateSingletons(DefaultListableBeanFactory.java:1030) ~[spring-beans-6.2.2.jar!/:6.2.2]
	at org.springframework.context.support.AbstractApplicationContext.finishBeanFactoryInitialization(AbstractApplicationContext.java:987) ~[spring-context-6.2.2.jar!/:6.2.2]
	at org.springframework.context.support.AbstractApplicationContext.refresh(AbstractApplicationContext.java:627) ~[spring-context-6.2.2.jar!/:6.2.2]
	at org.springframework.boot.web.servlet.context.ServletWebServerApplicationContext.refresh(ServletWebServerApplicationContext.java:146) ~[spring-boot-3.4.2.jar!/:3.4.2]
	at org.springframework.boot.SpringApplication.refresh(SpringApplication.java:752) ~[spring-boot-3.4.2.jar!/:3.4.2]
	at org.springframework.boot.SpringApplication.refreshContext(SpringApplication.java:439) ~[spring-boot-3.4.2.jar!/:3.4.2]
	at org.springframework.boot.SpringApplication.run(SpringApplication.java:318) ~[spring-boot-3.4.2.jar!/:3.4.2]
	at org.springframework.boot.SpringApplication.run(SpringApplication.java:1361) ~[spring-boot-3.4.2.jar!/:3.4.2]
	at org.springframework.boot.SpringApplication.run(SpringApplication.java:1350) ~[spring-boot-3.4.2.jar!/:3.4.2]
	at com.gomin_jungdok.gdgoc.GdgocApplication.main(GdgocApplication.java:10) ~[!/:0.0.1-SNAPSHOT]
	at java.base/jdk.internal.reflect.NativeMethodAccessorImpl.invoke0(Native Method) ~[na:na]
	at java.base/jdk.internal.reflect.NativeMethodAccessorImpl.invoke(NativeMethodAccessorImpl.java:77) ~[na:na]
	at java.base/jdk.internal.reflect.DelegatingMethodAccessorImpl.invoke(DelegatingMethodAccessorImpl.java:43) ~[na:na]
	at java.base/java.lang.reflect.Method.invoke(Method.java:569) ~[na:na]
	at org.springframework.boot.loader.launch.Launcher.launch(Launcher.java:102) ~[gdgoc-0.0.1-SNAPSHOT.jar:0.0.1-SNAPSHOT]
	at org.springframework.boot.loader.launch.Launcher.launch(Launcher.java:64) ~[gdgoc-0.0.1-SNAPSHOT.jar:0.0.1-SNAPSHOT]
	at org.springframework.boot.loader.launch.JarLauncher.main(JarLauncher.java:40) ~[gdgoc-0.0.1-SNAPSHOT.jar:0.0.1-SNAPSHOT]

2025-03-26T15:29:14.751Z DEBUG 835411 --- [gdgoc] [           main] org.hibernate.orm.query.hql              : HQL : SELECT v.post.id, COUNT(v.id) AS voteCount FROM Vote v WHERE v.createdAt BETWEEN :startOfDay AND :endOfDay GROUP BY v.post.id ORDER BY voteCount DESC LIMIT 3
2025-03-26T15:29:14.756Z DEBUG 835411 --- [gdgoc] [           main] o.h.o.q.hql.reservedWordAsIdentifier     : Encountered use of reserved word as identifier : ,
2025-03-26T15:29:14.757Z DEBUG 835411 --- [gdgoc] [           main] o.h.o.q.hql.reservedWordAsIdentifier     : Encountered use of reserved word as identifier : (
2025-03-26T15:29:14.758Z DEBUG 835411 --- [gdgoc] [           main] o.h.o.q.hql.reservedWordAsIdentifier     : Encountered use of reserved word as identifier : )
2025-03-26T15:29:14.762Z DEBUG 835411 --- [gdgoc] [           main] o.h.o.q.hql.reservedWordAsIdentifier     : Encountered use of reserved word as identifier : ORDER
2025-03-26T15:29:14.765Z DEBUG 835411 --- [gdgoc] [           main] org.hibernate.orm.query.sqm.creation     : Applying inferable type to SqmExpression [SqmNamedParameter(startOfDay)] : null -> SqmBasicValuedSimplePath(com.gomin_jungdok.gdgoc.vote.Vote(v).createdAt)
2025-03-26T15:29:14.765Z DEBUG 835411 --- [gdgoc] [           main] org.hibernate.orm.query.sqm.creation     : Applying inferable type to SqmExpression [SqmNamedParameter(endOfDay)] : null -> SqmBasicValuedSimplePath(com.gomin_jungdok.gdgoc.vote.Vote(v).createdAt)
2025-03-26T15:29:14.769Z DEBUG 835411 --- [gdgoc] [           main] org.hibernate.orm.query.sqm.ast          : SqmStatement Tree :
    -> [select]
      -> [query-spec]
        -> [select]
          -> [selection]
            -> [basic-path] - `com.gomin_jungdok.gdgoc.vote.Vote(v).post.id`
          <- [selection]
          -> [selection(voteCount)]
          <- [selection(voteCount)]
        <- [select]
        -> [from]
          -> [root] - `com.gomin_jungdok.gdgoc.vote.Vote(v)`
          <- [root] - `com.gomin_jungdok.gdgoc.vote.Vote(v)`
        <- [from]
        -> [where]
          -> [is-between]
            -> [basic-path] - `com.gomin_jungdok.gdgoc.vote.Vote(v).createdAt`
            :startOfDay
            :endOfDay
          <- [is-between]
        <- [where]
        -> [group-by]
          -> [basic-path] - `com.gomin_jungdok.gdgoc.vote.Vote(v).post.id`
        <- [group-by]
      <- [query-spec]
    <- [select]

2025-03-26T15:29:14.771Z DEBUG 835411 --- [gdgoc] [           main] cResourceLocalTransactionCoordinatorImpl : JDBC transaction marked for rollback-only (exception provided for stack trace)

java.lang.Exception: exception just for purpose of providing stack trace
	at org.hibernate.resource.transaction.backend.jdbc.internal.JdbcResourceLocalTransactionCoordinatorImpl$TransactionDriverControlImpl.markRollbackOnly(JdbcResourceLocalTransactionCoordinatorImpl.java:309) ~[hibernate-core-6.6.5.Final.jar!/:6.6.5.Final]
	at org.hibernate.internal.AbstractSharedSessionContract.buildNamedQuery(AbstractSharedSessionContract.java:1141) ~[hibernate-core-6.6.5.Final.jar!/:6.6.5.Final]
	at org.hibernate.internal.AbstractSharedSessionContract.createNamedQuery(AbstractSharedSessionContract.java:1019) ~[hibernate-core-6.6.5.Final.jar!/:6.6.5.Final]
	at org.hibernate.internal.AbstractSharedSessionContract.createNamedQuery(AbstractSharedSessionContract.java:143) ~[hibernate-core-6.6.5.Final.jar!/:6.6.5.Final]
	at java.base/jdk.internal.reflect.NativeMethodAccessorImpl.invoke0(Native Method) ~[na:na]
	at java.base/jdk.internal.reflect.NativeMethodAccessorImpl.invoke(NativeMethodAccessorImpl.java:77) ~[na:na]
	at java.base/jdk.internal.reflect.DelegatingMethodAccessorImpl.invoke(DelegatingMethodAccessorImpl.java:43) ~[na:na]
	at java.base/java.lang.reflect.Method.invoke(Method.java:569) ~[na:na]
	at org.springframework.orm.jpa.ExtendedEntityManagerCreator$ExtendedEntityManagerInvocationHandler.invoke(ExtendedEntityManagerCreator.java:364) ~[spring-orm-6.2.2.jar!/:6.2.2]
	at jdk.proxy2/jdk.proxy2.$Proxy134.createNamedQuery(Unknown Source) ~[na:na]
	at org.springframework.data.jpa.repository.query.NamedQuery.hasNamedQuery(NamedQuery.java:114) ~[spring-data-jpa-3.4.2.jar!/:3.4.2]
	at org.springframework.data.jpa.repository.query.JpaQueryLookupStrategy$DeclaredQueryLookupStrategy.getCountQuery(JpaQueryLookupStrategy.java:208) ~[spring-data-jpa-3.4.2.jar!/:3.4.2]
	at org.springframework.data.jpa.repository.query.JpaQueryLookupStrategy$DeclaredQueryLookupStrategy.resolveQuery(JpaQueryLookupStrategy.java:175) ~[spring-data-jpa-3.4.2.jar!/:3.4.2]
	at org.springframework.data.jpa.repository.query.JpaQueryLookupStrategy$CreateIfNotFoundQueryLookupStrategy.resolveQuery(JpaQueryLookupStrategy.java:256) ~[spring-data-jpa-3.4.2.jar!/:3.4.2]
	at org.springframework.data.jpa.repository.query.JpaQueryLookupStrategy$AbstractQueryLookupStrategy.resolveQuery(JpaQueryLookupStrategy.java:99) ~[spring-data-jpa-3.4.2.jar!/:3.4.2]
	at org.springframework.data.repository.core.support.QueryExecutorMethodInterceptor.lookupQuery(QueryExecutorMethodInterceptor.java:116) ~[spring-data-commons-3.4.2.jar!/:3.4.2]
	at org.springframework.data.repository.core.support.QueryExecutorMethodInterceptor.mapMethodsToQuery(QueryExecutorMethodInterceptor.java:104) ~[spring-data-commons-3.4.2.jar!/:3.4.2]
	at org.springframework.data.repository.core.support.QueryExecutorMethodInterceptor.lambda$new$0(QueryExecutorMethodInterceptor.java:92) ~[spring-data-commons-3.4.2.jar!/:3.4.2]
	at java.base/java.util.Optional.map(Optional.java:260) ~[na:na]
	at org.springframework.data.repository.core.support.QueryExecutorMethodInterceptor.<init>(QueryExecutorMethodInterceptor.java:92) ~[spring-data-commons-3.4.2.jar!/:3.4.2]
	at org.springframework.data.repository.core.support.RepositoryFactorySupport.getRepository(RepositoryFactorySupport.java:440) ~[spring-data-commons-3.4.2.jar!/:3.4.2]
	at org.springframework.data.repository.core.support.RepositoryFactoryBeanSupport.lambda$afterPropertiesSet$4(RepositoryFactoryBeanSupport.java:350) ~[spring-data-commons-3.4.2.jar!/:3.4.2]
	at org.springframework.data.util.Lazy.getNullable(Lazy.java:135) ~[spring-data-commons-3.4.2.jar!/:3.4.2]
	at org.springframework.data.util.Lazy.get(Lazy.java:113) ~[spring-data-commons-3.4.2.jar!/:3.4.2]
	at org.springframework.data.repository.core.support.RepositoryFactoryBeanSupport.afterPropertiesSet(RepositoryFactoryBeanSupport.java:356) ~[spring-data-commons-3.4.2.jar!/:3.4.2]
	at org.springframework.data.jpa.repository.support.JpaRepositoryFactoryBean.afterPropertiesSet(JpaRepositoryFactoryBean.java:132) ~[spring-data-jpa-3.4.2.jar!/:3.4.2]
	at org.springframework.beans.factory.support.AbstractAutowireCapableBeanFactory.invokeInitMethods(AbstractAutowireCapableBeanFactory.java:1859) ~[spring-beans-6.2.2.jar!/:6.2.2]
	at org.springframework.beans.factory.support.AbstractAutowireCapableBeanFactory.initializeBean(AbstractAutowireCapableBeanFactory.java:1808) ~[spring-beans-6.2.2.jar!/:6.2.2]
	at org.springframework.beans.factory.support.AbstractAutowireCapableBeanFactory.doCreateBean(AbstractAutowireCapableBeanFactory.java:601) ~[spring-beans-6.2.2.jar!/:6.2.2]
	at org.springframework.beans.factory.support.AbstractAutowireCapableBeanFactory.createBean(AbstractAutowireCapableBeanFactory.java:523) ~[spring-beans-6.2.2.jar!/:6.2.2]
	at org.springframework.beans.factory.support.AbstractBeanFactory.lambda$doGetBean$0(AbstractBeanFactory.java:336) ~[spring-beans-6.2.2.jar!/:6.2.2]
	at org.springframework.beans.factory.support.DefaultSingletonBeanRegistry.getSingleton(DefaultSingletonBeanRegistry.java:307) ~[spring-beans-6.2.2.jar!/:6.2.2]
	at org.springframework.beans.factory.support.AbstractBeanFactory.doGetBean(AbstractBeanFactory.java:334) ~[spring-beans-6.2.2.jar!/:6.2.2]
	at org.springframework.beans.factory.support.AbstractBeanFactory.getBean(AbstractBeanFactory.java:199) ~[spring-beans-6.2.2.jar!/:6.2.2]
	at org.springframework.beans.factory.support.DefaultListableBeanFactory.doResolveDependency(DefaultListableBeanFactory.java:1573) ~[spring-beans-6.2.2.jar!/:6.2.2]
	at org.springframework.beans.factory.support.DefaultListableBeanFactory.resolveDependency(DefaultListableBeanFactory.java:1519) ~[spring-beans-6.2.2.jar!/:6.2.2]
	at org.springframework.beans.factory.support.ConstructorResolver.resolveAutowiredArgument(ConstructorResolver.java:913) ~[spring-beans-6.2.2.jar!/:6.2.2]
	at org.springframework.beans.factory.support.ConstructorResolver.createArgumentArray(ConstructorResolver.java:791) ~[spring-beans-6.2.2.jar!/:6.2.2]
	at org.springframework.beans.factory.support.ConstructorResolver.autowireConstructor(ConstructorResolver.java:240) ~[spring-beans-6.2.2.jar!/:6.2.2]
	at org.springframework.beans.factory.support.AbstractAutowireCapableBeanFactory.autowireConstructor(AbstractAutowireCapableBeanFactory.java:1381) ~[spring-beans-6.2.2.jar!/:6.2.2]
	at org.springframework.beans.factory.support.AbstractAutowireCapableBeanFactory.createBeanInstance(AbstractAutowireCapableBeanFactory.java:1218) ~[spring-beans-6.2.2.jar!/:6.2.2]
	at org.springframework.beans.factory.support.AbstractAutowireCapableBeanFactory.doCreateBean(AbstractAutowireCapableBeanFactory.java:563) ~[spring-beans-6.2.2.jar!/:6.2.2]
	at org.springframework.beans.factory.support.AbstractAutowireCapableBeanFactory.createBean(AbstractAutowireCapableBeanFactory.java:523) ~[spring-beans-6.2.2.jar!/:6.2.2]
	at org.springframework.beans.factory.support.AbstractBeanFactory.lambda$doGetBean$0(AbstractBeanFactory.java:336) ~[spring-beans-6.2.2.jar!/:6.2.2]
	at org.springframework.beans.factory.support.DefaultSingletonBeanRegistry.getSingleton(DefaultSingletonBeanRegistry.java:307) ~[spring-beans-6.2.2.jar!/:6.2.2]
	at org.springframework.beans.factory.support.AbstractBeanFactory.doGetBean(AbstractBeanFactory.java:334) ~[spring-beans-6.2.2.jar!/:6.2.2]
	at org.springframework.beans.factory.support.AbstractBeanFactory.getBean(AbstractBeanFactory.java:199) ~[spring-beans-6.2.2.jar!/:6.2.2]
	at org.springframework.beans.factory.support.DefaultListableBeanFactory.doResolveDependency(DefaultListableBeanFactory.java:1573) ~[spring-beans-6.2.2.jar!/:6.2.2]
	at org.springframework.beans.factory.support.DefaultListableBeanFactory.resolveDependency(DefaultListableBeanFactory.java:1519) ~[spring-beans-6.2.2.jar!/:6.2.2]
	at org.springframework.beans.factory.support.ConstructorResolver.resolveAutowiredArgument(ConstructorResolver.java:913) ~[spring-beans-6.2.2.jar!/:6.2.2]
	at org.springframework.beans.factory.support.ConstructorResolver.createArgumentArray(ConstructorResolver.java:791) ~[spring-beans-6.2.2.jar!/:6.2.2]
	at org.springframework.beans.factory.support.ConstructorResolver.autowireConstructor(ConstructorResolver.java:240) ~[spring-beans-6.2.2.jar!/:6.2.2]
	at org.springframework.beans.factory.support.AbstractAutowireCapableBeanFactory.autowireConstructor(AbstractAutowireCapableBeanFactory.java:1381) ~[spring-beans-6.2.2.jar!/:6.2.2]
	at org.springframework.beans.factory.support.AbstractAutowireCapableBeanFactory.createBeanInstance(AbstractAutowireCapableBeanFactory.java:1218) ~[spring-beans-6.2.2.jar!/:6.2.2]
	at org.springframework.beans.factory.support.AbstractAutowireCapableBeanFactory.doCreateBean(AbstractAutowireCapableBeanFactory.java:563) ~[spring-beans-6.2.2.jar!/:6.2.2]
	at org.springframework.beans.factory.support.AbstractAutowireCapableBeanFactory.createBean(AbstractAutowireCapableBeanFactory.java:523) ~[spring-beans-6.2.2.jar!/:6.2.2]
	at org.springframework.beans.factory.support.AbstractBeanFactory.lambda$doGetBean$0(AbstractBeanFactory.java:336) ~[spring-beans-6.2.2.jar!/:6.2.2]
	at org.springframework.beans.factory.support.DefaultSingletonBeanRegistry.getSingleton(DefaultSingletonBeanRegistry.java:307) ~[spring-beans-6.2.2.jar!/:6.2.2]
	at org.springframework.beans.factory.support.AbstractBeanFactory.doGetBean(AbstractBeanFactory.java:334) ~[spring-beans-6.2.2.jar!/:6.2.2]
	at org.springframework.beans.factory.support.AbstractBeanFactory.getBean(AbstractBeanFactory.java:199) ~[spring-beans-6.2.2.jar!/:6.2.2]
	at org.springframework.beans.factory.support.DefaultListableBeanFactory.instantiateSingleton(DefaultListableBeanFactory.java:1122) ~[spring-beans-6.2.2.jar!/:6.2.2]
	at org.springframework.beans.factory.support.DefaultListableBeanFactory.preInstantiateSingleton(DefaultListableBeanFactory.java:1093) ~[spring-beans-6.2.2.jar!/:6.2.2]
	at org.springframework.beans.factory.support.DefaultListableBeanFactory.preInstantiateSingletons(DefaultListableBeanFactory.java:1030) ~[spring-beans-6.2.2.jar!/:6.2.2]
	at org.springframework.context.support.AbstractApplicationContext.finishBeanFactoryInitialization(AbstractApplicationContext.java:987) ~[spring-context-6.2.2.jar!/:6.2.2]
	at org.springframework.context.support.AbstractApplicationContext.refresh(AbstractApplicationContext.java:627) ~[spring-context-6.2.2.jar!/:6.2.2]
	at org.springframework.boot.web.servlet.context.ServletWebServerApplicationContext.refresh(ServletWebServerApplicationContext.java:146) ~[spring-boot-3.4.2.jar!/:3.4.2]
	at org.springframework.boot.SpringApplication.refresh(SpringApplication.java:752) ~[spring-boot-3.4.2.jar!/:3.4.2]
	at org.springframework.boot.SpringApplication.refreshContext(SpringApplication.java:439) ~[spring-boot-3.4.2.jar!/:3.4.2]
	at org.springframework.boot.SpringApplication.run(SpringApplication.java:318) ~[spring-boot-3.4.2.jar!/:3.4.2]
	at org.springframework.boot.SpringApplication.run(SpringApplication.java:1361) ~[spring-boot-3.4.2.jar!/:3.4.2]
	at org.springframework.boot.SpringApplication.run(SpringApplication.java:1350) ~[spring-boot-3.4.2.jar!/:3.4.2]
	at com.gomin_jungdok.gdgoc.GdgocApplication.main(GdgocApplication.java:10) ~[!/:0.0.1-SNAPSHOT]
	at java.base/jdk.internal.reflect.NativeMethodAccessorImpl.invoke0(Native Method) ~[na:na]
	at java.base/jdk.internal.reflect.NativeMethodAccessorImpl.invoke(NativeMethodAccessorImpl.java:77) ~[na:na]
	at java.base/jdk.internal.reflect.DelegatingMethodAccessorImpl.invoke(DelegatingMethodAccessorImpl.java:43) ~[na:na]
	at java.base/java.lang.reflect.Method.invoke(Method.java:569) ~[na:na]
	at org.springframework.boot.loader.launch.Launcher.launch(Launcher.java:102) ~[gdgoc-0.0.1-SNAPSHOT.jar:0.0.1-SNAPSHOT]
	at org.springframework.boot.loader.launch.Launcher.launch(Launcher.java:64) ~[gdgoc-0.0.1-SNAPSHOT.jar:0.0.1-SNAPSHOT]
	at org.springframework.boot.loader.launch.JarLauncher.main(JarLauncher.java:40) ~[gdgoc-0.0.1-SNAPSHOT.jar:0.0.1-SNAPSHOT]

2025-03-26T15:29:14.778Z DEBUG 835411 --- [gdgoc] [           main] org.hibernate.orm.query.hql              : HQL : SELECT v.voteOption, COUNT(v) FROM Vote v WHERE v.post.id = :post_id GROUP BY v.voteOption
2025-03-26T15:29:14.779Z DEBUG 835411 --- [gdgoc] [           main] o.h.o.q.hql.reservedWordAsIdentifier     : Encountered use of reserved word as identifier : (
2025-03-26T15:29:14.779Z DEBUG 835411 --- [gdgoc] [           main] o.h.o.q.hql.reservedWordAsIdentifier     : Encountered use of reserved word as identifier : =
2025-03-26T15:29:14.782Z DEBUG 835411 --- [gdgoc] [           main] org.hibernate.orm.query.sqm.creation     : Applying inferable type to SqmExpression [SqmNamedParameter(post_id)] : null -> SqmBasicValuedSimplePath(com.gomin_jungdok.gdgoc.vote.Vote(v).post.id)
2025-03-26T15:29:14.784Z DEBUG 835411 --- [gdgoc] [           main] org.hibernate.orm.query.sqm.ast          : SqmStatement Tree :
    -> [select]
      -> [query-spec]
        -> [select]
          -> [selection]
            -> [entity-path] - `com.gomin_jungdok.gdgoc.vote.Vote(v).voteOption`
          <- [selection]
          -> [selection]
          <- [selection]
        <- [select]
        -> [from]
          -> [root] - `com.gomin_jungdok.gdgoc.vote.Vote(v)`
          <- [root] - `com.gomin_jungdok.gdgoc.vote.Vote(v)`
        <- [from]
        -> [where]
          -> [EQUAL]
              -> [basic-path] - `com.gomin_jungdok.gdgoc.vote.Vote(v).post.id`
              :post_id
          <- [EQUAL]
        <- [where]
        -> [group-by]
          -> [entity-path] - `com.gomin_jungdok.gdgoc.vote.Vote(v).voteOption`
        <- [group-by]
      <- [query-spec]
    <- [select]

2025-03-26T15:29:14.786Z DEBUG 835411 --- [gdgoc] [           main] cResourceLocalTransactionCoordinatorImpl : JDBC transaction marked for rollback-only (exception provided for stack trace)

java.lang.Exception: exception just for purpose of providing stack trace
	at org.hibernate.resource.transaction.backend.jdbc.internal.JdbcResourceLocalTransactionCoordinatorImpl$TransactionDriverControlImpl.markRollbackOnly(JdbcResourceLocalTransactionCoordinatorImpl.java:309) ~[hibernate-core-6.6.5.Final.jar!/:6.6.5.Final]
	at org.hibernate.internal.AbstractSharedSessionContract.buildNamedQuery(AbstractSharedSessionContract.java:1141) ~[hibernate-core-6.6.5.Final.jar!/:6.6.5.Final]
	at org.hibernate.internal.AbstractSharedSessionContract.createNamedQuery(AbstractSharedSessionContract.java:1019) ~[hibernate-core-6.6.5.Final.jar!/:6.6.5.Final]
	at org.hibernate.internal.AbstractSharedSessionContract.createNamedQuery(AbstractSharedSessionContract.java:143) ~[hibernate-core-6.6.5.Final.jar!/:6.6.5.Final]
	at java.base/jdk.internal.reflect.NativeMethodAccessorImpl.invoke0(Native Method) ~[na:na]
	at java.base/jdk.internal.reflect.NativeMethodAccessorImpl.invoke(NativeMethodAccessorImpl.java:77) ~[na:na]
	at java.base/jdk.internal.reflect.DelegatingMethodAccessorImpl.invoke(DelegatingMethodAccessorImpl.java:43) ~[na:na]
	at java.base/java.lang.reflect.Method.invoke(Method.java:569) ~[na:na]
	at org.springframework.orm.jpa.ExtendedEntityManagerCreator$ExtendedEntityManagerInvocationHandler.invoke(ExtendedEntityManagerCreator.java:364) ~[spring-orm-6.2.2.jar!/:6.2.2]
	at jdk.proxy2/jdk.proxy2.$Proxy134.createNamedQuery(Unknown Source) ~[na:na]
	at org.springframework.data.jpa.repository.query.NamedQuery.hasNamedQuery(NamedQuery.java:114) ~[spring-data-jpa-3.4.2.jar!/:3.4.2]
	at org.springframework.data.jpa.repository.query.NamedQuery.lookupFrom(NamedQuery.java:140) ~[spring-data-jpa-3.4.2.jar!/:3.4.2]
	at org.springframework.data.jpa.repository.query.JpaQueryLookupStrategy$DeclaredQueryLookupStrategy.resolveQuery(JpaQueryLookupStrategy.java:184) ~[spring-data-jpa-3.4.2.jar!/:3.4.2]
	at org.springframework.data.jpa.repository.query.JpaQueryLookupStrategy$CreateIfNotFoundQueryLookupStrategy.resolveQuery(JpaQueryLookupStrategy.java:256) ~[spring-data-jpa-3.4.2.jar!/:3.4.2]
	at org.springframework.data.jpa.repository.query.JpaQueryLookupStrategy$AbstractQueryLookupStrategy.resolveQuery(JpaQueryLookupStrategy.java:99) ~[spring-data-jpa-3.4.2.jar!/:3.4.2]
	at org.springframework.data.repository.core.support.QueryExecutorMethodInterceptor.lookupQuery(QueryExecutorMethodInterceptor.java:116) ~[spring-data-commons-3.4.2.jar!/:3.4.2]
	at org.springframework.data.repository.core.support.QueryExecutorMethodInterceptor.mapMethodsToQuery(QueryExecutorMethodInterceptor.java:104) ~[spring-data-commons-3.4.2.jar!/:3.4.2]
	at org.springframework.data.repository.core.support.QueryExecutorMethodInterceptor.lambda$new$0(QueryExecutorMethodInterceptor.java:92) ~[spring-data-commons-3.4.2.jar!/:3.4.2]
	at java.base/java.util.Optional.map(Optional.java:260) ~[na:na]
	at org.springframework.data.repository.core.support.QueryExecutorMethodInterceptor.<init>(QueryExecutorMethodInterceptor.java:92) ~[spring-data-commons-3.4.2.jar!/:3.4.2]
	at org.springframework.data.repository.core.support.RepositoryFactorySupport.getRepository(RepositoryFactorySupport.java:440) ~[spring-data-commons-3.4.2.jar!/:3.4.2]
	at org.springframework.data.repository.core.support.RepositoryFactoryBeanSupport.lambda$afterPropertiesSet$4(RepositoryFactoryBeanSupport.java:350) ~[spring-data-commons-3.4.2.jar!/:3.4.2]
	at org.springframework.data.util.Lazy.getNullable(Lazy.java:135) ~[spring-data-commons-3.4.2.jar!/:3.4.2]
	at org.springframework.data.util.Lazy.get(Lazy.java:113) ~[spring-data-commons-3.4.2.jar!/:3.4.2]
	at org.springframework.data.repository.core.support.RepositoryFactoryBeanSupport.afterPropertiesSet(RepositoryFactoryBeanSupport.java:356) ~[spring-data-commons-3.4.2.jar!/:3.4.2]
	at org.springframework.data.jpa.repository.support.JpaRepositoryFactoryBean.afterPropertiesSet(JpaRepositoryFactoryBean.java:132) ~[spring-data-jpa-3.4.2.jar!/:3.4.2]
	at org.springframework.beans.factory.support.AbstractAutowireCapableBeanFactory.invokeInitMethods(AbstractAutowireCapableBeanFactory.java:1859) ~[spring-beans-6.2.2.jar!/:6.2.2]
	at org.springframework.beans.factory.support.AbstractAutowireCapableBeanFactory.initializeBean(AbstractAutowireCapableBeanFactory.java:1808) ~[spring-beans-6.2.2.jar!/:6.2.2]
	at org.springframework.beans.factory.support.AbstractAutowireCapableBeanFactory.doCreateBean(AbstractAutowireCapableBeanFactory.java:601) ~[spring-beans-6.2.2.jar!/:6.2.2]
	at org.springframework.beans.factory.support.AbstractAutowireCapableBeanFactory.createBean(AbstractAutowireCapableBeanFactory.java:523) ~[spring-beans-6.2.2.jar!/:6.2.2]
	at org.springframework.beans.factory.support.AbstractBeanFactory.lambda$doGetBean$0(AbstractBeanFactory.java:336) ~[spring-beans-6.2.2.jar!/:6.2.2]
	at org.springframework.beans.factory.support.DefaultSingletonBeanRegistry.getSingleton(DefaultSingletonBeanRegistry.java:307) ~[spring-beans-6.2.2.jar!/:6.2.2]
	at org.springframework.beans.factory.support.AbstractBeanFactory.doGetBean(AbstractBeanFactory.java:334) ~[spring-beans-6.2.2.jar!/:6.2.2]
	at org.springframework.beans.factory.support.AbstractBeanFactory.getBean(AbstractBeanFactory.java:199) ~[spring-beans-6.2.2.jar!/:6.2.2]
	at org.springframework.beans.factory.support.DefaultListableBeanFactory.doResolveDependency(DefaultListableBeanFactory.java:1573) ~[spring-beans-6.2.2.jar!/:6.2.2]
	at org.springframework.beans.factory.support.DefaultListableBeanFactory.resolveDependency(DefaultListableBeanFactory.java:1519) ~[spring-beans-6.2.2.jar!/:6.2.2]
	at org.springframework.beans.factory.support.ConstructorResolver.resolveAutowiredArgument(ConstructorResolver.java:913) ~[spring-beans-6.2.2.jar!/:6.2.2]
	at org.springframework.beans.factory.support.ConstructorResolver.createArgumentArray(ConstructorResolver.java:791) ~[spring-beans-6.2.2.jar!/:6.2.2]
	at org.springframework.beans.factory.support.ConstructorResolver.autowireConstructor(ConstructorResolver.java:240) ~[spring-beans-6.2.2.jar!/:6.2.2]
	at org.springframework.beans.factory.support.AbstractAutowireCapableBeanFactory.autowireConstructor(AbstractAutowireCapableBeanFactory.java:1381) ~[spring-beans-6.2.2.jar!/:6.2.2]
	at org.springframework.beans.factory.support.AbstractAutowireCapableBeanFactory.createBeanInstance(AbstractAutowireCapableBeanFactory.java:1218) ~[spring-beans-6.2.2.jar!/:6.2.2]
	at org.springframework.beans.factory.support.AbstractAutowireCapableBeanFactory.doCreateBean(AbstractAutowireCapableBeanFactory.java:563) ~[spring-beans-6.2.2.jar!/:6.2.2]
	at org.springframework.beans.factory.support.AbstractAutowireCapableBeanFactory.createBean(AbstractAutowireCapableBeanFactory.java:523) ~[spring-beans-6.2.2.jar!/:6.2.2]
	at org.springframework.beans.factory.support.AbstractBeanFactory.lambda$doGetBean$0(AbstractBeanFactory.java:336) ~[spring-beans-6.2.2.jar!/:6.2.2]
	at org.springframework.beans.factory.support.DefaultSingletonBeanRegistry.getSingleton(DefaultSingletonBeanRegistry.java:307) ~[spring-beans-6.2.2.jar!/:6.2.2]
	at org.springframework.beans.factory.support.AbstractBeanFactory.doGetBean(AbstractBeanFactory.java:334) ~[spring-beans-6.2.2.jar!/:6.2.2]
	at org.springframework.beans.factory.support.AbstractBeanFactory.getBean(AbstractBeanFactory.java:199) ~[spring-beans-6.2.2.jar!/:6.2.2]
	at org.springframework.beans.factory.support.DefaultListableBeanFactory.doResolveDependency(DefaultListableBeanFactory.java:1573) ~[spring-beans-6.2.2.jar!/:6.2.2]
	at org.springframework.beans.factory.support.DefaultListableBeanFactory.resolveDependency(DefaultListableBeanFactory.java:1519) ~[spring-beans-6.2.2.jar!/:6.2.2]
	at org.springframework.beans.factory.support.ConstructorResolver.resolveAutowiredArgument(ConstructorResolver.java:913) ~[spring-beans-6.2.2.jar!/:6.2.2]
	at org.springframework.beans.factory.support.ConstructorResolver.createArgumentArray(ConstructorResolver.java:791) ~[spring-beans-6.2.2.jar!/:6.2.2]
	at org.springframework.beans.factory.support.ConstructorResolver.autowireConstructor(ConstructorResolver.java:240) ~[spring-beans-6.2.2.jar!/:6.2.2]
	at org.springframework.beans.factory.support.AbstractAutowireCapableBeanFactory.autowireConstructor(AbstractAutowireCapableBeanFactory.java:1381) ~[spring-beans-6.2.2.jar!/:6.2.2]
	at org.springframework.beans.factory.support.AbstractAutowireCapableBeanFactory.createBeanInstance(AbstractAutowireCapableBeanFactory.java:1218) ~[spring-beans-6.2.2.jar!/:6.2.2]
	at org.springframework.beans.factory.support.AbstractAutowireCapableBeanFactory.doCreateBean(AbstractAutowireCapableBeanFactory.java:563) ~[spring-beans-6.2.2.jar!/:6.2.2]
	at org.springframework.beans.factory.support.AbstractAutowireCapableBeanFactory.createBean(AbstractAutowireCapableBeanFactory.java:523) ~[spring-beans-6.2.2.jar!/:6.2.2]
	at org.springframework.beans.factory.support.AbstractBeanFactory.lambda$doGetBean$0(AbstractBeanFactory.java:336) ~[spring-beans-6.2.2.jar!/:6.2.2]
	at org.springframework.beans.factory.support.DefaultSingletonBeanRegistry.getSingleton(DefaultSingletonBeanRegistry.java:307) ~[spring-beans-6.2.2.jar!/:6.2.2]
	at org.springframework.beans.factory.support.AbstractBeanFactory.doGetBean(AbstractBeanFactory.java:334) ~[spring-beans-6.2.2.jar!/:6.2.2]
	at org.springframework.beans.factory.support.AbstractBeanFactory.getBean(AbstractBeanFactory.java:199) ~[spring-beans-6.2.2.jar!/:6.2.2]
	at org.springframework.beans.factory.support.DefaultListableBeanFactory.instantiateSingleton(DefaultListableBeanFactory.java:1122) ~[spring-beans-6.2.2.jar!/:6.2.2]
	at org.springframework.beans.factory.support.DefaultListableBeanFactory.preInstantiateSingleton(DefaultListableBeanFactory.java:1093) ~[spring-beans-6.2.2.jar!/:6.2.2]
	at org.springframework.beans.factory.support.DefaultListableBeanFactory.preInstantiateSingletons(DefaultListableBeanFactory.java:1030) ~[spring-beans-6.2.2.jar!/:6.2.2]
	at org.springframework.context.support.AbstractApplicationContext.finishBeanFactoryInitialization(AbstractApplicationContext.java:987) ~[spring-context-6.2.2.jar!/:6.2.2]
	at org.springframework.context.support.AbstractApplicationContext.refresh(AbstractApplicationContext.java:627) ~[spring-context-6.2.2.jar!/:6.2.2]
	at org.springframework.boot.web.servlet.context.ServletWebServerApplicationContext.refresh(ServletWebServerApplicationContext.java:146) ~[spring-boot-3.4.2.jar!/:3.4.2]
	at org.springframework.boot.SpringApplication.refresh(SpringApplication.java:752) ~[spring-boot-3.4.2.jar!/:3.4.2]
	at org.springframework.boot.SpringApplication.refreshContext(SpringApplication.java:439) ~[spring-boot-3.4.2.jar!/:3.4.2]
	at org.springframework.boot.SpringApplication.run(SpringApplication.java:318) ~[spring-boot-3.4.2.jar!/:3.4.2]
	at org.springframework.boot.SpringApplication.run(SpringApplication.java:1361) ~[spring-boot-3.4.2.jar!/:3.4.2]
	at org.springframework.boot.SpringApplication.run(SpringApplication.java:1350) ~[spring-boot-3.4.2.jar!/:3.4.2]
	at com.gomin_jungdok.gdgoc.GdgocApplication.main(GdgocApplication.java:10) ~[!/:0.0.1-SNAPSHOT]
	at java.base/jdk.internal.reflect.NativeMethodAccessorImpl.invoke0(Native Method) ~[na:na]
	at java.base/jdk.internal.reflect.NativeMethodAccessorImpl.invoke(NativeMethodAccessorImpl.java:77) ~[na:na]
	at java.base/jdk.internal.reflect.DelegatingMethodAccessorImpl.invoke(DelegatingMethodAccessorImpl.java:43) ~[na:na]
	at java.base/java.lang.reflect.Method.invoke(Method.java:569) ~[na:na]
	at org.springframework.boot.loader.launch.Launcher.launch(Launcher.java:102) ~[gdgoc-0.0.1-SNAPSHOT.jar:0.0.1-SNAPSHOT]
	at org.springframework.boot.loader.launch.Launcher.launch(Launcher.java:64) ~[gdgoc-0.0.1-SNAPSHOT.jar:0.0.1-SNAPSHOT]
	at org.springframework.boot.loader.launch.JarLauncher.main(JarLauncher.java:40) ~[gdgoc-0.0.1-SNAPSHOT.jar:0.0.1-SNAPSHOT]

2025-03-26T15:29:14.793Z DEBUG 835411 --- [gdgoc] [           main] cResourceLocalTransactionCoordinatorImpl : JDBC transaction marked for rollback-only (exception provided for stack trace)

java.lang.Exception: exception just for purpose of providing stack trace
	at org.hibernate.resource.transaction.backend.jdbc.internal.JdbcResourceLocalTransactionCoordinatorImpl$TransactionDriverControlImpl.markRollbackOnly(JdbcResourceLocalTransactionCoordinatorImpl.java:309) ~[hibernate-core-6.6.5.Final.jar!/:6.6.5.Final]
	at org.hibernate.internal.AbstractSharedSessionContract.buildNamedQuery(AbstractSharedSessionContract.java:1141) ~[hibernate-core-6.6.5.Final.jar!/:6.6.5.Final]
	at org.hibernate.internal.AbstractSharedSessionContract.createNamedQuery(AbstractSharedSessionContract.java:1019) ~[hibernate-core-6.6.5.Final.jar!/:6.6.5.Final]
	at org.hibernate.internal.AbstractSharedSessionContract.createNamedQuery(AbstractSharedSessionContract.java:143) ~[hibernate-core-6.6.5.Final.jar!/:6.6.5.Final]
	at java.base/jdk.internal.reflect.NativeMethodAccessorImpl.invoke0(Native Method) ~[na:na]
	at java.base/jdk.internal.reflect.NativeMethodAccessorImpl.invoke(NativeMethodAccessorImpl.java:77) ~[na:na]
	at java.base/jdk.internal.reflect.DelegatingMethodAccessorImpl.invoke(DelegatingMethodAccessorImpl.java:43) ~[na:na]
	at java.base/java.lang.reflect.Method.invoke(Method.java:569) ~[na:na]
	at org.springframework.orm.jpa.ExtendedEntityManagerCreator$ExtendedEntityManagerInvocationHandler.invoke(ExtendedEntityManagerCreator.java:364) ~[spring-orm-6.2.2.jar!/:6.2.2]
	at jdk.proxy2/jdk.proxy2.$Proxy134.createNamedQuery(Unknown Source) ~[na:na]
	at org.springframework.data.jpa.repository.query.NamedQuery.hasNamedQuery(NamedQuery.java:114) ~[spring-data-jpa-3.4.2.jar!/:3.4.2]
	at org.springframework.data.jpa.repository.query.NamedQuery.lookupFrom(NamedQuery.java:140) ~[spring-data-jpa-3.4.2.jar!/:3.4.2]
	at org.springframework.data.jpa.repository.query.JpaQueryLookupStrategy$DeclaredQueryLookupStrategy.resolveQuery(JpaQueryLookupStrategy.java:184) ~[spring-data-jpa-3.4.2.jar!/:3.4.2]
	at org.springframework.data.jpa.repository.query.JpaQueryLookupStrategy$CreateIfNotFoundQueryLookupStrategy.resolveQuery(JpaQueryLookupStrategy.java:256) ~[spring-data-jpa-3.4.2.jar!/:3.4.2]
	at org.springframework.data.jpa.repository.query.JpaQueryLookupStrategy$AbstractQueryLookupStrategy.resolveQuery(JpaQueryLookupStrategy.java:99) ~[spring-data-jpa-3.4.2.jar!/:3.4.2]
	at org.springframework.data.repository.core.support.QueryExecutorMethodInterceptor.lookupQuery(QueryExecutorMethodInterceptor.java:116) ~[spring-data-commons-3.4.2.jar!/:3.4.2]
	at org.springframework.data.repository.core.support.QueryExecutorMethodInterceptor.mapMethodsToQuery(QueryExecutorMethodInterceptor.java:104) ~[spring-data-commons-3.4.2.jar!/:3.4.2]
	at org.springframework.data.repository.core.support.QueryExecutorMethodInterceptor.lambda$new$0(QueryExecutorMethodInterceptor.java:92) ~[spring-data-commons-3.4.2.jar!/:3.4.2]
	at java.base/java.util.Optional.map(Optional.java:260) ~[na:na]
	at org.springframework.data.repository.core.support.QueryExecutorMethodInterceptor.<init>(QueryExecutorMethodInterceptor.java:92) ~[spring-data-commons-3.4.2.jar!/:3.4.2]
	at org.springframework.data.repository.core.support.RepositoryFactorySupport.getRepository(RepositoryFactorySupport.java:440) ~[spring-data-commons-3.4.2.jar!/:3.4.2]
	at org.springframework.data.repository.core.support.RepositoryFactoryBeanSupport.lambda$afterPropertiesSet$4(RepositoryFactoryBeanSupport.java:350) ~[spring-data-commons-3.4.2.jar!/:3.4.2]
	at org.springframework.data.util.Lazy.getNullable(Lazy.java:135) ~[spring-data-commons-3.4.2.jar!/:3.4.2]
	at org.springframework.data.util.Lazy.get(Lazy.java:113) ~[spring-data-commons-3.4.2.jar!/:3.4.2]
	at org.springframework.data.repository.core.support.RepositoryFactoryBeanSupport.afterPropertiesSet(RepositoryFactoryBeanSupport.java:356) ~[spring-data-commons-3.4.2.jar!/:3.4.2]
	at org.springframework.data.jpa.repository.support.JpaRepositoryFactoryBean.afterPropertiesSet(JpaRepositoryFactoryBean.java:132) ~[spring-data-jpa-3.4.2.jar!/:3.4.2]
	at org.springframework.beans.factory.support.AbstractAutowireCapableBeanFactory.invokeInitMethods(AbstractAutowireCapableBeanFactory.java:1859) ~[spring-beans-6.2.2.jar!/:6.2.2]
	at org.springframework.beans.factory.support.AbstractAutowireCapableBeanFactory.initializeBean(AbstractAutowireCapableBeanFactory.java:1808) ~[spring-beans-6.2.2.jar!/:6.2.2]
	at org.springframework.beans.factory.support.AbstractAutowireCapableBeanFactory.doCreateBean(AbstractAutowireCapableBeanFactory.java:601) ~[spring-beans-6.2.2.jar!/:6.2.2]
	at org.springframework.beans.factory.support.AbstractAutowireCapableBeanFactory.createBean(AbstractAutowireCapableBeanFactory.java:523) ~[spring-beans-6.2.2.jar!/:6.2.2]
	at org.springframework.beans.factory.support.AbstractBeanFactory.lambda$doGetBean$0(AbstractBeanFactory.java:336) ~[spring-beans-6.2.2.jar!/:6.2.2]
	at org.springframework.beans.factory.support.DefaultSingletonBeanRegistry.getSingleton(DefaultSingletonBeanRegistry.java:307) ~[spring-beans-6.2.2.jar!/:6.2.2]
	at org.springframework.beans.factory.support.AbstractBeanFactory.doGetBean(AbstractBeanFactory.java:334) ~[spring-beans-6.2.2.jar!/:6.2.2]
	at org.springframework.beans.factory.support.AbstractBeanFactory.getBean(AbstractBeanFactory.java:199) ~[spring-beans-6.2.2.jar!/:6.2.2]
	at org.springframework.beans.factory.support.DefaultListableBeanFactory.doResolveDependency(DefaultListableBeanFactory.java:1573) ~[spring-beans-6.2.2.jar!/:6.2.2]
	at org.springframework.beans.factory.support.DefaultListableBeanFactory.resolveDependency(DefaultListableBeanFactory.java:1519) ~[spring-beans-6.2.2.jar!/:6.2.2]
	at org.springframework.beans.factory.support.ConstructorResolver.resolveAutowiredArgument(ConstructorResolver.java:913) ~[spring-beans-6.2.2.jar!/:6.2.2]
	at org.springframework.beans.factory.support.ConstructorResolver.createArgumentArray(ConstructorResolver.java:791) ~[spring-beans-6.2.2.jar!/:6.2.2]
	at org.springframework.beans.factory.support.ConstructorResolver.autowireConstructor(ConstructorResolver.java:240) ~[spring-beans-6.2.2.jar!/:6.2.2]
	at org.springframework.beans.factory.support.AbstractAutowireCapableBeanFactory.autowireConstructor(AbstractAutowireCapableBeanFactory.java:1381) ~[spring-beans-6.2.2.jar!/:6.2.2]
	at org.springframework.beans.factory.support.AbstractAutowireCapableBeanFactory.createBeanInstance(AbstractAutowireCapableBeanFactory.java:1218) ~[spring-beans-6.2.2.jar!/:6.2.2]
	at org.springframework.beans.factory.support.AbstractAutowireCapableBeanFactory.doCreateBean(AbstractAutowireCapableBeanFactory.java:563) ~[spring-beans-6.2.2.jar!/:6.2.2]
	at org.springframework.beans.factory.support.AbstractAutowireCapableBeanFactory.createBean(AbstractAutowireCapableBeanFactory.java:523) ~[spring-beans-6.2.2.jar!/:6.2.2]
	at org.springframework.beans.factory.support.AbstractBeanFactory.lambda$doGetBean$0(AbstractBeanFactory.java:336) ~[spring-beans-6.2.2.jar!/:6.2.2]
	at org.springframework.beans.factory.support.DefaultSingletonBeanRegistry.getSingleton(DefaultSingletonBeanRegistry.java:307) ~[spring-beans-6.2.2.jar!/:6.2.2]
	at org.springframework.beans.factory.support.AbstractBeanFactory.doGetBean(AbstractBeanFactory.java:334) ~[spring-beans-6.2.2.jar!/:6.2.2]
	at org.springframework.beans.factory.support.AbstractBeanFactory.getBean(AbstractBeanFactory.java:199) ~[spring-beans-6.2.2.jar!/:6.2.2]
	at org.springframework.beans.factory.support.DefaultListableBeanFactory.doResolveDependency(DefaultListableBeanFactory.java:1573) ~[spring-beans-6.2.2.jar!/:6.2.2]
	at org.springframework.beans.factory.support.DefaultListableBeanFactory.resolveDependency(DefaultListableBeanFactory.java:1519) ~[spring-beans-6.2.2.jar!/:6.2.2]
	at org.springframework.beans.factory.support.ConstructorResolver.resolveAutowiredArgument(ConstructorResolver.java:913) ~[spring-beans-6.2.2.jar!/:6.2.2]
	at org.springframework.beans.factory.support.ConstructorResolver.createArgumentArray(ConstructorResolver.java:791) ~[spring-beans-6.2.2.jar!/:6.2.2]
	at org.springframework.beans.factory.support.ConstructorResolver.autowireConstructor(ConstructorResolver.java:240) ~[spring-beans-6.2.2.jar!/:6.2.2]
	at org.springframework.beans.factory.support.AbstractAutowireCapableBeanFactory.autowireConstructor(AbstractAutowireCapableBeanFactory.java:1381) ~[spring-beans-6.2.2.jar!/:6.2.2]
	at org.springframework.beans.factory.support.AbstractAutowireCapableBeanFactory.createBeanInstance(AbstractAutowireCapableBeanFactory.java:1218) ~[spring-beans-6.2.2.jar!/:6.2.2]
	at org.springframework.beans.factory.support.AbstractAutowireCapableBeanFactory.doCreateBean(AbstractAutowireCapableBeanFactory.java:563) ~[spring-beans-6.2.2.jar!/:6.2.2]
	at org.springframework.beans.factory.support.AbstractAutowireCapableBeanFactory.createBean(AbstractAutowireCapableBeanFactory.java:523) ~[spring-beans-6.2.2.jar!/:6.2.2]
	at org.springframework.beans.factory.support.AbstractBeanFactory.lambda$doGetBean$0(AbstractBeanFactory.java:336) ~[spring-beans-6.2.2.jar!/:6.2.2]
	at org.springframework.beans.factory.support.DefaultSingletonBeanRegistry.getSingleton(DefaultSingletonBeanRegistry.java:307) ~[spring-beans-6.2.2.jar!/:6.2.2]
	at org.springframework.beans.factory.support.AbstractBeanFactory.doGetBean(AbstractBeanFactory.java:334) ~[spring-beans-6.2.2.jar!/:6.2.2]
	at org.springframework.beans.factory.support.AbstractBeanFactory.getBean(AbstractBeanFactory.java:199) ~[spring-beans-6.2.2.jar!/:6.2.2]
	at org.springframework.beans.factory.support.DefaultListableBeanFactory.instantiateSingleton(DefaultListableBeanFactory.java:1122) ~[spring-beans-6.2.2.jar!/:6.2.2]
	at org.springframework.beans.factory.support.DefaultListableBeanFactory.preInstantiateSingleton(DefaultListableBeanFactory.java:1093) ~[spring-beans-6.2.2.jar!/:6.2.2]
	at org.springframework.beans.factory.support.DefaultListableBeanFactory.preInstantiateSingletons(DefaultListableBeanFactory.java:1030) ~[spring-beans-6.2.2.jar!/:6.2.2]
	at org.springframework.context.support.AbstractApplicationContext.finishBeanFactoryInitialization(AbstractApplicationContext.java:987) ~[spring-context-6.2.2.jar!/:6.2.2]
	at org.springframework.context.support.AbstractApplicationContext.refresh(AbstractApplicationContext.java:627) ~[spring-context-6.2.2.jar!/:6.2.2]
	at org.springframework.boot.web.servlet.context.ServletWebServerApplicationContext.refresh(ServletWebServerApplicationContext.java:146) ~[spring-boot-3.4.2.jar!/:3.4.2]
	at org.springframework.boot.SpringApplication.refresh(SpringApplication.java:752) ~[spring-boot-3.4.2.jar!/:3.4.2]
	at org.springframework.boot.SpringApplication.refreshContext(SpringApplication.java:439) ~[spring-boot-3.4.2.jar!/:3.4.2]
	at org.springframework.boot.SpringApplication.run(SpringApplication.java:318) ~[spring-boot-3.4.2.jar!/:3.4.2]
	at org.springframework.boot.SpringApplication.run(SpringApplication.java:1361) ~[spring-boot-3.4.2.jar!/:3.4.2]
	at org.springframework.boot.SpringApplication.run(SpringApplication.java:1350) ~[spring-boot-3.4.2.jar!/:3.4.2]
	at com.gomin_jungdok.gdgoc.GdgocApplication.main(GdgocApplication.java:10) ~[!/:0.0.1-SNAPSHOT]
	at java.base/jdk.internal.reflect.NativeMethodAccessorImpl.invoke0(Native Method) ~[na:na]
	at java.base/jdk.internal.reflect.NativeMethodAccessorImpl.invoke(NativeMethodAccessorImpl.java:77) ~[na:na]
	at java.base/jdk.internal.reflect.DelegatingMethodAccessorImpl.invoke(DelegatingMethodAccessorImpl.java:43) ~[na:na]
	at java.base/java.lang.reflect.Method.invoke(Method.java:569) ~[na:na]
	at org.springframework.boot.loader.launch.Launcher.launch(Launcher.java:102) ~[gdgoc-0.0.1-SNAPSHOT.jar:0.0.1-SNAPSHOT]
	at org.springframework.boot.loader.launch.Launcher.launch(Launcher.java:64) ~[gdgoc-0.0.1-SNAPSHOT.jar:0.0.1-SNAPSHOT]
	at org.springframework.boot.loader.launch.JarLauncher.main(JarLauncher.java:40) ~[gdgoc-0.0.1-SNAPSHOT.jar:0.0.1-SNAPSHOT]

2025-03-26T15:29:14.799Z DEBUG 835411 --- [gdgoc] [           main] cResourceLocalTransactionCoordinatorImpl : JDBC transaction marked for rollback-only (exception provided for stack trace)

java.lang.Exception: exception just for purpose of providing stack trace
	at org.hibernate.resource.transaction.backend.jdbc.internal.JdbcResourceLocalTransactionCoordinatorImpl$TransactionDriverControlImpl.markRollbackOnly(JdbcResourceLocalTransactionCoordinatorImpl.java:309) ~[hibernate-core-6.6.5.Final.jar!/:6.6.5.Final]
	at org.hibernate.internal.AbstractSharedSessionContract.buildNamedQuery(AbstractSharedSessionContract.java:1141) ~[hibernate-core-6.6.5.Final.jar!/:6.6.5.Final]
	at org.hibernate.internal.AbstractSharedSessionContract.createNamedQuery(AbstractSharedSessionContract.java:1019) ~[hibernate-core-6.6.5.Final.jar!/:6.6.5.Final]
	at org.hibernate.internal.AbstractSharedSessionContract.createNamedQuery(AbstractSharedSessionContract.java:143) ~[hibernate-core-6.6.5.Final.jar!/:6.6.5.Final]
	at java.base/jdk.internal.reflect.NativeMethodAccessorImpl.invoke0(Native Method) ~[na:na]
	at java.base/jdk.internal.reflect.NativeMethodAccessorImpl.invoke(NativeMethodAccessorImpl.java:77) ~[na:na]
	at java.base/jdk.internal.reflect.DelegatingMethodAccessorImpl.invoke(DelegatingMethodAccessorImpl.java:43) ~[na:na]
	at java.base/java.lang.reflect.Method.invoke(Method.java:569) ~[na:na]
	at org.springframework.orm.jpa.ExtendedEntityManagerCreator$ExtendedEntityManagerInvocationHandler.invoke(ExtendedEntityManagerCreator.java:364) ~[spring-orm-6.2.2.jar!/:6.2.2]
	at jdk.proxy2/jdk.proxy2.$Proxy134.createNamedQuery(Unknown Source) ~[na:na]
	at org.springframework.data.jpa.repository.query.NamedQuery.hasNamedQuery(NamedQuery.java:114) ~[spring-data-jpa-3.4.2.jar!/:3.4.2]
	at org.springframework.data.jpa.repository.query.NamedQuery.lookupFrom(NamedQuery.java:140) ~[spring-data-jpa-3.4.2.jar!/:3.4.2]
	at org.springframework.data.jpa.repository.query.JpaQueryLookupStrategy$DeclaredQueryLookupStrategy.resolveQuery(JpaQueryLookupStrategy.java:184) ~[spring-data-jpa-3.4.2.jar!/:3.4.2]
	at org.springframework.data.jpa.repository.query.JpaQueryLookupStrategy$CreateIfNotFoundQueryLookupStrategy.resolveQuery(JpaQueryLookupStrategy.java:256) ~[spring-data-jpa-3.4.2.jar!/:3.4.2]
	at org.springframework.data.jpa.repository.query.JpaQueryLookupStrategy$AbstractQueryLookupStrategy.resolveQuery(JpaQueryLookupStrategy.java:99) ~[spring-data-jpa-3.4.2.jar!/:3.4.2]
	at org.springframework.data.repository.core.support.QueryExecutorMethodInterceptor.lookupQuery(QueryExecutorMethodInterceptor.java:116) ~[spring-data-commons-3.4.2.jar!/:3.4.2]
	at org.springframework.data.repository.core.support.QueryExecutorMethodInterceptor.mapMethodsToQuery(QueryExecutorMethodInterceptor.java:104) ~[spring-data-commons-3.4.2.jar!/:3.4.2]
	at org.springframework.data.repository.core.support.QueryExecutorMethodInterceptor.lambda$new$0(QueryExecutorMethodInterceptor.java:92) ~[spring-data-commons-3.4.2.jar!/:3.4.2]
	at java.base/java.util.Optional.map(Optional.java:260) ~[na:na]
	at org.springframework.data.repository.core.support.QueryExecutorMethodInterceptor.<init>(QueryExecutorMethodInterceptor.java:92) ~[spring-data-commons-3.4.2.jar!/:3.4.2]
	at org.springframework.data.repository.core.support.RepositoryFactorySupport.getRepository(RepositoryFactorySupport.java:440) ~[spring-data-commons-3.4.2.jar!/:3.4.2]
	at org.springframework.data.repository.core.support.RepositoryFactoryBeanSupport.lambda$afterPropertiesSet$4(RepositoryFactoryBeanSupport.java:350) ~[spring-data-commons-3.4.2.jar!/:3.4.2]
	at org.springframework.data.util.Lazy.getNullable(Lazy.java:135) ~[spring-data-commons-3.4.2.jar!/:3.4.2]
	at org.springframework.data.util.Lazy.get(Lazy.java:113) ~[spring-data-commons-3.4.2.jar!/:3.4.2]
	at org.springframework.data.repository.core.support.RepositoryFactoryBeanSupport.afterPropertiesSet(RepositoryFactoryBeanSupport.java:356) ~[spring-data-commons-3.4.2.jar!/:3.4.2]
	at org.springframework.data.jpa.repository.support.JpaRepositoryFactoryBean.afterPropertiesSet(JpaRepositoryFactoryBean.java:132) ~[spring-data-jpa-3.4.2.jar!/:3.4.2]
	at org.springframework.beans.factory.support.AbstractAutowireCapableBeanFactory.invokeInitMethods(AbstractAutowireCapableBeanFactory.java:1859) ~[spring-beans-6.2.2.jar!/:6.2.2]
	at org.springframework.beans.factory.support.AbstractAutowireCapableBeanFactory.initializeBean(AbstractAutowireCapableBeanFactory.java:1808) ~[spring-beans-6.2.2.jar!/:6.2.2]
	at org.springframework.beans.factory.support.AbstractAutowireCapableBeanFactory.doCreateBean(AbstractAutowireCapableBeanFactory.java:601) ~[spring-beans-6.2.2.jar!/:6.2.2]
	at org.springframework.beans.factory.support.AbstractAutowireCapableBeanFactory.createBean(AbstractAutowireCapableBeanFactory.java:523) ~[spring-beans-6.2.2.jar!/:6.2.2]
	at org.springframework.beans.factory.support.AbstractBeanFactory.lambda$doGetBean$0(AbstractBeanFactory.java:336) ~[spring-beans-6.2.2.jar!/:6.2.2]
	at org.springframework.beans.factory.support.DefaultSingletonBeanRegistry.getSingleton(DefaultSingletonBeanRegistry.java:307) ~[spring-beans-6.2.2.jar!/:6.2.2]
	at org.springframework.beans.factory.support.AbstractBeanFactory.doGetBean(AbstractBeanFactory.java:334) ~[spring-beans-6.2.2.jar!/:6.2.2]
	at org.springframework.beans.factory.support.AbstractBeanFactory.getBean(AbstractBeanFactory.java:199) ~[spring-beans-6.2.2.jar!/:6.2.2]
	at org.springframework.beans.factory.support.DefaultListableBeanFactory.doResolveDependency(DefaultListableBeanFactory.java:1573) ~[spring-beans-6.2.2.jar!/:6.2.2]
	at org.springframework.beans.factory.support.DefaultListableBeanFactory.resolveDependency(DefaultListableBeanFactory.java:1519) ~[spring-beans-6.2.2.jar!/:6.2.2]
	at org.springframework.beans.factory.support.ConstructorResolver.resolveAutowiredArgument(ConstructorResolver.java:913) ~[spring-beans-6.2.2.jar!/:6.2.2]
	at org.springframework.beans.factory.support.ConstructorResolver.createArgumentArray(ConstructorResolver.java:791) ~[spring-beans-6.2.2.jar!/:6.2.2]
	at org.springframework.beans.factory.support.ConstructorResolver.autowireConstructor(ConstructorResolver.java:240) ~[spring-beans-6.2.2.jar!/:6.2.2]
	at org.springframework.beans.factory.support.AbstractAutowireCapableBeanFactory.autowireConstructor(AbstractAutowireCapableBeanFactory.java:1381) ~[spring-beans-6.2.2.jar!/:6.2.2]
	at org.springframework.beans.factory.support.AbstractAutowireCapableBeanFactory.createBeanInstance(AbstractAutowireCapableBeanFactory.java:1218) ~[spring-beans-6.2.2.jar!/:6.2.2]
	at org.springframework.beans.factory.support.AbstractAutowireCapableBeanFactory.doCreateBean(AbstractAutowireCapableBeanFactory.java:563) ~[spring-beans-6.2.2.jar!/:6.2.2]
	at org.springframework.beans.factory.support.AbstractAutowireCapableBeanFactory.createBean(AbstractAutowireCapableBeanFactory.java:523) ~[spring-beans-6.2.2.jar!/:6.2.2]
	at org.springframework.beans.factory.support.AbstractBeanFactory.lambda$doGetBean$0(AbstractBeanFactory.java:336) ~[spring-beans-6.2.2.jar!/:6.2.2]
	at org.springframework.beans.factory.support.DefaultSingletonBeanRegistry.getSingleton(DefaultSingletonBeanRegistry.java:307) ~[spring-beans-6.2.2.jar!/:6.2.2]
	at org.springframework.beans.factory.support.AbstractBeanFactory.doGetBean(AbstractBeanFactory.java:334) ~[spring-beans-6.2.2.jar!/:6.2.2]
	at org.springframework.beans.factory.support.AbstractBeanFactory.getBean(AbstractBeanFactory.java:199) ~[spring-beans-6.2.2.jar!/:6.2.2]
	at org.springframework.beans.factory.support.DefaultListableBeanFactory.doResolveDependency(DefaultListableBeanFactory.java:1573) ~[spring-beans-6.2.2.jar!/:6.2.2]
	at org.springframework.beans.factory.support.DefaultListableBeanFactory.resolveDependency(DefaultListableBeanFactory.java:1519) ~[spring-beans-6.2.2.jar!/:6.2.2]
	at org.springframework.beans.factory.support.ConstructorResolver.resolveAutowiredArgument(ConstructorResolver.java:913) ~[spring-beans-6.2.2.jar!/:6.2.2]
	at org.springframework.beans.factory.support.ConstructorResolver.createArgumentArray(ConstructorResolver.java:791) ~[spring-beans-6.2.2.jar!/:6.2.2]
	at org.springframework.beans.factory.support.ConstructorResolver.autowireConstructor(ConstructorResolver.java:240) ~[spring-beans-6.2.2.jar!/:6.2.2]
	at org.springframework.beans.factory.support.AbstractAutowireCapableBeanFactory.autowireConstructor(AbstractAutowireCapableBeanFactory.java:1381) ~[spring-beans-6.2.2.jar!/:6.2.2]
	at org.springframework.beans.factory.support.AbstractAutowireCapableBeanFactory.createBeanInstance(AbstractAutowireCapableBeanFactory.java:1218) ~[spring-beans-6.2.2.jar!/:6.2.2]
	at org.springframework.beans.factory.support.AbstractAutowireCapableBeanFactory.doCreateBean(AbstractAutowireCapableBeanFactory.java:563) ~[spring-beans-6.2.2.jar!/:6.2.2]
	at org.springframework.beans.factory.support.AbstractAutowireCapableBeanFactory.createBean(AbstractAutowireCapableBeanFactory.java:523) ~[spring-beans-6.2.2.jar!/:6.2.2]
	at org.springframework.beans.factory.support.AbstractBeanFactory.lambda$doGetBean$0(AbstractBeanFactory.java:336) ~[spring-beans-6.2.2.jar!/:6.2.2]
	at org.springframework.beans.factory.support.DefaultSingletonBeanRegistry.getSingleton(DefaultSingletonBeanRegistry.java:307) ~[spring-beans-6.2.2.jar!/:6.2.2]
	at org.springframework.beans.factory.support.AbstractBeanFactory.doGetBean(AbstractBeanFactory.java:334) ~[spring-beans-6.2.2.jar!/:6.2.2]
	at org.springframework.beans.factory.support.AbstractBeanFactory.getBean(AbstractBeanFactory.java:199) ~[spring-beans-6.2.2.jar!/:6.2.2]
	at org.springframework.beans.factory.support.DefaultListableBeanFactory.instantiateSingleton(DefaultListableBeanFactory.java:1122) ~[spring-beans-6.2.2.jar!/:6.2.2]
	at org.springframework.beans.factory.support.DefaultListableBeanFactory.preInstantiateSingleton(DefaultListableBeanFactory.java:1093) ~[spring-beans-6.2.2.jar!/:6.2.2]
	at org.springframework.beans.factory.support.DefaultListableBeanFactory.preInstantiateSingletons(DefaultListableBeanFactory.java:1030) ~[spring-beans-6.2.2.jar!/:6.2.2]
	at org.springframework.context.support.AbstractApplicationContext.finishBeanFactoryInitialization(AbstractApplicationContext.java:987) ~[spring-context-6.2.2.jar!/:6.2.2]
	at org.springframework.context.support.AbstractApplicationContext.refresh(AbstractApplicationContext.java:627) ~[spring-context-6.2.2.jar!/:6.2.2]
	at org.springframework.boot.web.servlet.context.ServletWebServerApplicationContext.refresh(ServletWebServerApplicationContext.java:146) ~[spring-boot-3.4.2.jar!/:3.4.2]
	at org.springframework.boot.SpringApplication.refresh(SpringApplication.java:752) ~[spring-boot-3.4.2.jar!/:3.4.2]
	at org.springframework.boot.SpringApplication.refreshContext(SpringApplication.java:439) ~[spring-boot-3.4.2.jar!/:3.4.2]
	at org.springframework.boot.SpringApplication.run(SpringApplication.java:318) ~[spring-boot-3.4.2.jar!/:3.4.2]
	at org.springframework.boot.SpringApplication.run(SpringApplication.java:1361) ~[spring-boot-3.4.2.jar!/:3.4.2]
	at org.springframework.boot.SpringApplication.run(SpringApplication.java:1350) ~[spring-boot-3.4.2.jar!/:3.4.2]
	at com.gomin_jungdok.gdgoc.GdgocApplication.main(GdgocApplication.java:10) ~[!/:0.0.1-SNAPSHOT]
	at java.base/jdk.internal.reflect.NativeMethodAccessorImpl.invoke0(Native Method) ~[na:na]
	at java.base/jdk.internal.reflect.NativeMethodAccessorImpl.invoke(NativeMethodAccessorImpl.java:77) ~[na:na]
	at java.base/jdk.internal.reflect.DelegatingMethodAccessorImpl.invoke(DelegatingMethodAccessorImpl.java:43) ~[na:na]
	at java.base/java.lang.reflect.Method.invoke(Method.java:569) ~[na:na]
	at org.springframework.boot.loader.launch.Launcher.launch(Launcher.java:102) ~[gdgoc-0.0.1-SNAPSHOT.jar:0.0.1-SNAPSHOT]
	at org.springframework.boot.loader.launch.Launcher.launch(Launcher.java:64) ~[gdgoc-0.0.1-SNAPSHOT.jar:0.0.1-SNAPSHOT]
	at org.springframework.boot.loader.launch.JarLauncher.main(JarLauncher.java:40) ~[gdgoc-0.0.1-SNAPSHOT.jar:0.0.1-SNAPSHOT]

2025-03-26T15:29:14.805Z DEBUG 835411 --- [gdgoc] [           main] cResourceLocalTransactionCoordinatorImpl : JDBC transaction marked for rollback-only (exception provided for stack trace)

java.lang.Exception: exception just for purpose of providing stack trace
	at org.hibernate.resource.transaction.backend.jdbc.internal.JdbcResourceLocalTransactionCoordinatorImpl$TransactionDriverControlImpl.markRollbackOnly(JdbcResourceLocalTransactionCoordinatorImpl.java:309) ~[hibernate-core-6.6.5.Final.jar!/:6.6.5.Final]
	at org.hibernate.internal.AbstractSharedSessionContract.buildNamedQuery(AbstractSharedSessionContract.java:1141) ~[hibernate-core-6.6.5.Final.jar!/:6.6.5.Final]
	at org.hibernate.internal.AbstractSharedSessionContract.createNamedQuery(AbstractSharedSessionContract.java:1019) ~[hibernate-core-6.6.5.Final.jar!/:6.6.5.Final]
	at org.hibernate.internal.AbstractSharedSessionContract.createNamedQuery(AbstractSharedSessionContract.java:143) ~[hibernate-core-6.6.5.Final.jar!/:6.6.5.Final]
	at java.base/jdk.internal.reflect.NativeMethodAccessorImpl.invoke0(Native Method) ~[na:na]
	at java.base/jdk.internal.reflect.NativeMethodAccessorImpl.invoke(NativeMethodAccessorImpl.java:77) ~[na:na]
	at java.base/jdk.internal.reflect.DelegatingMethodAccessorImpl.invoke(DelegatingMethodAccessorImpl.java:43) ~[na:na]
	at java.base/java.lang.reflect.Method.invoke(Method.java:569) ~[na:na]
	at org.springframework.orm.jpa.ExtendedEntityManagerCreator$ExtendedEntityManagerInvocationHandler.invoke(ExtendedEntityManagerCreator.java:364) ~[spring-orm-6.2.2.jar!/:6.2.2]
	at jdk.proxy2/jdk.proxy2.$Proxy134.createNamedQuery(Unknown Source) ~[na:na]
	at org.springframework.data.jpa.repository.query.NamedQuery.hasNamedQuery(NamedQuery.java:114) ~[spring-data-jpa-3.4.2.jar!/:3.4.2]
	at org.springframework.data.jpa.repository.query.NamedQuery.lookupFrom(NamedQuery.java:140) ~[spring-data-jpa-3.4.2.jar!/:3.4.2]
	at org.springframework.data.jpa.repository.query.JpaQueryLookupStrategy$DeclaredQueryLookupStrategy.resolveQuery(JpaQueryLookupStrategy.java:184) ~[spring-data-jpa-3.4.2.jar!/:3.4.2]
	at org.springframework.data.jpa.repository.query.JpaQueryLookupStrategy$CreateIfNotFoundQueryLookupStrategy.resolveQuery(JpaQueryLookupStrategy.java:256) ~[spring-data-jpa-3.4.2.jar!/:3.4.2]
	at org.springframework.data.jpa.repository.query.JpaQueryLookupStrategy$AbstractQueryLookupStrategy.resolveQuery(JpaQueryLookupStrategy.java:99) ~[spring-data-jpa-3.4.2.jar!/:3.4.2]
	at org.springframework.data.repository.core.support.QueryExecutorMethodInterceptor.lookupQuery(QueryExecutorMethodInterceptor.java:116) ~[spring-data-commons-3.4.2.jar!/:3.4.2]
	at org.springframework.data.repository.core.support.QueryExecutorMethodInterceptor.mapMethodsToQuery(QueryExecutorMethodInterceptor.java:104) ~[spring-data-commons-3.4.2.jar!/:3.4.2]
	at org.springframework.data.repository.core.support.QueryExecutorMethodInterceptor.lambda$new$0(QueryExecutorMethodInterceptor.java:92) ~[spring-data-commons-3.4.2.jar!/:3.4.2]
	at java.base/java.util.Optional.map(Optional.java:260) ~[na:na]
	at org.springframework.data.repository.core.support.QueryExecutorMethodInterceptor.<init>(QueryExecutorMethodInterceptor.java:92) ~[spring-data-commons-3.4.2.jar!/:3.4.2]
	at org.springframework.data.repository.core.support.RepositoryFactorySupport.getRepository(RepositoryFactorySupport.java:440) ~[spring-data-commons-3.4.2.jar!/:3.4.2]
	at org.springframework.data.repository.core.support.RepositoryFactoryBeanSupport.lambda$afterPropertiesSet$4(RepositoryFactoryBeanSupport.java:350) ~[spring-data-commons-3.4.2.jar!/:3.4.2]
	at org.springframework.data.util.Lazy.getNullable(Lazy.java:135) ~[spring-data-commons-3.4.2.jar!/:3.4.2]
	at org.springframework.data.util.Lazy.get(Lazy.java:113) ~[spring-data-commons-3.4.2.jar!/:3.4.2]
	at org.springframework.data.repository.core.support.RepositoryFactoryBeanSupport.afterPropertiesSet(RepositoryFactoryBeanSupport.java:356) ~[spring-data-commons-3.4.2.jar!/:3.4.2]
	at org.springframework.data.jpa.repository.support.JpaRepositoryFactoryBean.afterPropertiesSet(JpaRepositoryFactoryBean.java:132) ~[spring-data-jpa-3.4.2.jar!/:3.4.2]
	at org.springframework.beans.factory.support.AbstractAutowireCapableBeanFactory.invokeInitMethods(AbstractAutowireCapableBeanFactory.java:1859) ~[spring-beans-6.2.2.jar!/:6.2.2]
	at org.springframework.beans.factory.support.AbstractAutowireCapableBeanFactory.initializeBean(AbstractAutowireCapableBeanFactory.java:1808) ~[spring-beans-6.2.2.jar!/:6.2.2]
	at org.springframework.beans.factory.support.AbstractAutowireCapableBeanFactory.doCreateBean(AbstractAutowireCapableBeanFactory.java:601) ~[spring-beans-6.2.2.jar!/:6.2.2]
	at org.springframework.beans.factory.support.AbstractAutowireCapableBeanFactory.createBean(AbstractAutowireCapableBeanFactory.java:523) ~[spring-beans-6.2.2.jar!/:6.2.2]
	at org.springframework.beans.factory.support.AbstractBeanFactory.lambda$doGetBean$0(AbstractBeanFactory.java:336) ~[spring-beans-6.2.2.jar!/:6.2.2]
	at org.springframework.beans.factory.support.DefaultSingletonBeanRegistry.getSingleton(DefaultSingletonBeanRegistry.java:307) ~[spring-beans-6.2.2.jar!/:6.2.2]
	at org.springframework.beans.factory.support.AbstractBeanFactory.doGetBean(AbstractBeanFactory.java:334) ~[spring-beans-6.2.2.jar!/:6.2.2]
	at org.springframework.beans.factory.support.AbstractBeanFactory.getBean(AbstractBeanFactory.java:199) ~[spring-beans-6.2.2.jar!/:6.2.2]
	at org.springframework.beans.factory.support.DefaultListableBeanFactory.doResolveDependency(DefaultListableBeanFactory.java:1573) ~[spring-beans-6.2.2.jar!/:6.2.2]
	at org.springframework.beans.factory.support.DefaultListableBeanFactory.resolveDependency(DefaultListableBeanFactory.java:1519) ~[spring-beans-6.2.2.jar!/:6.2.2]
	at org.springframework.beans.factory.support.ConstructorResolver.resolveAutowiredArgument(ConstructorResolver.java:913) ~[spring-beans-6.2.2.jar!/:6.2.2]
	at org.springframework.beans.factory.support.ConstructorResolver.createArgumentArray(ConstructorResolver.java:791) ~[spring-beans-6.2.2.jar!/:6.2.2]
	at org.springframework.beans.factory.support.ConstructorResolver.autowireConstructor(ConstructorResolver.java:240) ~[spring-beans-6.2.2.jar!/:6.2.2]
	at org.springframework.beans.factory.support.AbstractAutowireCapableBeanFactory.autowireConstructor(AbstractAutowireCapableBeanFactory.java:1381) ~[spring-beans-6.2.2.jar!/:6.2.2]
	at org.springframework.beans.factory.support.AbstractAutowireCapableBeanFactory.createBeanInstance(AbstractAutowireCapableBeanFactory.java:1218) ~[spring-beans-6.2.2.jar!/:6.2.2]
	at org.springframework.beans.factory.support.AbstractAutowireCapableBeanFactory.doCreateBean(AbstractAutowireCapableBeanFactory.java:563) ~[spring-beans-6.2.2.jar!/:6.2.2]
	at org.springframework.beans.factory.support.AbstractAutowireCapableBeanFactory.createBean(AbstractAutowireCapableBeanFactory.java:523) ~[spring-beans-6.2.2.jar!/:6.2.2]
	at org.springframework.beans.factory.support.AbstractBeanFactory.lambda$doGetBean$0(AbstractBeanFactory.java:336) ~[spring-beans-6.2.2.jar!/:6.2.2]
	at org.springframework.beans.factory.support.DefaultSingletonBeanRegistry.getSingleton(DefaultSingletonBeanRegistry.java:307) ~[spring-beans-6.2.2.jar!/:6.2.2]
	at org.springframework.beans.factory.support.AbstractBeanFactory.doGetBean(AbstractBeanFactory.java:334) ~[spring-beans-6.2.2.jar!/:6.2.2]
	at org.springframework.beans.factory.support.AbstractBeanFactory.getBean(AbstractBeanFactory.java:199) ~[spring-beans-6.2.2.jar!/:6.2.2]
	at org.springframework.beans.factory.support.DefaultListableBeanFactory.doResolveDependency(DefaultListableBeanFactory.java:1573) ~[spring-beans-6.2.2.jar!/:6.2.2]
	at org.springframework.beans.factory.support.DefaultListableBeanFactory.resolveDependency(DefaultListableBeanFactory.java:1519) ~[spring-beans-6.2.2.jar!/:6.2.2]
	at org.springframework.beans.factory.support.ConstructorResolver.resolveAutowiredArgument(ConstructorResolver.java:913) ~[spring-beans-6.2.2.jar!/:6.2.2]
	at org.springframework.beans.factory.support.ConstructorResolver.createArgumentArray(ConstructorResolver.java:791) ~[spring-beans-6.2.2.jar!/:6.2.2]
	at org.springframework.beans.factory.support.ConstructorResolver.autowireConstructor(ConstructorResolver.java:240) ~[spring-beans-6.2.2.jar!/:6.2.2]
	at org.springframework.beans.factory.support.AbstractAutowireCapableBeanFactory.autowireConstructor(AbstractAutowireCapableBeanFactory.java:1381) ~[spring-beans-6.2.2.jar!/:6.2.2]
	at org.springframework.beans.factory.support.AbstractAutowireCapableBeanFactory.createBeanInstance(AbstractAutowireCapableBeanFactory.java:1218) ~[spring-beans-6.2.2.jar!/:6.2.2]
	at org.springframework.beans.factory.support.AbstractAutowireCapableBeanFactory.doCreateBean(AbstractAutowireCapableBeanFactory.java:563) ~[spring-beans-6.2.2.jar!/:6.2.2]
	at org.springframework.beans.factory.support.AbstractAutowireCapableBeanFactory.createBean(AbstractAutowireCapableBeanFactory.java:523) ~[spring-beans-6.2.2.jar!/:6.2.2]
	at org.springframework.beans.factory.support.AbstractBeanFactory.lambda$doGetBean$0(AbstractBeanFactory.java:336) ~[spring-beans-6.2.2.jar!/:6.2.2]
	at org.springframework.beans.factory.support.DefaultSingletonBeanRegistry.getSingleton(DefaultSingletonBeanRegistry.java:307) ~[spring-beans-6.2.2.jar!/:6.2.2]
	at org.springframework.beans.factory.support.AbstractBeanFactory.doGetBean(AbstractBeanFactory.java:334) ~[spring-beans-6.2.2.jar!/:6.2.2]
	at org.springframework.beans.factory.support.AbstractBeanFactory.getBean(AbstractBeanFactory.java:199) ~[spring-beans-6.2.2.jar!/:6.2.2]
	at org.springframework.beans.factory.support.DefaultListableBeanFactory.instantiateSingleton(DefaultListableBeanFactory.java:1122) ~[spring-beans-6.2.2.jar!/:6.2.2]
	at org.springframework.beans.factory.support.DefaultListableBeanFactory.preInstantiateSingleton(DefaultListableBeanFactory.java:1093) ~[spring-beans-6.2.2.jar!/:6.2.2]
	at org.springframework.beans.factory.support.DefaultListableBeanFactory.preInstantiateSingletons(DefaultListableBeanFactory.java:1030) ~[spring-beans-6.2.2.jar!/:6.2.2]
	at org.springframework.context.support.AbstractApplicationContext.finishBeanFactoryInitialization(AbstractApplicationContext.java:987) ~[spring-context-6.2.2.jar!/:6.2.2]
	at org.springframework.context.support.AbstractApplicationContext.refresh(AbstractApplicationContext.java:627) ~[spring-context-6.2.2.jar!/:6.2.2]
	at org.springframework.boot.web.servlet.context.ServletWebServerApplicationContext.refresh(ServletWebServerApplicationContext.java:146) ~[spring-boot-3.4.2.jar!/:3.4.2]
	at org.springframework.boot.SpringApplication.refresh(SpringApplication.java:752) ~[spring-boot-3.4.2.jar!/:3.4.2]
	at org.springframework.boot.SpringApplication.refreshContext(SpringApplication.java:439) ~[spring-boot-3.4.2.jar!/:3.4.2]
	at org.springframework.boot.SpringApplication.run(SpringApplication.java:318) ~[spring-boot-3.4.2.jar!/:3.4.2]
	at org.springframework.boot.SpringApplication.run(SpringApplication.java:1361) ~[spring-boot-3.4.2.jar!/:3.4.2]
	at org.springframework.boot.SpringApplication.run(SpringApplication.java:1350) ~[spring-boot-3.4.2.jar!/:3.4.2]
	at com.gomin_jungdok.gdgoc.GdgocApplication.main(GdgocApplication.java:10) ~[!/:0.0.1-SNAPSHOT]
	at java.base/jdk.internal.reflect.NativeMethodAccessorImpl.invoke0(Native Method) ~[na:na]
	at java.base/jdk.internal.reflect.NativeMethodAccessorImpl.invoke(NativeMethodAccessorImpl.java:77) ~[na:na]
	at java.base/jdk.internal.reflect.DelegatingMethodAccessorImpl.invoke(DelegatingMethodAccessorImpl.java:43) ~[na:na]
	at java.base/java.lang.reflect.Method.invoke(Method.java:569) ~[na:na]
	at org.springframework.boot.loader.launch.Launcher.launch(Launcher.java:102) ~[gdgoc-0.0.1-SNAPSHOT.jar:0.0.1-SNAPSHOT]
	at org.springframework.boot.loader.launch.Launcher.launch(Launcher.java:64) ~[gdgoc-0.0.1-SNAPSHOT.jar:0.0.1-SNAPSHOT]
	at org.springframework.boot.loader.launch.JarLauncher.main(JarLauncher.java:40) ~[gdgoc-0.0.1-SNAPSHOT.jar:0.0.1-SNAPSHOT]

2025-03-26T15:29:14.843Z DEBUG 835411 --- [gdgoc] [           main] cResourceLocalTransactionCoordinatorImpl : JDBC transaction marked for rollback-only (exception provided for stack trace)

java.lang.Exception: exception just for purpose of providing stack trace
	at org.hibernate.resource.transaction.backend.jdbc.internal.JdbcResourceLocalTransactionCoordinatorImpl$TransactionDriverControlImpl.markRollbackOnly(JdbcResourceLocalTransactionCoordinatorImpl.java:309) ~[hibernate-core-6.6.5.Final.jar!/:6.6.5.Final]
	at org.hibernate.internal.AbstractSharedSessionContract.buildNamedQuery(AbstractSharedSessionContract.java:1141) ~[hibernate-core-6.6.5.Final.jar!/:6.6.5.Final]
	at org.hibernate.internal.AbstractSharedSessionContract.createNamedQuery(AbstractSharedSessionContract.java:1019) ~[hibernate-core-6.6.5.Final.jar!/:6.6.5.Final]
	at org.hibernate.internal.AbstractSharedSessionContract.createNamedQuery(AbstractSharedSessionContract.java:143) ~[hibernate-core-6.6.5.Final.jar!/:6.6.5.Final]
	at jdk.internal.reflect.GeneratedMethodAccessor27.invoke(Unknown Source) ~[na:na]
	at java.base/jdk.internal.reflect.DelegatingMethodAccessorImpl.invoke(DelegatingMethodAccessorImpl.java:43) ~[na:na]
	at java.base/java.lang.reflect.Method.invoke(Method.java:569) ~[na:na]
	at org.springframework.orm.jpa.ExtendedEntityManagerCreator$ExtendedEntityManagerInvocationHandler.invoke(ExtendedEntityManagerCreator.java:364) ~[spring-orm-6.2.2.jar!/:6.2.2]
	at jdk.proxy2/jdk.proxy2.$Proxy134.createNamedQuery(Unknown Source) ~[na:na]
	at org.springframework.data.jpa.repository.query.NamedQuery.hasNamedQuery(NamedQuery.java:114) ~[spring-data-jpa-3.4.2.jar!/:3.4.2]
	at org.springframework.data.jpa.repository.query.NamedQuery.lookupFrom(NamedQuery.java:140) ~[spring-data-jpa-3.4.2.jar!/:3.4.2]
	at org.springframework.data.jpa.repository.query.JpaQueryLookupStrategy$DeclaredQueryLookupStrategy.resolveQuery(JpaQueryLookupStrategy.java:184) ~[spring-data-jpa-3.4.2.jar!/:3.4.2]
	at org.springframework.data.jpa.repository.query.JpaQueryLookupStrategy$CreateIfNotFoundQueryLookupStrategy.resolveQuery(JpaQueryLookupStrategy.java:256) ~[spring-data-jpa-3.4.2.jar!/:3.4.2]
	at org.springframework.data.jpa.repository.query.JpaQueryLookupStrategy$AbstractQueryLookupStrategy.resolveQuery(JpaQueryLookupStrategy.java:99) ~[spring-data-jpa-3.4.2.jar!/:3.4.2]
	at org.springframework.data.repository.core.support.QueryExecutorMethodInterceptor.lookupQuery(QueryExecutorMethodInterceptor.java:116) ~[spring-data-commons-3.4.2.jar!/:3.4.2]
	at org.springframework.data.repository.core.support.QueryExecutorMethodInterceptor.mapMethodsToQuery(QueryExecutorMethodInterceptor.java:104) ~[spring-data-commons-3.4.2.jar!/:3.4.2]
	at org.springframework.data.repository.core.support.QueryExecutorMethodInterceptor.lambda$new$0(QueryExecutorMethodInterceptor.java:92) ~[spring-data-commons-3.4.2.jar!/:3.4.2]
	at java.base/java.util.Optional.map(Optional.java:260) ~[na:na]
	at org.springframework.data.repository.core.support.QueryExecutorMethodInterceptor.<init>(QueryExecutorMethodInterceptor.java:92) ~[spring-data-commons-3.4.2.jar!/:3.4.2]
	at org.springframework.data.repository.core.support.RepositoryFactorySupport.getRepository(RepositoryFactorySupport.java:440) ~[spring-data-commons-3.4.2.jar!/:3.4.2]
	at org.springframework.data.repository.core.support.RepositoryFactoryBeanSupport.lambda$afterPropertiesSet$4(RepositoryFactoryBeanSupport.java:350) ~[spring-data-commons-3.4.2.jar!/:3.4.2]
	at org.springframework.data.util.Lazy.getNullable(Lazy.java:135) ~[spring-data-commons-3.4.2.jar!/:3.4.2]
	at org.springframework.data.util.Lazy.get(Lazy.java:113) ~[spring-data-commons-3.4.2.jar!/:3.4.2]
	at org.springframework.data.repository.core.support.RepositoryFactoryBeanSupport.afterPropertiesSet(RepositoryFactoryBeanSupport.java:356) ~[spring-data-commons-3.4.2.jar!/:3.4.2]
	at org.springframework.data.jpa.repository.support.JpaRepositoryFactoryBean.afterPropertiesSet(JpaRepositoryFactoryBean.java:132) ~[spring-data-jpa-3.4.2.jar!/:3.4.2]
	at org.springframework.beans.factory.support.AbstractAutowireCapableBeanFactory.invokeInitMethods(AbstractAutowireCapableBeanFactory.java:1859) ~[spring-beans-6.2.2.jar!/:6.2.2]
	at org.springframework.beans.factory.support.AbstractAutowireCapableBeanFactory.initializeBean(AbstractAutowireCapableBeanFactory.java:1808) ~[spring-beans-6.2.2.jar!/:6.2.2]
	at org.springframework.beans.factory.support.AbstractAutowireCapableBeanFactory.doCreateBean(AbstractAutowireCapableBeanFactory.java:601) ~[spring-beans-6.2.2.jar!/:6.2.2]
	at org.springframework.beans.factory.support.AbstractAutowireCapableBeanFactory.createBean(AbstractAutowireCapableBeanFactory.java:523) ~[spring-beans-6.2.2.jar!/:6.2.2]
	at org.springframework.beans.factory.support.AbstractBeanFactory.lambda$doGetBean$0(AbstractBeanFactory.java:336) ~[spring-beans-6.2.2.jar!/:6.2.2]
	at org.springframework.beans.factory.support.DefaultSingletonBeanRegistry.getSingleton(DefaultSingletonBeanRegistry.java:307) ~[spring-beans-6.2.2.jar!/:6.2.2]
	at org.springframework.beans.factory.support.AbstractBeanFactory.doGetBean(AbstractBeanFactory.java:334) ~[spring-beans-6.2.2.jar!/:6.2.2]
	at org.springframework.beans.factory.support.AbstractBeanFactory.getBean(AbstractBeanFactory.java:199) ~[spring-beans-6.2.2.jar!/:6.2.2]
	at org.springframework.beans.factory.support.DefaultListableBeanFactory.doResolveDependency(DefaultListableBeanFactory.java:1573) ~[spring-beans-6.2.2.jar!/:6.2.2]
	at org.springframework.beans.factory.support.DefaultListableBeanFactory.resolveDependency(DefaultListableBeanFactory.java:1519) ~[spring-beans-6.2.2.jar!/:6.2.2]
	at org.springframework.beans.factory.support.ConstructorResolver.resolveAutowiredArgument(ConstructorResolver.java:913) ~[spring-beans-6.2.2.jar!/:6.2.2]
	at org.springframework.beans.factory.support.ConstructorResolver.createArgumentArray(ConstructorResolver.java:791) ~[spring-beans-6.2.2.jar!/:6.2.2]
	at org.springframework.beans.factory.support.ConstructorResolver.autowireConstructor(ConstructorResolver.java:240) ~[spring-beans-6.2.2.jar!/:6.2.2]
	at org.springframework.beans.factory.support.AbstractAutowireCapableBeanFactory.autowireConstructor(AbstractAutowireCapableBeanFactory.java:1381) ~[spring-beans-6.2.2.jar!/:6.2.2]
	at org.springframework.beans.factory.support.AbstractAutowireCapableBeanFactory.createBeanInstance(AbstractAutowireCapableBeanFactory.java:1218) ~[spring-beans-6.2.2.jar!/:6.2.2]
	at org.springframework.beans.factory.support.AbstractAutowireCapableBeanFactory.doCreateBean(AbstractAutowireCapableBeanFactory.java:563) ~[spring-beans-6.2.2.jar!/:6.2.2]
	at org.springframework.beans.factory.support.AbstractAutowireCapableBeanFactory.createBean(AbstractAutowireCapableBeanFactory.java:523) ~[spring-beans-6.2.2.jar!/:6.2.2]
	at org.springframework.beans.factory.support.AbstractBeanFactory.lambda$doGetBean$0(AbstractBeanFactory.java:336) ~[spring-beans-6.2.2.jar!/:6.2.2]
	at org.springframework.beans.factory.support.DefaultSingletonBeanRegistry.getSingleton(DefaultSingletonBeanRegistry.java:307) ~[spring-beans-6.2.2.jar!/:6.2.2]
	at org.springframework.beans.factory.support.AbstractBeanFactory.doGetBean(AbstractBeanFactory.java:334) ~[spring-beans-6.2.2.jar!/:6.2.2]
	at org.springframework.beans.factory.support.AbstractBeanFactory.getBean(AbstractBeanFactory.java:199) ~[spring-beans-6.2.2.jar!/:6.2.2]
	at org.springframework.beans.factory.support.DefaultListableBeanFactory.doResolveDependency(DefaultListableBeanFactory.java:1573) ~[spring-beans-6.2.2.jar!/:6.2.2]
	at org.springframework.beans.factory.support.DefaultListableBeanFactory.resolveDependency(DefaultListableBeanFactory.java:1519) ~[spring-beans-6.2.2.jar!/:6.2.2]
	at org.springframework.beans.factory.support.ConstructorResolver.resolveAutowiredArgument(ConstructorResolver.java:913) ~[spring-beans-6.2.2.jar!/:6.2.2]
	at org.springframework.beans.factory.support.ConstructorResolver.createArgumentArray(ConstructorResolver.java:791) ~[spring-beans-6.2.2.jar!/:6.2.2]
	at org.springframework.beans.factory.support.ConstructorResolver.autowireConstructor(ConstructorResolver.java:240) ~[spring-beans-6.2.2.jar!/:6.2.2]
	at org.springframework.beans.factory.support.AbstractAutowireCapableBeanFactory.autowireConstructor(AbstractAutowireCapableBeanFactory.java:1381) ~[spring-beans-6.2.2.jar!/:6.2.2]
	at org.springframework.beans.factory.support.AbstractAutowireCapableBeanFactory.createBeanInstance(AbstractAutowireCapableBeanFactory.java:1218) ~[spring-beans-6.2.2.jar!/:6.2.2]
	at org.springframework.beans.factory.support.AbstractAutowireCapableBeanFactory.doCreateBean(AbstractAutowireCapableBeanFactory.java:563) ~[spring-beans-6.2.2.jar!/:6.2.2]
	at org.springframework.beans.factory.support.AbstractAutowireCapableBeanFactory.createBean(AbstractAutowireCapableBeanFactory.java:523) ~[spring-beans-6.2.2.jar!/:6.2.2]
	at org.springframework.beans.factory.support.AbstractBeanFactory.lambda$doGetBean$0(AbstractBeanFactory.java:336) ~[spring-beans-6.2.2.jar!/:6.2.2]
	at org.springframework.beans.factory.support.DefaultSingletonBeanRegistry.getSingleton(DefaultSingletonBeanRegistry.java:307) ~[spring-beans-6.2.2.jar!/:6.2.2]
	at org.springframework.beans.factory.support.AbstractBeanFactory.doGetBean(AbstractBeanFactory.java:334) ~[spring-beans-6.2.2.jar!/:6.2.2]
	at org.springframework.beans.factory.support.AbstractBeanFactory.getBean(AbstractBeanFactory.java:199) ~[spring-beans-6.2.2.jar!/:6.2.2]
	at org.springframework.beans.factory.support.DefaultListableBeanFactory.instantiateSingleton(DefaultListableBeanFactory.java:1122) ~[spring-beans-6.2.2.jar!/:6.2.2]
	at org.springframework.beans.factory.support.DefaultListableBeanFactory.preInstantiateSingleton(DefaultListableBeanFactory.java:1093) ~[spring-beans-6.2.2.jar!/:6.2.2]
	at org.springframework.beans.factory.support.DefaultListableBeanFactory.preInstantiateSingletons(DefaultListableBeanFactory.java:1030) ~[spring-beans-6.2.2.jar!/:6.2.2]
	at org.springframework.context.support.AbstractApplicationContext.finishBeanFactoryInitialization(AbstractApplicationContext.java:987) ~[spring-context-6.2.2.jar!/:6.2.2]
	at org.springframework.context.support.AbstractApplicationContext.refresh(AbstractApplicationContext.java:627) ~[spring-context-6.2.2.jar!/:6.2.2]
	at org.springframework.boot.web.servlet.context.ServletWebServerApplicationContext.refresh(ServletWebServerApplicationContext.java:146) ~[spring-boot-3.4.2.jar!/:3.4.2]
	at org.springframework.boot.SpringApplication.refresh(SpringApplication.java:752) ~[spring-boot-3.4.2.jar!/:3.4.2]
	at org.springframework.boot.SpringApplication.refreshContext(SpringApplication.java:439) ~[spring-boot-3.4.2.jar!/:3.4.2]
	at org.springframework.boot.SpringApplication.run(SpringApplication.java:318) ~[spring-boot-3.4.2.jar!/:3.4.2]
	at org.springframework.boot.SpringApplication.run(SpringApplication.java:1361) ~[spring-boot-3.4.2.jar!/:3.4.2]
	at org.springframework.boot.SpringApplication.run(SpringApplication.java:1350) ~[spring-boot-3.4.2.jar!/:3.4.2]
	at com.gomin_jungdok.gdgoc.GdgocApplication.main(GdgocApplication.java:10) ~[!/:0.0.1-SNAPSHOT]
	at java.base/jdk.internal.reflect.NativeMethodAccessorImpl.invoke0(Native Method) ~[na:na]
	at java.base/jdk.internal.reflect.NativeMethodAccessorImpl.invoke(NativeMethodAccessorImpl.java:77) ~[na:na]
	at java.base/jdk.internal.reflect.DelegatingMethodAccessorImpl.invoke(DelegatingMethodAccessorImpl.java:43) ~[na:na]
	at java.base/java.lang.reflect.Method.invoke(Method.java:569) ~[na:na]
	at org.springframework.boot.loader.launch.Launcher.launch(Launcher.java:102) ~[gdgoc-0.0.1-SNAPSHOT.jar:0.0.1-SNAPSHOT]
	at org.springframework.boot.loader.launch.Launcher.launch(Launcher.java:64) ~[gdgoc-0.0.1-SNAPSHOT.jar:0.0.1-SNAPSHOT]
	at org.springframework.boot.loader.launch.JarLauncher.main(JarLauncher.java:40) ~[gdgoc-0.0.1-SNAPSHOT.jar:0.0.1-SNAPSHOT]

2025-03-26T15:29:14.856Z DEBUG 835411 --- [gdgoc] [           main] cResourceLocalTransactionCoordinatorImpl : JDBC transaction marked for rollback-only (exception provided for stack trace)

java.lang.Exception: exception just for purpose of providing stack trace
	at org.hibernate.resource.transaction.backend.jdbc.internal.JdbcResourceLocalTransactionCoordinatorImpl$TransactionDriverControlImpl.markRollbackOnly(JdbcResourceLocalTransactionCoordinatorImpl.java:309) ~[hibernate-core-6.6.5.Final.jar!/:6.6.5.Final]
	at org.hibernate.internal.AbstractSharedSessionContract.buildNamedQuery(AbstractSharedSessionContract.java:1141) ~[hibernate-core-6.6.5.Final.jar!/:6.6.5.Final]
	at org.hibernate.internal.AbstractSharedSessionContract.createNamedQuery(AbstractSharedSessionContract.java:1019) ~[hibernate-core-6.6.5.Final.jar!/:6.6.5.Final]
	at org.hibernate.internal.AbstractSharedSessionContract.createNamedQuery(AbstractSharedSessionContract.java:143) ~[hibernate-core-6.6.5.Final.jar!/:6.6.5.Final]
	at jdk.internal.reflect.GeneratedMethodAccessor27.invoke(Unknown Source) ~[na:na]
	at java.base/jdk.internal.reflect.DelegatingMethodAccessorImpl.invoke(DelegatingMethodAccessorImpl.java:43) ~[na:na]
	at java.base/java.lang.reflect.Method.invoke(Method.java:569) ~[na:na]
	at org.springframework.orm.jpa.ExtendedEntityManagerCreator$ExtendedEntityManagerInvocationHandler.invoke(ExtendedEntityManagerCreator.java:364) ~[spring-orm-6.2.2.jar!/:6.2.2]
	at jdk.proxy2/jdk.proxy2.$Proxy134.createNamedQuery(Unknown Source) ~[na:na]
	at org.springframework.data.jpa.repository.query.NamedQuery.hasNamedQuery(NamedQuery.java:114) ~[spring-data-jpa-3.4.2.jar!/:3.4.2]
	at org.springframework.data.jpa.repository.query.NamedQuery.lookupFrom(NamedQuery.java:140) ~[spring-data-jpa-3.4.2.jar!/:3.4.2]
	at org.springframework.data.jpa.repository.query.JpaQueryLookupStrategy$DeclaredQueryLookupStrategy.resolveQuery(JpaQueryLookupStrategy.java:184) ~[spring-data-jpa-3.4.2.jar!/:3.4.2]
	at org.springframework.data.jpa.repository.query.JpaQueryLookupStrategy$CreateIfNotFoundQueryLookupStrategy.resolveQuery(JpaQueryLookupStrategy.java:256) ~[spring-data-jpa-3.4.2.jar!/:3.4.2]
	at org.springframework.data.jpa.repository.query.JpaQueryLookupStrategy$AbstractQueryLookupStrategy.resolveQuery(JpaQueryLookupStrategy.java:99) ~[spring-data-jpa-3.4.2.jar!/:3.4.2]
	at org.springframework.data.repository.core.support.QueryExecutorMethodInterceptor.lookupQuery(QueryExecutorMethodInterceptor.java:116) ~[spring-data-commons-3.4.2.jar!/:3.4.2]
	at org.springframework.data.repository.core.support.QueryExecutorMethodInterceptor.mapMethodsToQuery(QueryExecutorMethodInterceptor.java:104) ~[spring-data-commons-3.4.2.jar!/:3.4.2]
	at org.springframework.data.repository.core.support.QueryExecutorMethodInterceptor.lambda$new$0(QueryExecutorMethodInterceptor.java:92) ~[spring-data-commons-3.4.2.jar!/:3.4.2]
	at java.base/java.util.Optional.map(Optional.java:260) ~[na:na]
	at org.springframework.data.repository.core.support.QueryExecutorMethodInterceptor.<init>(QueryExecutorMethodInterceptor.java:92) ~[spring-data-commons-3.4.2.jar!/:3.4.2]
	at org.springframework.data.repository.core.support.RepositoryFactorySupport.getRepository(RepositoryFactorySupport.java:440) ~[spring-data-commons-3.4.2.jar!/:3.4.2]
	at org.springframework.data.repository.core.support.RepositoryFactoryBeanSupport.lambda$afterPropertiesSet$4(RepositoryFactoryBeanSupport.java:350) ~[spring-data-commons-3.4.2.jar!/:3.4.2]
	at org.springframework.data.util.Lazy.getNullable(Lazy.java:135) ~[spring-data-commons-3.4.2.jar!/:3.4.2]
	at org.springframework.data.util.Lazy.get(Lazy.java:113) ~[spring-data-commons-3.4.2.jar!/:3.4.2]
	at org.springframework.data.repository.core.support.RepositoryFactoryBeanSupport.afterPropertiesSet(RepositoryFactoryBeanSupport.java:356) ~[spring-data-commons-3.4.2.jar!/:3.4.2]
	at org.springframework.data.jpa.repository.support.JpaRepositoryFactoryBean.afterPropertiesSet(JpaRepositoryFactoryBean.java:132) ~[spring-data-jpa-3.4.2.jar!/:3.4.2]
	at org.springframework.beans.factory.support.AbstractAutowireCapableBeanFactory.invokeInitMethods(AbstractAutowireCapableBeanFactory.java:1859) ~[spring-beans-6.2.2.jar!/:6.2.2]
	at org.springframework.beans.factory.support.AbstractAutowireCapableBeanFactory.initializeBean(AbstractAutowireCapableBeanFactory.java:1808) ~[spring-beans-6.2.2.jar!/:6.2.2]
	at org.springframework.beans.factory.support.AbstractAutowireCapableBeanFactory.doCreateBean(AbstractAutowireCapableBeanFactory.java:601) ~[spring-beans-6.2.2.jar!/:6.2.2]
	at org.springframework.beans.factory.support.AbstractAutowireCapableBeanFactory.createBean(AbstractAutowireCapableBeanFactory.java:523) ~[spring-beans-6.2.2.jar!/:6.2.2]
	at org.springframework.beans.factory.support.AbstractBeanFactory.lambda$doGetBean$0(AbstractBeanFactory.java:336) ~[spring-beans-6.2.2.jar!/:6.2.2]
	at org.springframework.beans.factory.support.DefaultSingletonBeanRegistry.getSingleton(DefaultSingletonBeanRegistry.java:307) ~[spring-beans-6.2.2.jar!/:6.2.2]
	at org.springframework.beans.factory.support.AbstractBeanFactory.doGetBean(AbstractBeanFactory.java:334) ~[spring-beans-6.2.2.jar!/:6.2.2]
	at org.springframework.beans.factory.support.AbstractBeanFactory.getBean(AbstractBeanFactory.java:199) ~[spring-beans-6.2.2.jar!/:6.2.2]
	at org.springframework.beans.factory.support.DefaultListableBeanFactory.doResolveDependency(DefaultListableBeanFactory.java:1573) ~[spring-beans-6.2.2.jar!/:6.2.2]
	at org.springframework.beans.factory.support.DefaultListableBeanFactory.resolveDependency(DefaultListableBeanFactory.java:1519) ~[spring-beans-6.2.2.jar!/:6.2.2]
	at org.springframework.beans.factory.support.ConstructorResolver.resolveAutowiredArgument(ConstructorResolver.java:913) ~[spring-beans-6.2.2.jar!/:6.2.2]
	at org.springframework.beans.factory.support.ConstructorResolver.createArgumentArray(ConstructorResolver.java:791) ~[spring-beans-6.2.2.jar!/:6.2.2]
	at org.springframework.beans.factory.support.ConstructorResolver.autowireConstructor(ConstructorResolver.java:240) ~[spring-beans-6.2.2.jar!/:6.2.2]
	at org.springframework.beans.factory.support.AbstractAutowireCapableBeanFactory.autowireConstructor(AbstractAutowireCapableBeanFactory.java:1381) ~[spring-beans-6.2.2.jar!/:6.2.2]
	at org.springframework.beans.factory.support.AbstractAutowireCapableBeanFactory.createBeanInstance(AbstractAutowireCapableBeanFactory.java:1218) ~[spring-beans-6.2.2.jar!/:6.2.2]
	at org.springframework.beans.factory.support.AbstractAutowireCapableBeanFactory.doCreateBean(AbstractAutowireCapableBeanFactory.java:563) ~[spring-beans-6.2.2.jar!/:6.2.2]
	at org.springframework.beans.factory.support.AbstractAutowireCapableBeanFactory.createBean(AbstractAutowireCapableBeanFactory.java:523) ~[spring-beans-6.2.2.jar!/:6.2.2]
	at org.springframework.beans.factory.support.AbstractBeanFactory.lambda$doGetBean$0(AbstractBeanFactory.java:336) ~[spring-beans-6.2.2.jar!/:6.2.2]
	at org.springframework.beans.factory.support.DefaultSingletonBeanRegistry.getSingleton(DefaultSingletonBeanRegistry.java:307) ~[spring-beans-6.2.2.jar!/:6.2.2]
	at org.springframework.beans.factory.support.AbstractBeanFactory.doGetBean(AbstractBeanFactory.java:334) ~[spring-beans-6.2.2.jar!/:6.2.2]
	at org.springframework.beans.factory.support.AbstractBeanFactory.getBean(AbstractBeanFactory.java:199) ~[spring-beans-6.2.2.jar!/:6.2.2]
	at org.springframework.beans.factory.support.DefaultListableBeanFactory.doResolveDependency(DefaultListableBeanFactory.java:1573) ~[spring-beans-6.2.2.jar!/:6.2.2]
	at org.springframework.beans.factory.support.DefaultListableBeanFactory.resolveDependency(DefaultListableBeanFactory.java:1519) ~[spring-beans-6.2.2.jar!/:6.2.2]
	at org.springframework.beans.factory.support.ConstructorResolver.resolveAutowiredArgument(ConstructorResolver.java:913) ~[spring-beans-6.2.2.jar!/:6.2.2]
	at org.springframework.beans.factory.support.ConstructorResolver.createArgumentArray(ConstructorResolver.java:791) ~[spring-beans-6.2.2.jar!/:6.2.2]
	at org.springframework.beans.factory.support.ConstructorResolver.autowireConstructor(ConstructorResolver.java:240) ~[spring-beans-6.2.2.jar!/:6.2.2]
	at org.springframework.beans.factory.support.AbstractAutowireCapableBeanFactory.autowireConstructor(AbstractAutowireCapableBeanFactory.java:1381) ~[spring-beans-6.2.2.jar!/:6.2.2]
	at org.springframework.beans.factory.support.AbstractAutowireCapableBeanFactory.createBeanInstance(AbstractAutowireCapableBeanFactory.java:1218) ~[spring-beans-6.2.2.jar!/:6.2.2]
	at org.springframework.beans.factory.support.AbstractAutowireCapableBeanFactory.doCreateBean(AbstractAutowireCapableBeanFactory.java:563) ~[spring-beans-6.2.2.jar!/:6.2.2]
	at org.springframework.beans.factory.support.AbstractAutowireCapableBeanFactory.createBean(AbstractAutowireCapableBeanFactory.java:523) ~[spring-beans-6.2.2.jar!/:6.2.2]
	at org.springframework.beans.factory.support.AbstractBeanFactory.lambda$doGetBean$0(AbstractBeanFactory.java:336) ~[spring-beans-6.2.2.jar!/:6.2.2]
	at org.springframework.beans.factory.support.DefaultSingletonBeanRegistry.getSingleton(DefaultSingletonBeanRegistry.java:307) ~[spring-beans-6.2.2.jar!/:6.2.2]
	at org.springframework.beans.factory.support.AbstractBeanFactory.doGetBean(AbstractBeanFactory.java:334) ~[spring-beans-6.2.2.jar!/:6.2.2]
	at org.springframework.beans.factory.support.AbstractBeanFactory.getBean(AbstractBeanFactory.java:199) ~[spring-beans-6.2.2.jar!/:6.2.2]
	at org.springframework.beans.factory.support.DefaultListableBeanFactory.instantiateSingleton(DefaultListableBeanFactory.java:1122) ~[spring-beans-6.2.2.jar!/:6.2.2]
	at org.springframework.beans.factory.support.DefaultListableBeanFactory.preInstantiateSingleton(DefaultListableBeanFactory.java:1093) ~[spring-beans-6.2.2.jar!/:6.2.2]
	at org.springframework.beans.factory.support.DefaultListableBeanFactory.preInstantiateSingletons(DefaultListableBeanFactory.java:1030) ~[spring-beans-6.2.2.jar!/:6.2.2]
	at org.springframework.context.support.AbstractApplicationContext.finishBeanFactoryInitialization(AbstractApplicationContext.java:987) ~[spring-context-6.2.2.jar!/:6.2.2]
	at org.springframework.context.support.AbstractApplicationContext.refresh(AbstractApplicationContext.java:627) ~[spring-context-6.2.2.jar!/:6.2.2]
	at org.springframework.boot.web.servlet.context.ServletWebServerApplicationContext.refresh(ServletWebServerApplicationContext.java:146) ~[spring-boot-3.4.2.jar!/:3.4.2]
	at org.springframework.boot.SpringApplication.refresh(SpringApplication.java:752) ~[spring-boot-3.4.2.jar!/:3.4.2]
	at org.springframework.boot.SpringApplication.refreshContext(SpringApplication.java:439) ~[spring-boot-3.4.2.jar!/:3.4.2]
	at org.springframework.boot.SpringApplication.run(SpringApplication.java:318) ~[spring-boot-3.4.2.jar!/:3.4.2]
	at org.springframework.boot.SpringApplication.run(SpringApplication.java:1361) ~[spring-boot-3.4.2.jar!/:3.4.2]
	at org.springframework.boot.SpringApplication.run(SpringApplication.java:1350) ~[spring-boot-3.4.2.jar!/:3.4.2]
	at com.gomin_jungdok.gdgoc.GdgocApplication.main(GdgocApplication.java:10) ~[!/:0.0.1-SNAPSHOT]
	at java.base/jdk.internal.reflect.NativeMethodAccessorImpl.invoke0(Native Method) ~[na:na]
	at java.base/jdk.internal.reflect.NativeMethodAccessorImpl.invoke(NativeMethodAccessorImpl.java:77) ~[na:na]
	at java.base/jdk.internal.reflect.DelegatingMethodAccessorImpl.invoke(DelegatingMethodAccessorImpl.java:43) ~[na:na]
	at java.base/java.lang.reflect.Method.invoke(Method.java:569) ~[na:na]
	at org.springframework.boot.loader.launch.Launcher.launch(Launcher.java:102) ~[gdgoc-0.0.1-SNAPSHOT.jar:0.0.1-SNAPSHOT]
	at org.springframework.boot.loader.launch.Launcher.launch(Launcher.java:64) ~[gdgoc-0.0.1-SNAPSHOT.jar:0.0.1-SNAPSHOT]
	at org.springframework.boot.loader.launch.JarLauncher.main(JarLauncher.java:40) ~[gdgoc-0.0.1-SNAPSHOT.jar:0.0.1-SNAPSHOT]

2025-03-26T15:29:14.903Z DEBUG 835411 --- [gdgoc] [           main] cResourceLocalTransactionCoordinatorImpl : JDBC transaction marked for rollback-only (exception provided for stack trace)

java.lang.Exception: exception just for purpose of providing stack trace
	at org.hibernate.resource.transaction.backend.jdbc.internal.JdbcResourceLocalTransactionCoordinatorImpl$TransactionDriverControlImpl.markRollbackOnly(JdbcResourceLocalTransactionCoordinatorImpl.java:309) ~[hibernate-core-6.6.5.Final.jar!/:6.6.5.Final]
	at org.hibernate.internal.AbstractSharedSessionContract.buildNamedQuery(AbstractSharedSessionContract.java:1141) ~[hibernate-core-6.6.5.Final.jar!/:6.6.5.Final]
	at org.hibernate.internal.AbstractSharedSessionContract.createNamedQuery(AbstractSharedSessionContract.java:1019) ~[hibernate-core-6.6.5.Final.jar!/:6.6.5.Final]
	at org.hibernate.internal.AbstractSharedSessionContract.createNamedQuery(AbstractSharedSessionContract.java:143) ~[hibernate-core-6.6.5.Final.jar!/:6.6.5.Final]
	at jdk.internal.reflect.GeneratedMethodAccessor27.invoke(Unknown Source) ~[na:na]
	at java.base/jdk.internal.reflect.DelegatingMethodAccessorImpl.invoke(DelegatingMethodAccessorImpl.java:43) ~[na:na]
	at java.base/java.lang.reflect.Method.invoke(Method.java:569) ~[na:na]
	at org.springframework.orm.jpa.ExtendedEntityManagerCreator$ExtendedEntityManagerInvocationHandler.invoke(ExtendedEntityManagerCreator.java:364) ~[spring-orm-6.2.2.jar!/:6.2.2]
	at jdk.proxy2/jdk.proxy2.$Proxy134.createNamedQuery(Unknown Source) ~[na:na]
	at org.springframework.data.jpa.repository.query.NamedQuery.hasNamedQuery(NamedQuery.java:114) ~[spring-data-jpa-3.4.2.jar!/:3.4.2]
	at org.springframework.data.jpa.repository.query.NamedQuery.lookupFrom(NamedQuery.java:140) ~[spring-data-jpa-3.4.2.jar!/:3.4.2]
	at org.springframework.data.jpa.repository.query.JpaQueryLookupStrategy$DeclaredQueryLookupStrategy.resolveQuery(JpaQueryLookupStrategy.java:184) ~[spring-data-jpa-3.4.2.jar!/:3.4.2]
	at org.springframework.data.jpa.repository.query.JpaQueryLookupStrategy$CreateIfNotFoundQueryLookupStrategy.resolveQuery(JpaQueryLookupStrategy.java:256) ~[spring-data-jpa-3.4.2.jar!/:3.4.2]
	at org.springframework.data.jpa.repository.query.JpaQueryLookupStrategy$AbstractQueryLookupStrategy.resolveQuery(JpaQueryLookupStrategy.java:99) ~[spring-data-jpa-3.4.2.jar!/:3.4.2]
	at org.springframework.data.repository.core.support.QueryExecutorMethodInterceptor.lookupQuery(QueryExecutorMethodInterceptor.java:116) ~[spring-data-commons-3.4.2.jar!/:3.4.2]
	at org.springframework.data.repository.core.support.QueryExecutorMethodInterceptor.mapMethodsToQuery(QueryExecutorMethodInterceptor.java:104) ~[spring-data-commons-3.4.2.jar!/:3.4.2]
	at org.springframework.data.repository.core.support.QueryExecutorMethodInterceptor.lambda$new$0(QueryExecutorMethodInterceptor.java:92) ~[spring-data-commons-3.4.2.jar!/:3.4.2]
	at java.base/java.util.Optional.map(Optional.java:260) ~[na:na]
	at org.springframework.data.repository.core.support.QueryExecutorMethodInterceptor.<init>(QueryExecutorMethodInterceptor.java:92) ~[spring-data-commons-3.4.2.jar!/:3.4.2]
	at org.springframework.data.repository.core.support.RepositoryFactorySupport.getRepository(RepositoryFactorySupport.java:440) ~[spring-data-commons-3.4.2.jar!/:3.4.2]
	at org.springframework.data.repository.core.support.RepositoryFactoryBeanSupport.lambda$afterPropertiesSet$4(RepositoryFactoryBeanSupport.java:350) ~[spring-data-commons-3.4.2.jar!/:3.4.2]
	at org.springframework.data.util.Lazy.getNullable(Lazy.java:135) ~[spring-data-commons-3.4.2.jar!/:3.4.2]
	at org.springframework.data.util.Lazy.get(Lazy.java:113) ~[spring-data-commons-3.4.2.jar!/:3.4.2]
	at org.springframework.data.repository.core.support.RepositoryFactoryBeanSupport.afterPropertiesSet(RepositoryFactoryBeanSupport.java:356) ~[spring-data-commons-3.4.2.jar!/:3.4.2]
	at org.springframework.data.jpa.repository.support.JpaRepositoryFactoryBean.afterPropertiesSet(JpaRepositoryFactoryBean.java:132) ~[spring-data-jpa-3.4.2.jar!/:3.4.2]
	at org.springframework.beans.factory.support.AbstractAutowireCapableBeanFactory.invokeInitMethods(AbstractAutowireCapableBeanFactory.java:1859) ~[spring-beans-6.2.2.jar!/:6.2.2]
	at org.springframework.beans.factory.support.AbstractAutowireCapableBeanFactory.initializeBean(AbstractAutowireCapableBeanFactory.java:1808) ~[spring-beans-6.2.2.jar!/:6.2.2]
	at org.springframework.beans.factory.support.AbstractAutowireCapableBeanFactory.doCreateBean(AbstractAutowireCapableBeanFactory.java:601) ~[spring-beans-6.2.2.jar!/:6.2.2]
	at org.springframework.beans.factory.support.AbstractAutowireCapableBeanFactory.createBean(AbstractAutowireCapableBeanFactory.java:523) ~[spring-beans-6.2.2.jar!/:6.2.2]
	at org.springframework.beans.factory.support.AbstractBeanFactory.lambda$doGetBean$0(AbstractBeanFactory.java:336) ~[spring-beans-6.2.2.jar!/:6.2.2]
	at org.springframework.beans.factory.support.DefaultSingletonBeanRegistry.getSingleton(DefaultSingletonBeanRegistry.java:307) ~[spring-beans-6.2.2.jar!/:6.2.2]
	at org.springframework.beans.factory.support.AbstractBeanFactory.doGetBean(AbstractBeanFactory.java:334) ~[spring-beans-6.2.2.jar!/:6.2.2]
	at org.springframework.beans.factory.support.AbstractBeanFactory.getBean(AbstractBeanFactory.java:199) ~[spring-beans-6.2.2.jar!/:6.2.2]
	at org.springframework.beans.factory.support.DefaultListableBeanFactory.doResolveDependency(DefaultListableBeanFactory.java:1573) ~[spring-beans-6.2.2.jar!/:6.2.2]
	at org.springframework.beans.factory.support.DefaultListableBeanFactory.resolveDependency(DefaultListableBeanFactory.java:1519) ~[spring-beans-6.2.2.jar!/:6.2.2]
	at org.springframework.beans.factory.support.ConstructorResolver.resolveAutowiredArgument(ConstructorResolver.java:913) ~[spring-beans-6.2.2.jar!/:6.2.2]
	at org.springframework.beans.factory.support.ConstructorResolver.createArgumentArray(ConstructorResolver.java:791) ~[spring-beans-6.2.2.jar!/:6.2.2]
	at org.springframework.beans.factory.support.ConstructorResolver.autowireConstructor(ConstructorResolver.java:240) ~[spring-beans-6.2.2.jar!/:6.2.2]
	at org.springframework.beans.factory.support.AbstractAutowireCapableBeanFactory.autowireConstructor(AbstractAutowireCapableBeanFactory.java:1381) ~[spring-beans-6.2.2.jar!/:6.2.2]
	at org.springframework.beans.factory.support.AbstractAutowireCapableBeanFactory.createBeanInstance(AbstractAutowireCapableBeanFactory.java:1218) ~[spring-beans-6.2.2.jar!/:6.2.2]
	at org.springframework.beans.factory.support.AbstractAutowireCapableBeanFactory.doCreateBean(AbstractAutowireCapableBeanFactory.java:563) ~[spring-beans-6.2.2.jar!/:6.2.2]
	at org.springframework.beans.factory.support.AbstractAutowireCapableBeanFactory.createBean(AbstractAutowireCapableBeanFactory.java:523) ~[spring-beans-6.2.2.jar!/:6.2.2]
	at org.springframework.beans.factory.support.AbstractBeanFactory.lambda$doGetBean$0(AbstractBeanFactory.java:336) ~[spring-beans-6.2.2.jar!/:6.2.2]
	at org.springframework.beans.factory.support.DefaultSingletonBeanRegistry.getSingleton(DefaultSingletonBeanRegistry.java:307) ~[spring-beans-6.2.2.jar!/:6.2.2]
	at org.springframework.beans.factory.support.AbstractBeanFactory.doGetBean(AbstractBeanFactory.java:334) ~[spring-beans-6.2.2.jar!/:6.2.2]
	at org.springframework.beans.factory.support.AbstractBeanFactory.getBean(AbstractBeanFactory.java:199) ~[spring-beans-6.2.2.jar!/:6.2.2]
	at org.springframework.beans.factory.support.DefaultListableBeanFactory.doResolveDependency(DefaultListableBeanFactory.java:1573) ~[spring-beans-6.2.2.jar!/:6.2.2]
	at org.springframework.beans.factory.support.DefaultListableBeanFactory.resolveDependency(DefaultListableBeanFactory.java:1519) ~[spring-beans-6.2.2.jar!/:6.2.2]
	at org.springframework.beans.factory.support.ConstructorResolver.resolveAutowiredArgument(ConstructorResolver.java:913) ~[spring-beans-6.2.2.jar!/:6.2.2]
	at org.springframework.beans.factory.support.ConstructorResolver.createArgumentArray(ConstructorResolver.java:791) ~[spring-beans-6.2.2.jar!/:6.2.2]
	at org.springframework.beans.factory.support.ConstructorResolver.autowireConstructor(ConstructorResolver.java:240) ~[spring-beans-6.2.2.jar!/:6.2.2]
	at org.springframework.beans.factory.support.AbstractAutowireCapableBeanFactory.autowireConstructor(AbstractAutowireCapableBeanFactory.java:1381) ~[spring-beans-6.2.2.jar!/:6.2.2]
	at org.springframework.beans.factory.support.AbstractAutowireCapableBeanFactory.createBeanInstance(AbstractAutowireCapableBeanFactory.java:1218) ~[spring-beans-6.2.2.jar!/:6.2.2]
	at org.springframework.beans.factory.support.AbstractAutowireCapableBeanFactory.doCreateBean(AbstractAutowireCapableBeanFactory.java:563) ~[spring-beans-6.2.2.jar!/:6.2.2]
	at org.springframework.beans.factory.support.AbstractAutowireCapableBeanFactory.createBean(AbstractAutowireCapableBeanFactory.java:523) ~[spring-beans-6.2.2.jar!/:6.2.2]
	at org.springframework.beans.factory.support.AbstractBeanFactory.lambda$doGetBean$0(AbstractBeanFactory.java:336) ~[spring-beans-6.2.2.jar!/:6.2.2]
	at org.springframework.beans.factory.support.DefaultSingletonBeanRegistry.getSingleton(DefaultSingletonBeanRegistry.java:307) ~[spring-beans-6.2.2.jar!/:6.2.2]
	at org.springframework.beans.factory.support.AbstractBeanFactory.doGetBean(AbstractBeanFactory.java:334) ~[spring-beans-6.2.2.jar!/:6.2.2]
	at org.springframework.beans.factory.support.AbstractBeanFactory.getBean(AbstractBeanFactory.java:199) ~[spring-beans-6.2.2.jar!/:6.2.2]
	at org.springframework.beans.factory.support.DefaultListableBeanFactory.doResolveDependency(DefaultListableBeanFactory.java:1573) ~[spring-beans-6.2.2.jar!/:6.2.2]
	at org.springframework.beans.factory.support.DefaultListableBeanFactory.resolveDependency(DefaultListableBeanFactory.java:1519) ~[spring-beans-6.2.2.jar!/:6.2.2]
	at org.springframework.beans.factory.support.ConstructorResolver.resolveAutowiredArgument(ConstructorResolver.java:913) ~[spring-beans-6.2.2.jar!/:6.2.2]
	at org.springframework.beans.factory.support.ConstructorResolver.createArgumentArray(ConstructorResolver.java:791) ~[spring-beans-6.2.2.jar!/:6.2.2]
	at org.springframework.beans.factory.support.ConstructorResolver.autowireConstructor(ConstructorResolver.java:240) ~[spring-beans-6.2.2.jar!/:6.2.2]
	at org.springframework.beans.factory.support.AbstractAutowireCapableBeanFactory.autowireConstructor(AbstractAutowireCapableBeanFactory.java:1381) ~[spring-beans-6.2.2.jar!/:6.2.2]
	at org.springframework.beans.factory.support.AbstractAutowireCapableBeanFactory.createBeanInstance(AbstractAutowireCapableBeanFactory.java:1218) ~[spring-beans-6.2.2.jar!/:6.2.2]
	at org.springframework.beans.factory.support.AbstractAutowireCapableBeanFactory.doCreateBean(AbstractAutowireCapableBeanFactory.java:563) ~[spring-beans-6.2.2.jar!/:6.2.2]
	at org.springframework.beans.factory.support.AbstractAutowireCapableBeanFactory.createBean(AbstractAutowireCapableBeanFactory.java:523) ~[spring-beans-6.2.2.jar!/:6.2.2]
	at org.springframework.beans.factory.support.AbstractBeanFactory.lambda$doGetBean$0(AbstractBeanFactory.java:336) ~[spring-beans-6.2.2.jar!/:6.2.2]
	at org.springframework.beans.factory.support.DefaultSingletonBeanRegistry.getSingleton(DefaultSingletonBeanRegistry.java:307) ~[spring-beans-6.2.2.jar!/:6.2.2]
	at org.springframework.beans.factory.support.AbstractBeanFactory.doGetBean(AbstractBeanFactory.java:334) ~[spring-beans-6.2.2.jar!/:6.2.2]
	at org.springframework.beans.factory.support.AbstractBeanFactory.getBean(AbstractBeanFactory.java:199) ~[spring-beans-6.2.2.jar!/:6.2.2]
	at org.springframework.beans.factory.support.DefaultListableBeanFactory.instantiateSingleton(DefaultListableBeanFactory.java:1122) ~[spring-beans-6.2.2.jar!/:6.2.2]
	at org.springframework.beans.factory.support.DefaultListableBeanFactory.preInstantiateSingleton(DefaultListableBeanFactory.java:1093) ~[spring-beans-6.2.2.jar!/:6.2.2]
	at org.springframework.beans.factory.support.DefaultListableBeanFactory.preInstantiateSingletons(DefaultListableBeanFactory.java:1030) ~[spring-beans-6.2.2.jar!/:6.2.2]
	at org.springframework.context.support.AbstractApplicationContext.finishBeanFactoryInitialization(AbstractApplicationContext.java:987) ~[spring-context-6.2.2.jar!/:6.2.2]
	at org.springframework.context.support.AbstractApplicationContext.refresh(AbstractApplicationContext.java:627) ~[spring-context-6.2.2.jar!/:6.2.2]
	at org.springframework.boot.web.servlet.context.ServletWebServerApplicationContext.refresh(ServletWebServerApplicationContext.java:146) ~[spring-boot-3.4.2.jar!/:3.4.2]
	at org.springframework.boot.SpringApplication.refresh(SpringApplication.java:752) ~[spring-boot-3.4.2.jar!/:3.4.2]
	at org.springframework.boot.SpringApplication.refreshContext(SpringApplication.java:439) ~[spring-boot-3.4.2.jar!/:3.4.2]
	at org.springframework.boot.SpringApplication.run(SpringApplication.java:318) ~[spring-boot-3.4.2.jar!/:3.4.2]
	at org.springframework.boot.SpringApplication.run(SpringApplication.java:1361) ~[spring-boot-3.4.2.jar!/:3.4.2]
	at org.springframework.boot.SpringApplication.run(SpringApplication.java:1350) ~[spring-boot-3.4.2.jar!/:3.4.2]
	at com.gomin_jungdok.gdgoc.GdgocApplication.main(GdgocApplication.java:10) ~[!/:0.0.1-SNAPSHOT]
	at java.base/jdk.internal.reflect.NativeMethodAccessorImpl.invoke0(Native Method) ~[na:na]
	at java.base/jdk.internal.reflect.NativeMethodAccessorImpl.invoke(NativeMethodAccessorImpl.java:77) ~[na:na]
	at java.base/jdk.internal.reflect.DelegatingMethodAccessorImpl.invoke(DelegatingMethodAccessorImpl.java:43) ~[na:na]
	at java.base/java.lang.reflect.Method.invoke(Method.java:569) ~[na:na]
	at org.springframework.boot.loader.launch.Launcher.launch(Launcher.java:102) ~[gdgoc-0.0.1-SNAPSHOT.jar:0.0.1-SNAPSHOT]
	at org.springframework.boot.loader.launch.Launcher.launch(Launcher.java:64) ~[gdgoc-0.0.1-SNAPSHOT.jar:0.0.1-SNAPSHOT]
	at org.springframework.boot.loader.launch.JarLauncher.main(JarLauncher.java:40) ~[gdgoc-0.0.1-SNAPSHOT.jar:0.0.1-SNAPSHOT]

2025-03-26T15:29:14.908Z DEBUG 835411 --- [gdgoc] [           main] cResourceLocalTransactionCoordinatorImpl : JDBC transaction marked for rollback-only (exception provided for stack trace)

java.lang.Exception: exception just for purpose of providing stack trace
	at org.hibernate.resource.transaction.backend.jdbc.internal.JdbcResourceLocalTransactionCoordinatorImpl$TransactionDriverControlImpl.markRollbackOnly(JdbcResourceLocalTransactionCoordinatorImpl.java:309) ~[hibernate-core-6.6.5.Final.jar!/:6.6.5.Final]
	at org.hibernate.internal.AbstractSharedSessionContract.buildNamedQuery(AbstractSharedSessionContract.java:1141) ~[hibernate-core-6.6.5.Final.jar!/:6.6.5.Final]
	at org.hibernate.internal.AbstractSharedSessionContract.createNamedQuery(AbstractSharedSessionContract.java:1019) ~[hibernate-core-6.6.5.Final.jar!/:6.6.5.Final]
	at org.hibernate.internal.AbstractSharedSessionContract.createNamedQuery(AbstractSharedSessionContract.java:143) ~[hibernate-core-6.6.5.Final.jar!/:6.6.5.Final]
	at jdk.internal.reflect.GeneratedMethodAccessor27.invoke(Unknown Source) ~[na:na]
	at java.base/jdk.internal.reflect.DelegatingMethodAccessorImpl.invoke(DelegatingMethodAccessorImpl.java:43) ~[na:na]
	at java.base/java.lang.reflect.Method.invoke(Method.java:569) ~[na:na]
	at org.springframework.orm.jpa.ExtendedEntityManagerCreator$ExtendedEntityManagerInvocationHandler.invoke(ExtendedEntityManagerCreator.java:364) ~[spring-orm-6.2.2.jar!/:6.2.2]
	at jdk.proxy2/jdk.proxy2.$Proxy134.createNamedQuery(Unknown Source) ~[na:na]
	at org.springframework.data.jpa.repository.query.NamedQuery.hasNamedQuery(NamedQuery.java:114) ~[spring-data-jpa-3.4.2.jar!/:3.4.2]
	at org.springframework.data.jpa.repository.query.NamedQuery.lookupFrom(NamedQuery.java:140) ~[spring-data-jpa-3.4.2.jar!/:3.4.2]
	at org.springframework.data.jpa.repository.query.JpaQueryLookupStrategy$DeclaredQueryLookupStrategy.resolveQuery(JpaQueryLookupStrategy.java:184) ~[spring-data-jpa-3.4.2.jar!/:3.4.2]
	at org.springframework.data.jpa.repository.query.JpaQueryLookupStrategy$CreateIfNotFoundQueryLookupStrategy.resolveQuery(JpaQueryLookupStrategy.java:256) ~[spring-data-jpa-3.4.2.jar!/:3.4.2]
	at org.springframework.data.jpa.repository.query.JpaQueryLookupStrategy$AbstractQueryLookupStrategy.resolveQuery(JpaQueryLookupStrategy.java:99) ~[spring-data-jpa-3.4.2.jar!/:3.4.2]
	at org.springframework.data.repository.core.support.QueryExecutorMethodInterceptor.lookupQuery(QueryExecutorMethodInterceptor.java:116) ~[spring-data-commons-3.4.2.jar!/:3.4.2]
	at org.springframework.data.repository.core.support.QueryExecutorMethodInterceptor.mapMethodsToQuery(QueryExecutorMethodInterceptor.java:104) ~[spring-data-commons-3.4.2.jar!/:3.4.2]
	at org.springframework.data.repository.core.support.QueryExecutorMethodInterceptor.lambda$new$0(QueryExecutorMethodInterceptor.java:92) ~[spring-data-commons-3.4.2.jar!/:3.4.2]
	at java.base/java.util.Optional.map(Optional.java:260) ~[na:na]
	at org.springframework.data.repository.core.support.QueryExecutorMethodInterceptor.<init>(QueryExecutorMethodInterceptor.java:92) ~[spring-data-commons-3.4.2.jar!/:3.4.2]
	at org.springframework.data.repository.core.support.RepositoryFactorySupport.getRepository(RepositoryFactorySupport.java:440) ~[spring-data-commons-3.4.2.jar!/:3.4.2]
	at org.springframework.data.repository.core.support.RepositoryFactoryBeanSupport.lambda$afterPropertiesSet$4(RepositoryFactoryBeanSupport.java:350) ~[spring-data-commons-3.4.2.jar!/:3.4.2]
	at org.springframework.data.util.Lazy.getNullable(Lazy.java:135) ~[spring-data-commons-3.4.2.jar!/:3.4.2]
	at org.springframework.data.util.Lazy.get(Lazy.java:113) ~[spring-data-commons-3.4.2.jar!/:3.4.2]
	at org.springframework.data.repository.core.support.RepositoryFactoryBeanSupport.afterPropertiesSet(RepositoryFactoryBeanSupport.java:356) ~[spring-data-commons-3.4.2.jar!/:3.4.2]
	at org.springframework.data.jpa.repository.support.JpaRepositoryFactoryBean.afterPropertiesSet(JpaRepositoryFactoryBean.java:132) ~[spring-data-jpa-3.4.2.jar!/:3.4.2]
	at org.springframework.beans.factory.support.AbstractAutowireCapableBeanFactory.invokeInitMethods(AbstractAutowireCapableBeanFactory.java:1859) ~[spring-beans-6.2.2.jar!/:6.2.2]
	at org.springframework.beans.factory.support.AbstractAutowireCapableBeanFactory.initializeBean(AbstractAutowireCapableBeanFactory.java:1808) ~[spring-beans-6.2.2.jar!/:6.2.2]
	at org.springframework.beans.factory.support.AbstractAutowireCapableBeanFactory.doCreateBean(AbstractAutowireCapableBeanFactory.java:601) ~[spring-beans-6.2.2.jar!/:6.2.2]
	at org.springframework.beans.factory.support.AbstractAutowireCapableBeanFactory.createBean(AbstractAutowireCapableBeanFactory.java:523) ~[spring-beans-6.2.2.jar!/:6.2.2]
	at org.springframework.beans.factory.support.AbstractBeanFactory.lambda$doGetBean$0(AbstractBeanFactory.java:336) ~[spring-beans-6.2.2.jar!/:6.2.2]
	at org.springframework.beans.factory.support.DefaultSingletonBeanRegistry.getSingleton(DefaultSingletonBeanRegistry.java:307) ~[spring-beans-6.2.2.jar!/:6.2.2]
	at org.springframework.beans.factory.support.AbstractBeanFactory.doGetBean(AbstractBeanFactory.java:334) ~[spring-beans-6.2.2.jar!/:6.2.2]
	at org.springframework.beans.factory.support.AbstractBeanFactory.getBean(AbstractBeanFactory.java:199) ~[spring-beans-6.2.2.jar!/:6.2.2]
	at org.springframework.beans.factory.support.DefaultListableBeanFactory.doResolveDependency(DefaultListableBeanFactory.java:1573) ~[spring-beans-6.2.2.jar!/:6.2.2]
	at org.springframework.beans.factory.support.DefaultListableBeanFactory.resolveDependency(DefaultListableBeanFactory.java:1519) ~[spring-beans-6.2.2.jar!/:6.2.2]
	at org.springframework.beans.factory.support.ConstructorResolver.resolveAutowiredArgument(ConstructorResolver.java:913) ~[spring-beans-6.2.2.jar!/:6.2.2]
	at org.springframework.beans.factory.support.ConstructorResolver.createArgumentArray(ConstructorResolver.java:791) ~[spring-beans-6.2.2.jar!/:6.2.2]
	at org.springframework.beans.factory.support.ConstructorResolver.autowireConstructor(ConstructorResolver.java:240) ~[spring-beans-6.2.2.jar!/:6.2.2]
	at org.springframework.beans.factory.support.AbstractAutowireCapableBeanFactory.autowireConstructor(AbstractAutowireCapableBeanFactory.java:1381) ~[spring-beans-6.2.2.jar!/:6.2.2]
	at org.springframework.beans.factory.support.AbstractAutowireCapableBeanFactory.createBeanInstance(AbstractAutowireCapableBeanFactory.java:1218) ~[spring-beans-6.2.2.jar!/:6.2.2]
	at org.springframework.beans.factory.support.AbstractAutowireCapableBeanFactory.doCreateBean(AbstractAutowireCapableBeanFactory.java:563) ~[spring-beans-6.2.2.jar!/:6.2.2]
	at org.springframework.beans.factory.support.AbstractAutowireCapableBeanFactory.createBean(AbstractAutowireCapableBeanFactory.java:523) ~[spring-beans-6.2.2.jar!/:6.2.2]
	at org.springframework.beans.factory.support.AbstractBeanFactory.lambda$doGetBean$0(AbstractBeanFactory.java:336) ~[spring-beans-6.2.2.jar!/:6.2.2]
	at org.springframework.beans.factory.support.DefaultSingletonBeanRegistry.getSingleton(DefaultSingletonBeanRegistry.java:307) ~[spring-beans-6.2.2.jar!/:6.2.2]
	at org.springframework.beans.factory.support.AbstractBeanFactory.doGetBean(AbstractBeanFactory.java:334) ~[spring-beans-6.2.2.jar!/:6.2.2]
	at org.springframework.beans.factory.support.AbstractBeanFactory.getBean(AbstractBeanFactory.java:199) ~[spring-beans-6.2.2.jar!/:6.2.2]
	at org.springframework.beans.factory.support.DefaultListableBeanFactory.doResolveDependency(DefaultListableBeanFactory.java:1573) ~[spring-beans-6.2.2.jar!/:6.2.2]
	at org.springframework.beans.factory.support.DefaultListableBeanFactory.resolveDependency(DefaultListableBeanFactory.java:1519) ~[spring-beans-6.2.2.jar!/:6.2.2]
	at org.springframework.beans.factory.support.ConstructorResolver.resolveAutowiredArgument(ConstructorResolver.java:913) ~[spring-beans-6.2.2.jar!/:6.2.2]
	at org.springframework.beans.factory.support.ConstructorResolver.createArgumentArray(ConstructorResolver.java:791) ~[spring-beans-6.2.2.jar!/:6.2.2]
	at org.springframework.beans.factory.support.ConstructorResolver.autowireConstructor(ConstructorResolver.java:240) ~[spring-beans-6.2.2.jar!/:6.2.2]
	at org.springframework.beans.factory.support.AbstractAutowireCapableBeanFactory.autowireConstructor(AbstractAutowireCapableBeanFactory.java:1381) ~[spring-beans-6.2.2.jar!/:6.2.2]
	at org.springframework.beans.factory.support.AbstractAutowireCapableBeanFactory.createBeanInstance(AbstractAutowireCapableBeanFactory.java:1218) ~[spring-beans-6.2.2.jar!/:6.2.2]
	at org.springframework.beans.factory.support.AbstractAutowireCapableBeanFactory.doCreateBean(AbstractAutowireCapableBeanFactory.java:563) ~[spring-beans-6.2.2.jar!/:6.2.2]
	at org.springframework.beans.factory.support.AbstractAutowireCapableBeanFactory.createBean(AbstractAutowireCapableBeanFactory.java:523) ~[spring-beans-6.2.2.jar!/:6.2.2]
	at org.springframework.beans.factory.support.AbstractBeanFactory.lambda$doGetBean$0(AbstractBeanFactory.java:336) ~[spring-beans-6.2.2.jar!/:6.2.2]
	at org.springframework.beans.factory.support.DefaultSingletonBeanRegistry.getSingleton(DefaultSingletonBeanRegistry.java:307) ~[spring-beans-6.2.2.jar!/:6.2.2]
	at org.springframework.beans.factory.support.AbstractBeanFactory.doGetBean(AbstractBeanFactory.java:334) ~[spring-beans-6.2.2.jar!/:6.2.2]
	at org.springframework.beans.factory.support.AbstractBeanFactory.getBean(AbstractBeanFactory.java:199) ~[spring-beans-6.2.2.jar!/:6.2.2]
	at org.springframework.beans.factory.support.DefaultListableBeanFactory.doResolveDependency(DefaultListableBeanFactory.java:1573) ~[spring-beans-6.2.2.jar!/:6.2.2]
	at org.springframework.beans.factory.support.DefaultListableBeanFactory.resolveDependency(DefaultListableBeanFactory.java:1519) ~[spring-beans-6.2.2.jar!/:6.2.2]
	at org.springframework.beans.factory.support.ConstructorResolver.resolveAutowiredArgument(ConstructorResolver.java:913) ~[spring-beans-6.2.2.jar!/:6.2.2]
	at org.springframework.beans.factory.support.ConstructorResolver.createArgumentArray(ConstructorResolver.java:791) ~[spring-beans-6.2.2.jar!/:6.2.2]
	at org.springframework.beans.factory.support.ConstructorResolver.autowireConstructor(ConstructorResolver.java:240) ~[spring-beans-6.2.2.jar!/:6.2.2]
	at org.springframework.beans.factory.support.AbstractAutowireCapableBeanFactory.autowireConstructor(AbstractAutowireCapableBeanFactory.java:1381) ~[spring-beans-6.2.2.jar!/:6.2.2]
	at org.springframework.beans.factory.support.AbstractAutowireCapableBeanFactory.createBeanInstance(AbstractAutowireCapableBeanFactory.java:1218) ~[spring-beans-6.2.2.jar!/:6.2.2]
	at org.springframework.beans.factory.support.AbstractAutowireCapableBeanFactory.doCreateBean(AbstractAutowireCapableBeanFactory.java:563) ~[spring-beans-6.2.2.jar!/:6.2.2]
	at org.springframework.beans.factory.support.AbstractAutowireCapableBeanFactory.createBean(AbstractAutowireCapableBeanFactory.java:523) ~[spring-beans-6.2.2.jar!/:6.2.2]
	at org.springframework.beans.factory.support.AbstractBeanFactory.lambda$doGetBean$0(AbstractBeanFactory.java:336) ~[spring-beans-6.2.2.jar!/:6.2.2]
	at org.springframework.beans.factory.support.DefaultSingletonBeanRegistry.getSingleton(DefaultSingletonBeanRegistry.java:307) ~[spring-beans-6.2.2.jar!/:6.2.2]
	at org.springframework.beans.factory.support.AbstractBeanFactory.doGetBean(AbstractBeanFactory.java:334) ~[spring-beans-6.2.2.jar!/:6.2.2]
	at org.springframework.beans.factory.support.AbstractBeanFactory.getBean(AbstractBeanFactory.java:199) ~[spring-beans-6.2.2.jar!/:6.2.2]
	at org.springframework.beans.factory.support.DefaultListableBeanFactory.instantiateSingleton(DefaultListableBeanFactory.java:1122) ~[spring-beans-6.2.2.jar!/:6.2.2]
	at org.springframework.beans.factory.support.DefaultListableBeanFactory.preInstantiateSingleton(DefaultListableBeanFactory.java:1093) ~[spring-beans-6.2.2.jar!/:6.2.2]
	at org.springframework.beans.factory.support.DefaultListableBeanFactory.preInstantiateSingletons(DefaultListableBeanFactory.java:1030) ~[spring-beans-6.2.2.jar!/:6.2.2]
	at org.springframework.context.support.AbstractApplicationContext.finishBeanFactoryInitialization(AbstractApplicationContext.java:987) ~[spring-context-6.2.2.jar!/:6.2.2]
	at org.springframework.context.support.AbstractApplicationContext.refresh(AbstractApplicationContext.java:627) ~[spring-context-6.2.2.jar!/:6.2.2]
	at org.springframework.boot.web.servlet.context.ServletWebServerApplicationContext.refresh(ServletWebServerApplicationContext.java:146) ~[spring-boot-3.4.2.jar!/:3.4.2]
	at org.springframework.boot.SpringApplication.refresh(SpringApplication.java:752) ~[spring-boot-3.4.2.jar!/:3.4.2]
	at org.springframework.boot.SpringApplication.refreshContext(SpringApplication.java:439) ~[spring-boot-3.4.2.jar!/:3.4.2]
	at org.springframework.boot.SpringApplication.run(SpringApplication.java:318) ~[spring-boot-3.4.2.jar!/:3.4.2]
	at org.springframework.boot.SpringApplication.run(SpringApplication.java:1361) ~[spring-boot-3.4.2.jar!/:3.4.2]
	at org.springframework.boot.SpringApplication.run(SpringApplication.java:1350) ~[spring-boot-3.4.2.jar!/:3.4.2]
	at com.gomin_jungdok.gdgoc.GdgocApplication.main(GdgocApplication.java:10) ~[!/:0.0.1-SNAPSHOT]
	at java.base/jdk.internal.reflect.NativeMethodAccessorImpl.invoke0(Native Method) ~[na:na]
	at java.base/jdk.internal.reflect.NativeMethodAccessorImpl.invoke(NativeMethodAccessorImpl.java:77) ~[na:na]
	at java.base/jdk.internal.reflect.DelegatingMethodAccessorImpl.invoke(DelegatingMethodAccessorImpl.java:43) ~[na:na]
	at java.base/java.lang.reflect.Method.invoke(Method.java:569) ~[na:na]
	at org.springframework.boot.loader.launch.Launcher.launch(Launcher.java:102) ~[gdgoc-0.0.1-SNAPSHOT.jar:0.0.1-SNAPSHOT]
	at org.springframework.boot.loader.launch.Launcher.launch(Launcher.java:64) ~[gdgoc-0.0.1-SNAPSHOT.jar:0.0.1-SNAPSHOT]
	at org.springframework.boot.loader.launch.JarLauncher.main(JarLauncher.java:40) ~[gdgoc-0.0.1-SNAPSHOT.jar:0.0.1-SNAPSHOT]

2025-03-26T15:29:15.590Z  WARN 835411 --- [gdgoc] [           main] JpaBaseConfiguration$JpaWebConfiguration : spring.jpa.open-in-view is enabled by default. Therefore, database queries may be performed during view rendering. Explicitly configure spring.jpa.open-in-view to disable this warning
2025-03-26T15:29:16.439Z DEBUG 835411 --- [gdgoc] [           main] .h.v.m.ResourceBundleMessageInterpolator : Loaded expression factory via original TCCL
2025-03-26T15:29:16.444Z DEBUG 835411 --- [gdgoc] [           main] o.h.v.i.e.AbstractConfigurationImpl      : Setting custom MessageInterpolator of type org.springframework.validation.beanvalidation.LocaleContextMessageInterpolator
2025-03-26T15:29:16.445Z DEBUG 835411 --- [gdgoc] [           main] o.h.v.i.e.AbstractConfigurationImpl      : Setting custom ConstraintValidatorFactory of type org.springframework.validation.beanvalidation.SpringConstraintValidatorFactory
2025-03-26T15:29:16.449Z DEBUG 835411 --- [gdgoc] [           main] o.h.v.i.xml.config.ValidationXmlParser   : Trying to load META-INF/validation.xml for XML based Validator configuration.
2025-03-26T15:29:16.450Z DEBUG 835411 --- [gdgoc] [           main] o.h.v.i.xml.config.ResourceLoaderHelper  : Trying to load META-INF/validation.xml via user class loader
2025-03-26T15:29:16.500Z DEBUG 835411 --- [gdgoc] [           main] o.h.v.i.xml.config.ResourceLoaderHelper  : Trying to load META-INF/validation.xml via TCCL
2025-03-26T15:29:16.501Z DEBUG 835411 --- [gdgoc] [           main] o.h.v.i.xml.config.ResourceLoaderHelper  : Trying to load META-INF/validation.xml via Hibernate Validator's class loader
2025-03-26T15:29:16.502Z DEBUG 835411 --- [gdgoc] [           main] o.h.v.i.xml.config.ValidationXmlParser   : No META-INF/validation.xml found. Using annotation based configuration only.
2025-03-26T15:29:16.502Z DEBUG 835411 --- [gdgoc] [           main] o.h.v.i.e.resolver.TraversableResolvers  : Found jakarta.persistence.Persistence on classpath containing 'getPersistenceUtil'. Assuming JPA 2 environment. Trying to instantiate JPA aware TraversableResolver
2025-03-26T15:29:16.503Z DEBUG 835411 --- [gdgoc] [           main] o.h.v.i.e.resolver.TraversableResolvers  : Instantiated JPA aware TraversableResolver of type org.hibernate.validator.internal.engine.resolver.JPATraversableResolver.
2025-03-26T15:29:16.508Z DEBUG 835411 --- [gdgoc] [           main] .i.e.ValidatorFactoryConfigurationHelper : HV000252: Using org.hibernate.validator.internal.engine.DefaultPropertyNodeNameProvider as property node name provider.
2025-03-26T15:29:16.509Z DEBUG 835411 --- [gdgoc] [           main] .i.e.ValidatorFactoryConfigurationHelper : HV000234: Using org.springframework.validation.beanvalidation.LocaleContextMessageInterpolator as ValidatorFactory-scoped message interpolator.
2025-03-26T15:29:16.509Z DEBUG 835411 --- [gdgoc] [           main] .i.e.ValidatorFactoryConfigurationHelper : HV000234: Using org.hibernate.validator.internal.engine.resolver.JPATraversableResolver as ValidatorFactory-scoped traversable resolver.
2025-03-26T15:29:16.509Z DEBUG 835411 --- [gdgoc] [           main] .i.e.ValidatorFactoryConfigurationHelper : HV000234: Using org.hibernate.validator.internal.util.ExecutableParameterNameProvider as ValidatorFactory-scoped parameter name provider.
2025-03-26T15:29:16.509Z DEBUG 835411 --- [gdgoc] [           main] .i.e.ValidatorFactoryConfigurationHelper : HV000234: Using org.hibernate.validator.internal.engine.DefaultClockProvider as ValidatorFactory-scoped clock provider.
2025-03-26T15:29:16.509Z DEBUG 835411 --- [gdgoc] [           main] .i.e.ValidatorFactoryConfigurationHelper : HV000234: Using org.hibernate.validator.internal.engine.scripting.DefaultScriptEvaluatorFactory as ValidatorFactory-scoped script evaluator factory.
2025-03-26T15:29:17.288Z  WARN 835411 --- [gdgoc] [           main] ConfigServletWebServerApplicationContext : Exception encountered during context initialization - cancelling refresh attempt: org.springframework.context.ApplicationContextException: Failed to start bean 'webServerStartStop'
2025-03-26T15:29:17.300Z  INFO 835411 --- [gdgoc] [           main] j.LocalContainerEntityManagerFactoryBean : Closing JPA EntityManagerFactory for persistence unit 'default'
2025-03-26T15:29:17.301Z DEBUG 835411 --- [gdgoc] [           main] o.hibernate.internal.SessionFactoryImpl  : HHH000031: Closing
2025-03-26T15:29:17.302Z DEBUG 835411 --- [gdgoc] [           main] o.h.type.spi.TypeConfiguration$Scope     : Un-scoping TypeConfiguration [org.hibernate.type.spi.TypeConfiguration$Scope@53a1baf5] from SessionFactory [org.hibernate.internal.SessionFactoryImpl@3f2a7ca0]
2025-03-26T15:29:17.302Z DEBUG 835411 --- [gdgoc] [           main] o.h.s.i.AbstractServiceRegistryImpl      : Implicitly destroying ServiceRegistry on de-registration of all child ServiceRegistries
2025-03-26T15:29:17.305Z DEBUG 835411 --- [gdgoc] [           main] o.h.b.r.i.BootstrapServiceRegistryImpl   : Implicitly destroying Boot-strap registry on de-registration of all child ServiceRegistries
2025-03-26T15:29:17.307Z  INFO 835411 --- [gdgoc] [           main] com.zaxxer.hikari.HikariDataSource       : HikariPool-1 - Shutdown initiated...
2025-03-26T15:29:17.318Z  INFO 835411 --- [gdgoc] [           main] com.zaxxer.hikari.HikariDataSource       : HikariPool-1 - Shutdown completed.
2025-03-26T15:29:17.344Z  INFO 835411 --- [gdgoc] [           main] .s.b.a.l.ConditionEvaluationReportLogger : 

Error starting ApplicationContext. To display the condition evaluation report re-run your application with 'debug' enabled.
2025-03-26T15:29:17.383Z ERROR 835411 --- [gdgoc] [           main] o.s.b.d.LoggingFailureAnalysisReporter   : 

***************************
APPLICATION FAILED TO START
***************************

Description:

Web server failed to start. Port 8081 was already in use.

Action:

Identify and stop the process that's listening on port 8081 or configure this application to listen on another port.

