nohup: ignoring input
Standard Commons Logging discovery in action with spring-jcl: please remove commons-logging.jar from classpath in order to avoid potential conflicts

  .   ____          _            __ _ _
 /\\ / ___'_ __ _ _(_)_ __  __ _ \ \ \ \
( ( )\___ | '_ | '_| | '_ \/ _` | \ \ \ \
 \\/  ___)| |_)| | | | | || (_| |  ) ) ) )
  '  |____| .__|_| |_|_| |_\__, | / / / /
 =========|_|==============|___/=/_/_/_/

 :: Spring Boot ::                (v3.4.2)

2025-03-27T03:32:18.089Z DEBUG 845597 --- [gdgoc] [kground-preinit] o.h.v.i.xml.config.ValidationXmlParser   : Trying to load META-INF/validation.xml for XML based Validator configuration.
2025-03-27T03:32:18.108Z DEBUG 845597 --- [gdgoc] [kground-preinit] o.h.v.i.xml.config.ResourceLoaderHelper  : Trying to load META-INF/validation.xml via TCCL
2025-03-27T03:32:18.119Z DEBUG 845597 --- [gdgoc] [kground-preinit] o.h.v.i.xml.config.ResourceLoaderHelper  : Trying to load META-INF/validation.xml via Hibernate Validator's class loader
2025-03-27T03:32:18.121Z DEBUG 845597 --- [gdgoc] [kground-preinit] o.h.v.i.xml.config.ValidationXmlParser   : No META-INF/validation.xml found. Using annotation based configuration only.
2025-03-27T03:32:18.162Z DEBUG 845597 --- [gdgoc] [kground-preinit] o.h.v.i.e.resolver.TraversableResolvers  : Found jakarta.persistence.Persistence on classpath containing 'getPersistenceUtil'. Assuming JPA 2 environment. Trying to instantiate JPA aware TraversableResolver
2025-03-27T03:32:18.165Z DEBUG 845597 --- [gdgoc] [kground-preinit] o.h.v.i.e.resolver.TraversableResolvers  : Instantiated JPA aware TraversableResolver of type org.hibernate.validator.internal.engine.resolver.JPATraversableResolver.
2025-03-27T03:32:18.237Z DEBUG 845597 --- [gdgoc] [kground-preinit] .h.v.m.ResourceBundleMessageInterpolator : Loaded expression factory via original TCCL
2025-03-27T03:32:18.345Z  INFO 845597 --- [gdgoc] [           main] c.gomin_jungdok.gdgoc.GdgocApplication   : Starting GdgocApplication v0.0.1-SNAPSHOT using Java 17.0.14 with PID 845597 (/home/jjwon0407/gomin_jungdok_test_server/backend/build/libs/gdgoc-0.0.1-SNAPSHOT.jar started by jjwon0407 in /home/jjwon0407/gomin_jungdok_test_server/backend)
2025-03-27T03:32:18.347Z  INFO 845597 --- [gdgoc] [           main] c.gomin_jungdok.gdgoc.GdgocApplication   : No active profile set, falling back to 1 default profile: "default"
2025-03-27T03:32:18.660Z DEBUG 845597 --- [gdgoc] [kground-preinit] .i.e.ValidatorFactoryConfigurationHelper : HV000252: Using org.hibernate.validator.internal.engine.DefaultPropertyNodeNameProvider as property node name provider.
2025-03-27T03:32:18.688Z DEBUG 845597 --- [gdgoc] [kground-preinit] .i.e.ValidatorFactoryConfigurationHelper : HV000234: Using org.hibernate.validator.messageinterpolation.ResourceBundleMessageInterpolator as ValidatorFactory-scoped message interpolator.
2025-03-27T03:32:18.689Z DEBUG 845597 --- [gdgoc] [kground-preinit] .i.e.ValidatorFactoryConfigurationHelper : HV000234: Using org.hibernate.validator.internal.engine.resolver.JPATraversableResolver as ValidatorFactory-scoped traversable resolver.
2025-03-27T03:32:18.689Z DEBUG 845597 --- [gdgoc] [kground-preinit] .i.e.ValidatorFactoryConfigurationHelper : HV000234: Using org.hibernate.validator.internal.util.ExecutableParameterNameProvider as ValidatorFactory-scoped parameter name provider.
2025-03-27T03:32:18.690Z DEBUG 845597 --- [gdgoc] [kground-preinit] .i.e.ValidatorFactoryConfigurationHelper : HV000234: Using org.hibernate.validator.internal.engine.DefaultClockProvider as ValidatorFactory-scoped clock provider.
2025-03-27T03:32:18.691Z DEBUG 845597 --- [gdgoc] [kground-preinit] .i.e.ValidatorFactoryConfigurationHelper : HV000234: Using org.hibernate.validator.internal.engine.scripting.DefaultScriptEvaluatorFactory as ValidatorFactory-scoped script evaluator factory.
2025-03-27T03:32:21.916Z  INFO 845597 --- [gdgoc] [           main] .s.d.r.c.RepositoryConfigurationDelegate : Bootstrapping Spring Data JPA repositories in DEFAULT mode.
2025-03-27T03:32:22.161Z  INFO 845597 --- [gdgoc] [           main] .s.d.r.c.RepositoryConfigurationDelegate : Finished Spring Data repository scanning in 222 ms. Found 7 JPA repository interfaces.
2025-03-27T03:32:23.727Z  INFO 845597 --- [gdgoc] [           main] o.s.b.w.embedded.tomcat.TomcatWebServer  : Tomcat initialized with port 8080 (http)
2025-03-27T03:32:23.800Z  INFO 845597 --- [gdgoc] [           main] o.apache.catalina.core.StandardService   : Starting service [Tomcat]
2025-03-27T03:32:23.801Z  INFO 845597 --- [gdgoc] [           main] o.apache.catalina.core.StandardEngine    : Starting Servlet engine: [Apache Tomcat/10.1.34]
2025-03-27T03:32:23.906Z  INFO 845597 --- [gdgoc] [           main] o.a.c.c.C.[Tomcat].[localhost].[/]       : Initializing Spring embedded WebApplicationContext
2025-03-27T03:32:23.909Z  INFO 845597 --- [gdgoc] [           main] w.s.c.ServletWebServerApplicationContext : Root WebApplicationContext: initialization completed in 5286 ms
Standard Commons Logging discovery in action with spring-jcl: please remove commons-logging.jar from classpath in order to avoid potential conflicts
2025-03-27T03:32:24.302Z DEBUG 845597 --- [gdgoc] [           main] o.hibernate.jpa.internal.util.LogHelper  : PersistenceUnitInfo [
	name: default
	persistence provider classname: null
	classloader: TomcatEmbeddedWebappClassLoader
  context: ROOT
  delegate: true
----------> Parent Classloader:
org.springframework.boot.loader.launch.LaunchedClassLoader@279f2327

	excludeUnlistedClasses: true
	JTA datasource: null
	Non JTA datasource: HikariDataSource (null)
	Transaction type: RESOURCE_LOCAL
	PU root URL: nested:/home/jjwon0407/gomin_jungdok_test_server/backend/build/libs/gdgoc-0.0.1-SNAPSHOT.jar/!BOOT-INF/classes/
	Shared Cache Mode: UNSPECIFIED
	Validation Mode: AUTO
	Jar files URLs []
	Managed classes names [
		com.gomin_jungdok.gdgoc.comment.Comment
		com.gomin_jungdok.gdgoc.post.Post
		com.gomin_jungdok.gdgoc.post.post_image.PostImage
		com.gomin_jungdok.gdgoc.user.User
		com.gomin_jungdok.gdgoc.vote.Vote
		com.gomin_jungdok.gdgoc.vote_option.VoteOption]
	Mapping files names []
	Properties []
2025-03-27T03:32:24.328Z DEBUG 845597 --- [gdgoc] [           main] o.h.i.internal.IntegratorServiceImpl     : Adding Integrator [org.hibernate.boot.beanvalidation.BeanValidationIntegrator].
2025-03-27T03:32:24.334Z DEBUG 845597 --- [gdgoc] [           main] o.h.i.internal.IntegratorServiceImpl     : Adding Integrator [org.hibernate.cache.internal.CollectionCacheInvalidator].
2025-03-27T03:32:24.493Z  INFO 845597 --- [gdgoc] [           main] org.hibernate.Version                    : HHH000412: Hibernate ORM core version 6.6.5.Final
2025-03-27T03:32:24.499Z DEBUG 845597 --- [gdgoc] [           main] org.hibernate.cfg.Environment            : HHH000206: 'hibernate.properties' not found
2025-03-27T03:32:24.550Z DEBUG 845597 --- [gdgoc] [           main] org.hibernate.orm.idgen.factory          : Registering IdentifierGenerator strategy [uuid2] -> [org.hibernate.id.UUIDGenerator]
2025-03-27T03:32:24.551Z DEBUG 845597 --- [gdgoc] [           main] org.hibernate.orm.idgen.factory          : Registering IdentifierGenerator strategy [guid] -> [org.hibernate.id.GUIDGenerator]
2025-03-27T03:32:24.553Z DEBUG 845597 --- [gdgoc] [           main] org.hibernate.orm.idgen.factory          : Registering IdentifierGenerator strategy [uuid] -> [org.hibernate.id.UUIDHexGenerator]
2025-03-27T03:32:24.553Z DEBUG 845597 --- [gdgoc] [           main] org.hibernate.orm.idgen.factory          : Registering IdentifierGenerator strategy [uuid.hex] -> [org.hibernate.id.UUIDHexGenerator]
2025-03-27T03:32:24.554Z DEBUG 845597 --- [gdgoc] [           main] org.hibernate.orm.idgen.factory          : Registering IdentifierGenerator strategy [assigned] -> [org.hibernate.id.Assigned]
2025-03-27T03:32:24.556Z DEBUG 845597 --- [gdgoc] [           main] org.hibernate.orm.idgen.factory          : Registering IdentifierGenerator strategy [identity] -> [org.hibernate.id.IdentityGenerator]
2025-03-27T03:32:24.557Z DEBUG 845597 --- [gdgoc] [           main] org.hibernate.orm.idgen.factory          : Registering IdentifierGenerator strategy [select] -> [org.hibernate.id.SelectGenerator]
2025-03-27T03:32:24.560Z DEBUG 845597 --- [gdgoc] [           main] org.hibernate.orm.idgen.factory          : Registering IdentifierGenerator strategy [sequence] -> [org.hibernate.id.enhanced.SequenceStyleGenerator]
2025-03-27T03:32:24.561Z DEBUG 845597 --- [gdgoc] [           main] org.hibernate.orm.idgen.factory          : Registering IdentifierGenerator strategy [increment] -> [org.hibernate.id.IncrementGenerator]
2025-03-27T03:32:24.562Z DEBUG 845597 --- [gdgoc] [           main] org.hibernate.orm.idgen.factory          : Registering IdentifierGenerator strategy [foreign] -> [org.hibernate.id.ForeignGenerator]
2025-03-27T03:32:24.562Z DEBUG 845597 --- [gdgoc] [           main] org.hibernate.orm.idgen.factory          : Registering IdentifierGenerator strategy [enhanced-sequence] -> [org.hibernate.id.enhanced.SequenceStyleGenerator]
2025-03-27T03:32:24.564Z DEBUG 845597 --- [gdgoc] [           main] org.hibernate.orm.idgen.factory          : Registering IdentifierGenerator strategy [enhanced-table] -> [org.hibernate.id.enhanced.TableGenerator]
2025-03-27T03:32:24.577Z DEBUG 845597 --- [gdgoc] [           main] o.h.c.internal.RegionFactoryInitiator    : Cannot default RegionFactory based on registered strategies as `[]` RegionFactory strategies were registered
2025-03-27T03:32:24.579Z  INFO 845597 --- [gdgoc] [           main] o.h.c.internal.RegionFactoryInitiator    : HHH000026: Second-level cache disabled
2025-03-27T03:32:24.810Z DEBUG 845597 --- [gdgoc] [           main] org.hibernate.type.BasicTypeRegistry     : Adding type registration boolean -> org.hibernate.type.BasicTypeReference@781654f8
2025-03-27T03:32:24.811Z DEBUG 845597 --- [gdgoc] [           main] org.hibernate.type.BasicTypeRegistry     : Adding type registration boolean -> org.hibernate.type.BasicTypeReference@781654f8
2025-03-27T03:32:24.811Z DEBUG 845597 --- [gdgoc] [           main] org.hibernate.type.BasicTypeRegistry     : Adding type registration java.lang.Boolean -> org.hibernate.type.BasicTypeReference@781654f8
2025-03-27T03:32:24.812Z DEBUG 845597 --- [gdgoc] [           main] org.hibernate.type.BasicTypeRegistry     : Adding type registration numeric_boolean -> org.hibernate.type.BasicTypeReference@2abc55c4
2025-03-27T03:32:24.812Z DEBUG 845597 --- [gdgoc] [           main] org.hibernate.type.BasicTypeRegistry     : Adding type registration org.hibernate.type.NumericBooleanConverter -> org.hibernate.type.BasicTypeReference@2abc55c4
2025-03-27T03:32:24.813Z DEBUG 845597 --- [gdgoc] [           main] org.hibernate.type.BasicTypeRegistry     : Adding type registration true_false -> org.hibernate.type.BasicTypeReference@4e958f08
2025-03-27T03:32:24.813Z DEBUG 845597 --- [gdgoc] [           main] org.hibernate.type.BasicTypeRegistry     : Adding type registration org.hibernate.type.TrueFalseConverter -> org.hibernate.type.BasicTypeReference@4e958f08
2025-03-27T03:32:24.814Z DEBUG 845597 --- [gdgoc] [           main] org.hibernate.type.BasicTypeRegistry     : Adding type registration yes_no -> org.hibernate.type.BasicTypeReference@71c0b742
2025-03-27T03:32:24.814Z DEBUG 845597 --- [gdgoc] [           main] org.hibernate.type.BasicTypeRegistry     : Adding type registration org.hibernate.type.YesNoConverter -> org.hibernate.type.BasicTypeReference@71c0b742
2025-03-27T03:32:24.815Z DEBUG 845597 --- [gdgoc] [           main] org.hibernate.type.BasicTypeRegistry     : Adding type registration byte -> org.hibernate.type.BasicTypeReference@3bbb8c16
2025-03-27T03:32:24.815Z DEBUG 845597 --- [gdgoc] [           main] org.hibernate.type.BasicTypeRegistry     : Adding type registration byte -> org.hibernate.type.BasicTypeReference@3bbb8c16
2025-03-27T03:32:24.815Z DEBUG 845597 --- [gdgoc] [           main] org.hibernate.type.BasicTypeRegistry     : Adding type registration java.lang.Byte -> org.hibernate.type.BasicTypeReference@3bbb8c16
2025-03-27T03:32:24.816Z DEBUG 845597 --- [gdgoc] [           main] org.hibernate.type.BasicTypeRegistry     : Adding type registration binary -> org.hibernate.type.BasicTypeReference@73e1ecd0
2025-03-27T03:32:24.816Z DEBUG 845597 --- [gdgoc] [           main] org.hibernate.type.BasicTypeRegistry     : Adding type registration byte[] -> org.hibernate.type.BasicTypeReference@73e1ecd0
2025-03-27T03:32:24.817Z DEBUG 845597 --- [gdgoc] [           main] org.hibernate.type.BasicTypeRegistry     : Adding type registration [B -> org.hibernate.type.BasicTypeReference@73e1ecd0
2025-03-27T03:32:24.817Z DEBUG 845597 --- [gdgoc] [           main] org.hibernate.type.BasicTypeRegistry     : Adding type registration binary_wrapper -> org.hibernate.type.BasicTypeReference@11eec06b
2025-03-27T03:32:24.818Z DEBUG 845597 --- [gdgoc] [           main] org.hibernate.type.BasicTypeRegistry     : Adding type registration wrapper-binary -> org.hibernate.type.BasicTypeReference@11eec06b
2025-03-27T03:32:24.818Z DEBUG 845597 --- [gdgoc] [           main] org.hibernate.type.BasicTypeRegistry     : Adding type registration image -> org.hibernate.type.BasicTypeReference@65600fb3
2025-03-27T03:32:24.818Z DEBUG 845597 --- [gdgoc] [           main] org.hibernate.type.BasicTypeRegistry     : Adding type registration blob -> org.hibernate.type.BasicTypeReference@25ce435
2025-03-27T03:32:24.819Z DEBUG 845597 --- [gdgoc] [           main] org.hibernate.type.BasicTypeRegistry     : Adding type registration java.sql.Blob -> org.hibernate.type.BasicTypeReference@25ce435
2025-03-27T03:32:24.819Z DEBUG 845597 --- [gdgoc] [           main] org.hibernate.type.BasicTypeRegistry     : Adding type registration materialized_blob -> org.hibernate.type.BasicTypeReference@7ea71fc2
2025-03-27T03:32:24.820Z DEBUG 845597 --- [gdgoc] [           main] org.hibernate.type.BasicTypeRegistry     : Adding type registration materialized_blob_wrapper -> org.hibernate.type.BasicTypeReference@19ad75e5
2025-03-27T03:32:24.820Z DEBUG 845597 --- [gdgoc] [           main] org.hibernate.type.BasicTypeRegistry     : Adding type registration short -> org.hibernate.type.BasicTypeReference@7cd5fcf4
2025-03-27T03:32:24.821Z DEBUG 845597 --- [gdgoc] [           main] org.hibernate.type.BasicTypeRegistry     : Adding type registration short -> org.hibernate.type.BasicTypeReference@7cd5fcf4
2025-03-27T03:32:24.821Z DEBUG 845597 --- [gdgoc] [           main] org.hibernate.type.BasicTypeRegistry     : Adding type registration java.lang.Short -> org.hibernate.type.BasicTypeReference@7cd5fcf4
2025-03-27T03:32:24.821Z DEBUG 845597 --- [gdgoc] [           main] org.hibernate.type.BasicTypeRegistry     : Adding type registration integer -> org.hibernate.type.BasicTypeReference@19cdc217
2025-03-27T03:32:24.822Z DEBUG 845597 --- [gdgoc] [           main] org.hibernate.type.BasicTypeRegistry     : Adding type registration int -> org.hibernate.type.BasicTypeReference@19cdc217
2025-03-27T03:32:24.822Z DEBUG 845597 --- [gdgoc] [           main] org.hibernate.type.BasicTypeRegistry     : Adding type registration java.lang.Integer -> org.hibernate.type.BasicTypeReference@19cdc217
2025-03-27T03:32:24.823Z DEBUG 845597 --- [gdgoc] [           main] org.hibernate.type.BasicTypeRegistry     : Adding type registration long -> org.hibernate.type.BasicTypeReference@5f5297e3
2025-03-27T03:32:24.823Z DEBUG 845597 --- [gdgoc] [           main] org.hibernate.type.BasicTypeRegistry     : Adding type registration long -> org.hibernate.type.BasicTypeReference@5f5297e3
2025-03-27T03:32:24.824Z DEBUG 845597 --- [gdgoc] [           main] org.hibernate.type.BasicTypeRegistry     : Adding type registration java.lang.Long -> org.hibernate.type.BasicTypeReference@5f5297e3
2025-03-27T03:32:24.824Z DEBUG 845597 --- [gdgoc] [           main] org.hibernate.type.BasicTypeRegistry     : Adding type registration float -> org.hibernate.type.BasicTypeReference@2d22d3b1
2025-03-27T03:32:24.825Z DEBUG 845597 --- [gdgoc] [           main] org.hibernate.type.BasicTypeRegistry     : Adding type registration float -> org.hibernate.type.BasicTypeReference@2d22d3b1
2025-03-27T03:32:24.825Z DEBUG 845597 --- [gdgoc] [           main] org.hibernate.type.BasicTypeRegistry     : Adding type registration java.lang.Float -> org.hibernate.type.BasicTypeReference@2d22d3b1
2025-03-27T03:32:24.825Z DEBUG 845597 --- [gdgoc] [           main] org.hibernate.type.BasicTypeRegistry     : Adding type registration double -> org.hibernate.type.BasicTypeReference@7ec3a8bd
2025-03-27T03:32:24.826Z DEBUG 845597 --- [gdgoc] [           main] org.hibernate.type.BasicTypeRegistry     : Adding type registration double -> org.hibernate.type.BasicTypeReference@7ec3a8bd
2025-03-27T03:32:24.826Z DEBUG 845597 --- [gdgoc] [           main] org.hibernate.type.BasicTypeRegistry     : Adding type registration java.lang.Double -> org.hibernate.type.BasicTypeReference@7ec3a8bd
2025-03-27T03:32:24.827Z DEBUG 845597 --- [gdgoc] [           main] org.hibernate.type.BasicTypeRegistry     : Adding type registration big_integer -> org.hibernate.type.BasicTypeReference@9690008
2025-03-27T03:32:24.827Z DEBUG 845597 --- [gdgoc] [           main] org.hibernate.type.BasicTypeRegistry     : Adding type registration java.math.BigInteger -> org.hibernate.type.BasicTypeReference@9690008
2025-03-27T03:32:24.828Z DEBUG 845597 --- [gdgoc] [           main] org.hibernate.type.BasicTypeRegistry     : Adding type registration big_decimal -> org.hibernate.type.BasicTypeReference@42cf6349
2025-03-27T03:32:24.828Z DEBUG 845597 --- [gdgoc] [           main] org.hibernate.type.BasicTypeRegistry     : Adding type registration java.math.BigDecimal -> org.hibernate.type.BasicTypeReference@42cf6349
2025-03-27T03:32:24.828Z DEBUG 845597 --- [gdgoc] [           main] org.hibernate.type.BasicTypeRegistry     : Adding type registration character -> org.hibernate.type.BasicTypeReference@79cb8ffa
2025-03-27T03:32:24.829Z DEBUG 845597 --- [gdgoc] [           main] org.hibernate.type.BasicTypeRegistry     : Adding type registration char -> org.hibernate.type.BasicTypeReference@79cb8ffa
2025-03-27T03:32:24.829Z DEBUG 845597 --- [gdgoc] [           main] org.hibernate.type.BasicTypeRegistry     : Adding type registration java.lang.Character -> org.hibernate.type.BasicTypeReference@79cb8ffa
2025-03-27T03:32:24.830Z DEBUG 845597 --- [gdgoc] [           main] org.hibernate.type.BasicTypeRegistry     : Adding type registration character_nchar -> org.hibernate.type.BasicTypeReference@1a2e563e
2025-03-27T03:32:24.830Z DEBUG 845597 --- [gdgoc] [           main] org.hibernate.type.BasicTypeRegistry     : Adding type registration string -> org.hibernate.type.BasicTypeReference@5b066c33
2025-03-27T03:32:24.831Z DEBUG 845597 --- [gdgoc] [           main] org.hibernate.type.BasicTypeRegistry     : Adding type registration java.lang.String -> org.hibernate.type.BasicTypeReference@5b066c33
2025-03-27T03:32:24.831Z DEBUG 845597 --- [gdgoc] [           main] org.hibernate.type.BasicTypeRegistry     : Adding type registration nstring -> org.hibernate.type.BasicTypeReference@62ea8931
2025-03-27T03:32:24.831Z DEBUG 845597 --- [gdgoc] [           main] org.hibernate.type.BasicTypeRegistry     : Adding type registration characters -> org.hibernate.type.BasicTypeReference@47fb7ec9
2025-03-27T03:32:24.832Z DEBUG 845597 --- [gdgoc] [           main] org.hibernate.type.BasicTypeRegistry     : Adding type registration char[] -> org.hibernate.type.BasicTypeReference@47fb7ec9
2025-03-27T03:32:24.832Z DEBUG 845597 --- [gdgoc] [           main] org.hibernate.type.BasicTypeRegistry     : Adding type registration [C -> org.hibernate.type.BasicTypeReference@47fb7ec9
2025-03-27T03:32:24.833Z DEBUG 845597 --- [gdgoc] [           main] org.hibernate.type.BasicTypeRegistry     : Adding type registration wrapper-characters -> org.hibernate.type.BasicTypeReference@2f8c4fae
2025-03-27T03:32:24.833Z DEBUG 845597 --- [gdgoc] [           main] org.hibernate.type.BasicTypeRegistry     : Adding type registration text -> org.hibernate.type.BasicTypeReference@4703c998
2025-03-27T03:32:24.833Z DEBUG 845597 --- [gdgoc] [           main] org.hibernate.type.BasicTypeRegistry     : Adding type registration ntext -> org.hibernate.type.BasicTypeReference@71166348
2025-03-27T03:32:24.834Z DEBUG 845597 --- [gdgoc] [           main] org.hibernate.type.BasicTypeRegistry     : Adding type registration clob -> org.hibernate.type.BasicTypeReference@6d874695
2025-03-27T03:32:24.834Z DEBUG 845597 --- [gdgoc] [           main] org.hibernate.type.BasicTypeRegistry     : Adding type registration java.sql.Clob -> org.hibernate.type.BasicTypeReference@6d874695
2025-03-27T03:32:24.835Z DEBUG 845597 --- [gdgoc] [           main] org.hibernate.type.BasicTypeRegistry     : Adding type registration nclob -> org.hibernate.type.BasicTypeReference@20bb85b4
2025-03-27T03:32:24.835Z DEBUG 845597 --- [gdgoc] [           main] org.hibernate.type.BasicTypeRegistry     : Adding type registration java.sql.NClob -> org.hibernate.type.BasicTypeReference@20bb85b4
2025-03-27T03:32:24.835Z DEBUG 845597 --- [gdgoc] [           main] org.hibernate.type.BasicTypeRegistry     : Adding type registration materialized_clob -> org.hibernate.type.BasicTypeReference@79add732
2025-03-27T03:32:24.836Z DEBUG 845597 --- [gdgoc] [           main] org.hibernate.type.BasicTypeRegistry     : Adding type registration materialized_clob_char_array -> org.hibernate.type.BasicTypeReference@3be3e76c
2025-03-27T03:32:24.836Z DEBUG 845597 --- [gdgoc] [           main] org.hibernate.type.BasicTypeRegistry     : Adding type registration materialized_clob_character_array -> org.hibernate.type.BasicTypeReference@6c07ad6b
2025-03-27T03:32:24.837Z DEBUG 845597 --- [gdgoc] [           main] org.hibernate.type.BasicTypeRegistry     : Adding type registration materialized_nclob -> org.hibernate.type.BasicTypeReference@10ed037a
2025-03-27T03:32:24.837Z DEBUG 845597 --- [gdgoc] [           main] org.hibernate.type.BasicTypeRegistry     : Adding type registration materialized_nclob_character_array -> org.hibernate.type.BasicTypeReference@76e4212
2025-03-27T03:32:24.838Z DEBUG 845597 --- [gdgoc] [           main] org.hibernate.type.BasicTypeRegistry     : Adding type registration materialized_nclob_char_array -> org.hibernate.type.BasicTypeReference@23121d14
2025-03-27T03:32:24.838Z DEBUG 845597 --- [gdgoc] [           main] org.hibernate.type.BasicTypeRegistry     : Adding type registration Duration -> org.hibernate.type.BasicTypeReference@72af90e8
2025-03-27T03:32:24.838Z DEBUG 845597 --- [gdgoc] [           main] org.hibernate.type.BasicTypeRegistry     : Adding type registration java.time.Duration -> org.hibernate.type.BasicTypeReference@72af90e8
2025-03-27T03:32:24.839Z DEBUG 845597 --- [gdgoc] [           main] org.hibernate.type.BasicTypeRegistry     : Adding type registration LocalDateTime -> org.hibernate.type.BasicTypeReference@aa1bb14
2025-03-27T03:32:24.839Z DEBUG 845597 --- [gdgoc] [           main] org.hibernate.type.BasicTypeRegistry     : Adding type registration java.time.LocalDateTime -> org.hibernate.type.BasicTypeReference@aa1bb14
2025-03-27T03:32:24.840Z DEBUG 845597 --- [gdgoc] [           main] org.hibernate.type.BasicTypeRegistry     : Adding type registration LocalDate -> org.hibernate.type.BasicTypeReference@7faa0680
2025-03-27T03:32:24.840Z DEBUG 845597 --- [gdgoc] [           main] org.hibernate.type.BasicTypeRegistry     : Adding type registration java.time.LocalDate -> org.hibernate.type.BasicTypeReference@7faa0680
2025-03-27T03:32:24.841Z DEBUG 845597 --- [gdgoc] [           main] org.hibernate.type.BasicTypeRegistry     : Adding type registration LocalTime -> org.hibernate.type.BasicTypeReference@4c635edc
2025-03-27T03:32:24.841Z DEBUG 845597 --- [gdgoc] [           main] org.hibernate.type.BasicTypeRegistry     : Adding type registration java.time.LocalTime -> org.hibernate.type.BasicTypeReference@4c635edc
2025-03-27T03:32:24.841Z DEBUG 845597 --- [gdgoc] [           main] org.hibernate.type.BasicTypeRegistry     : Adding type registration OffsetDateTime -> org.hibernate.type.BasicTypeReference@4245bf68
2025-03-27T03:32:24.842Z DEBUG 845597 --- [gdgoc] [           main] org.hibernate.type.BasicTypeRegistry     : Adding type registration java.time.OffsetDateTime -> org.hibernate.type.BasicTypeReference@4245bf68
2025-03-27T03:32:24.842Z DEBUG 845597 --- [gdgoc] [           main] org.hibernate.type.BasicTypeRegistry     : Adding type registration OffsetDateTimeWithTimezone -> org.hibernate.type.BasicTypeReference@45bbc52f
2025-03-27T03:32:24.843Z DEBUG 845597 --- [gdgoc] [           main] org.hibernate.type.BasicTypeRegistry     : Adding type registration OffsetDateTimeWithoutTimezone -> org.hibernate.type.BasicTypeReference@6a8a551e
2025-03-27T03:32:24.843Z DEBUG 845597 --- [gdgoc] [           main] org.hibernate.type.BasicTypeRegistry     : Adding type registration OffsetTime -> org.hibernate.type.BasicTypeReference@3cc9632d
2025-03-27T03:32:24.843Z DEBUG 845597 --- [gdgoc] [           main] org.hibernate.type.BasicTypeRegistry     : Adding type registration java.time.OffsetTime -> org.hibernate.type.BasicTypeReference@3cc9632d
2025-03-27T03:32:24.844Z DEBUG 845597 --- [gdgoc] [           main] org.hibernate.type.BasicTypeRegistry     : Adding type registration OffsetTimeUtc -> org.hibernate.type.BasicTypeReference@53982523
2025-03-27T03:32:24.844Z DEBUG 845597 --- [gdgoc] [           main] org.hibernate.type.BasicTypeRegistry     : Adding type registration OffsetTimeWithTimezone -> org.hibernate.type.BasicTypeReference@489110c2
2025-03-27T03:32:24.845Z DEBUG 845597 --- [gdgoc] [           main] org.hibernate.type.BasicTypeRegistry     : Adding type registration OffsetTimeWithoutTimezone -> org.hibernate.type.BasicTypeReference@700b9e6b
2025-03-27T03:32:24.845Z DEBUG 845597 --- [gdgoc] [           main] org.hibernate.type.BasicTypeRegistry     : Adding type registration ZonedDateTime -> org.hibernate.type.BasicTypeReference@7ac5b4c
2025-03-27T03:32:24.845Z DEBUG 845597 --- [gdgoc] [           main] org.hibernate.type.BasicTypeRegistry     : Adding type registration java.time.ZonedDateTime -> org.hibernate.type.BasicTypeReference@7ac5b4c
2025-03-27T03:32:24.846Z DEBUG 845597 --- [gdgoc] [           main] org.hibernate.type.BasicTypeRegistry     : Adding type registration ZonedDateTimeWithTimezone -> org.hibernate.type.BasicTypeReference@150fc7a7
2025-03-27T03:32:24.846Z DEBUG 845597 --- [gdgoc] [           main] org.hibernate.type.BasicTypeRegistry     : Adding type registration ZonedDateTimeWithoutTimezone -> org.hibernate.type.BasicTypeReference@55d8c2c4
2025-03-27T03:32:24.847Z DEBUG 845597 --- [gdgoc] [           main] org.hibernate.type.BasicTypeRegistry     : Adding type registration date -> org.hibernate.type.BasicTypeReference@798cf6d2
2025-03-27T03:32:24.847Z DEBUG 845597 --- [gdgoc] [           main] org.hibernate.type.BasicTypeRegistry     : Adding type registration java.sql.Date -> org.hibernate.type.BasicTypeReference@798cf6d2
2025-03-27T03:32:24.847Z DEBUG 845597 --- [gdgoc] [           main] org.hibernate.type.BasicTypeRegistry     : Adding type registration time -> org.hibernate.type.BasicTypeReference@1c1fa494
2025-03-27T03:32:24.848Z DEBUG 845597 --- [gdgoc] [           main] org.hibernate.type.BasicTypeRegistry     : Adding type registration java.sql.Time -> org.hibernate.type.BasicTypeReference@1c1fa494
2025-03-27T03:32:24.848Z DEBUG 845597 --- [gdgoc] [           main] org.hibernate.type.BasicTypeRegistry     : Adding type registration timestamp -> org.hibernate.type.BasicTypeReference@77c66a4f
2025-03-27T03:32:24.849Z DEBUG 845597 --- [gdgoc] [           main] org.hibernate.type.BasicTypeRegistry     : Adding type registration java.sql.Timestamp -> org.hibernate.type.BasicTypeReference@77c66a4f
2025-03-27T03:32:24.849Z DEBUG 845597 --- [gdgoc] [           main] org.hibernate.type.BasicTypeRegistry     : Adding type registration java.util.Date -> org.hibernate.type.BasicTypeReference@77c66a4f
2025-03-27T03:32:24.849Z DEBUG 845597 --- [gdgoc] [           main] org.hibernate.type.BasicTypeRegistry     : Adding type registration calendar -> org.hibernate.type.BasicTypeReference@649b5891
2025-03-27T03:32:24.850Z DEBUG 845597 --- [gdgoc] [           main] org.hibernate.type.BasicTypeRegistry     : Adding type registration java.util.Calendar -> org.hibernate.type.BasicTypeReference@649b5891
2025-03-27T03:32:24.850Z DEBUG 845597 --- [gdgoc] [           main] org.hibernate.type.BasicTypeRegistry     : Adding type registration java.util.GregorianCalendar -> org.hibernate.type.BasicTypeReference@649b5891
2025-03-27T03:32:24.851Z DEBUG 845597 --- [gdgoc] [           main] org.hibernate.type.BasicTypeRegistry     : Adding type registration calendar_date -> org.hibernate.type.BasicTypeReference@7a3f08b6
2025-03-27T03:32:24.851Z DEBUG 845597 --- [gdgoc] [           main] org.hibernate.type.BasicTypeRegistry     : Adding type registration calendar_time -> org.hibernate.type.BasicTypeReference@1be52861
2025-03-27T03:32:24.851Z DEBUG 845597 --- [gdgoc] [           main] org.hibernate.type.BasicTypeRegistry     : Adding type registration instant -> org.hibernate.type.BasicTypeReference@5fb5ad40
2025-03-27T03:32:24.852Z DEBUG 845597 --- [gdgoc] [           main] org.hibernate.type.BasicTypeRegistry     : Adding type registration java.time.Instant -> org.hibernate.type.BasicTypeReference@5fb5ad40
2025-03-27T03:32:24.852Z DEBUG 845597 --- [gdgoc] [           main] org.hibernate.type.BasicTypeRegistry     : Adding type registration uuid -> org.hibernate.type.BasicTypeReference@615439f7
2025-03-27T03:32:24.853Z DEBUG 845597 --- [gdgoc] [           main] org.hibernate.type.BasicTypeRegistry     : Adding type registration java.util.UUID -> org.hibernate.type.BasicTypeReference@615439f7
2025-03-27T03:32:24.853Z DEBUG 845597 --- [gdgoc] [           main] org.hibernate.type.BasicTypeRegistry     : Adding type registration pg-uuid -> org.hibernate.type.BasicTypeReference@615439f7
2025-03-27T03:32:24.853Z DEBUG 845597 --- [gdgoc] [           main] org.hibernate.type.BasicTypeRegistry     : Adding type registration uuid-binary -> org.hibernate.type.BasicTypeReference@632cf7d3
2025-03-27T03:32:24.854Z DEBUG 845597 --- [gdgoc] [           main] org.hibernate.type.BasicTypeRegistry     : Adding type registration uuid-char -> org.hibernate.type.BasicTypeReference@51b87df7
2025-03-27T03:32:24.854Z DEBUG 845597 --- [gdgoc] [           main] org.hibernate.type.BasicTypeRegistry     : Adding type registration class -> org.hibernate.type.BasicTypeReference@2315052d
2025-03-27T03:32:24.855Z DEBUG 845597 --- [gdgoc] [           main] org.hibernate.type.BasicTypeRegistry     : Adding type registration java.lang.Class -> org.hibernate.type.BasicTypeReference@2315052d
2025-03-27T03:32:24.855Z DEBUG 845597 --- [gdgoc] [           main] org.hibernate.type.BasicTypeRegistry     : Adding type registration currency -> org.hibernate.type.BasicTypeReference@634e1b39
2025-03-27T03:32:24.855Z DEBUG 845597 --- [gdgoc] [           main] org.hibernate.type.BasicTypeRegistry     : Adding type registration Currency -> org.hibernate.type.BasicTypeReference@634e1b39
2025-03-27T03:32:24.856Z DEBUG 845597 --- [gdgoc] [           main] org.hibernate.type.BasicTypeRegistry     : Adding type registration java.util.Currency -> org.hibernate.type.BasicTypeReference@634e1b39
2025-03-27T03:32:24.856Z DEBUG 845597 --- [gdgoc] [           main] org.hibernate.type.BasicTypeRegistry     : Adding type registration locale -> org.hibernate.type.BasicTypeReference@67d8faec
2025-03-27T03:32:24.857Z DEBUG 845597 --- [gdgoc] [           main] org.hibernate.type.BasicTypeRegistry     : Adding type registration java.util.Locale -> org.hibernate.type.BasicTypeReference@67d8faec
2025-03-27T03:32:24.857Z DEBUG 845597 --- [gdgoc] [           main] org.hibernate.type.BasicTypeRegistry     : Adding type registration serializable -> org.hibernate.type.BasicTypeReference@751d7425
2025-03-27T03:32:24.858Z DEBUG 845597 --- [gdgoc] [           main] org.hibernate.type.BasicTypeRegistry     : Adding type registration java.io.Serializable -> org.hibernate.type.BasicTypeReference@751d7425
2025-03-27T03:32:24.858Z DEBUG 845597 --- [gdgoc] [           main] org.hibernate.type.BasicTypeRegistry     : Adding type registration timezone -> org.hibernate.type.BasicTypeReference@7eaa2bc6
2025-03-27T03:32:24.858Z DEBUG 845597 --- [gdgoc] [           main] org.hibernate.type.BasicTypeRegistry     : Adding type registration java.util.TimeZone -> org.hibernate.type.BasicTypeReference@7eaa2bc6
2025-03-27T03:32:24.859Z DEBUG 845597 --- [gdgoc] [           main] org.hibernate.type.BasicTypeRegistry     : Adding type registration ZoneOffset -> org.hibernate.type.BasicTypeReference@6dae70f9
2025-03-27T03:32:24.859Z DEBUG 845597 --- [gdgoc] [           main] org.hibernate.type.BasicTypeRegistry     : Adding type registration java.time.ZoneOffset -> org.hibernate.type.BasicTypeReference@6dae70f9
2025-03-27T03:32:24.860Z DEBUG 845597 --- [gdgoc] [           main] org.hibernate.type.BasicTypeRegistry     : Adding type registration url -> org.hibernate.type.BasicTypeReference@4d81e83a
2025-03-27T03:32:24.860Z DEBUG 845597 --- [gdgoc] [           main] org.hibernate.type.BasicTypeRegistry     : Adding type registration java.net.URL -> org.hibernate.type.BasicTypeReference@4d81e83a
2025-03-27T03:32:24.861Z DEBUG 845597 --- [gdgoc] [           main] org.hibernate.type.BasicTypeRegistry     : Adding type registration vector -> org.hibernate.type.BasicTypeReference@53a301f3
2025-03-27T03:32:24.861Z DEBUG 845597 --- [gdgoc] [           main] org.hibernate.type.BasicTypeRegistry     : Adding type registration float_vector -> org.hibernate.type.BasicTypeReference@7cf8f45a
2025-03-27T03:32:24.861Z DEBUG 845597 --- [gdgoc] [           main] org.hibernate.type.BasicTypeRegistry     : Adding type registration double_vector -> org.hibernate.type.BasicTypeReference@62cf6a84
2025-03-27T03:32:24.862Z DEBUG 845597 --- [gdgoc] [           main] org.hibernate.type.BasicTypeRegistry     : Adding type registration byte_vector -> org.hibernate.type.BasicTypeReference@204d9edf
2025-03-27T03:32:24.862Z DEBUG 845597 --- [gdgoc] [           main] org.hibernate.type.BasicTypeRegistry     : Adding type registration row_version -> org.hibernate.type.BasicTypeReference@6b2aafbc
2025-03-27T03:32:24.873Z DEBUG 845597 --- [gdgoc] [           main] org.hibernate.type.BasicTypeRegistry     : Adding type registration object -> org.hibernate.type.JavaObjectType@73e4bb60
2025-03-27T03:32:24.873Z DEBUG 845597 --- [gdgoc] [           main] org.hibernate.type.BasicTypeRegistry     : Adding type registration java.lang.Object -> org.hibernate.type.JavaObjectType@73e4bb60
2025-03-27T03:32:24.875Z DEBUG 845597 --- [gdgoc] [           main] org.hibernate.type.BasicTypeRegistry     : Adding type registration null -> org.hibernate.type.NullType@795b66d
2025-03-27T03:32:24.876Z DEBUG 845597 --- [gdgoc] [           main] org.hibernate.type.BasicTypeRegistry     : Adding type registration imm_date -> org.hibernate.type.BasicTypeReference@359ceb13
2025-03-27T03:32:24.876Z DEBUG 845597 --- [gdgoc] [           main] org.hibernate.type.BasicTypeRegistry     : Adding type registration imm_time -> org.hibernate.type.BasicTypeReference@1068176
2025-03-27T03:32:24.877Z DEBUG 845597 --- [gdgoc] [           main] org.hibernate.type.BasicTypeRegistry     : Adding type registration imm_timestamp -> org.hibernate.type.BasicTypeReference@5bf4764d
2025-03-27T03:32:24.877Z DEBUG 845597 --- [gdgoc] [           main] org.hibernate.type.BasicTypeRegistry     : Adding type registration imm_calendar -> org.hibernate.type.BasicTypeReference@71789580
2025-03-27T03:32:24.877Z DEBUG 845597 --- [gdgoc] [           main] org.hibernate.type.BasicTypeRegistry     : Adding type registration imm_calendar_date -> org.hibernate.type.BasicTypeReference@23ee2ccf
2025-03-27T03:32:24.878Z DEBUG 845597 --- [gdgoc] [           main] org.hibernate.type.BasicTypeRegistry     : Adding type registration imm_calendar_time -> org.hibernate.type.BasicTypeReference@165614f5
2025-03-27T03:32:24.878Z DEBUG 845597 --- [gdgoc] [           main] org.hibernate.type.BasicTypeRegistry     : Adding type registration imm_binary -> org.hibernate.type.BasicTypeReference@6e685e6c
2025-03-27T03:32:24.879Z DEBUG 845597 --- [gdgoc] [           main] org.hibernate.type.BasicTypeRegistry     : Adding type registration imm_serializable -> org.hibernate.type.BasicTypeReference@5b0902b4
2025-03-27T03:32:24.902Z DEBUG 845597 --- [gdgoc] [           main] o.h.boot.internal.BootstrapContextImpl   : Injecting JPA temp ClassLoader [org.springframework.instrument.classloading.SimpleThrowawayClassLoader@718989fa] into BootstrapContext; was [null]
2025-03-27T03:32:24.903Z DEBUG 845597 --- [gdgoc] [           main] o.h.boot.internal.ClassLoaderAccessImpl  : ClassLoaderAccessImpl#injectTempClassLoader(org.springframework.instrument.classloading.SimpleThrowawayClassLoader@718989fa) [was null]
2025-03-27T03:32:24.905Z DEBUG 845597 --- [gdgoc] [           main] o.h.boot.internal.BootstrapContextImpl   : Injecting ScanEnvironment [org.hibernate.jpa.boot.internal.StandardJpaScanEnvironmentImpl@1537c744] into BootstrapContext; was [null]
2025-03-27T03:32:24.905Z DEBUG 845597 --- [gdgoc] [           main] o.h.boot.internal.BootstrapContextImpl   : Injecting ScanOptions [org.hibernate.boot.archive.scan.internal.StandardScanOptions@37314843] into BootstrapContext; was [org.hibernate.boot.archive.scan.internal.StandardScanOptions@50122012]
2025-03-27T03:32:25.569Z  INFO 845597 --- [gdgoc] [           main] o.s.o.j.p.SpringPersistenceUnitInfo      : No LoadTimeWeaver setup: ignoring JPA class transformer
2025-03-27T03:32:25.571Z DEBUG 845597 --- [gdgoc] [           main] o.h.boot.internal.BootstrapContextImpl   : Injecting JPA temp ClassLoader [null] into BootstrapContext; was [org.springframework.instrument.classloading.SimpleThrowawayClassLoader@718989fa]
2025-03-27T03:32:25.572Z DEBUG 845597 --- [gdgoc] [           main] o.h.boot.internal.ClassLoaderAccessImpl  : ClassLoaderAccessImpl#injectTempClassLoader(null) [was org.springframework.instrument.classloading.SimpleThrowawayClassLoader@718989fa]
2025-03-27T03:32:25.640Z  INFO 845597 --- [gdgoc] [           main] com.zaxxer.hikari.HikariDataSource       : HikariPool-1 - Starting...
2025-03-27T03:32:26.090Z  INFO 845597 --- [gdgoc] [           main] com.zaxxer.hikari.pool.HikariPool        : HikariPool-1 - Added connection com.mysql.cj.jdbc.ConnectionImpl@7c8f047a
2025-03-27T03:32:26.095Z  INFO 845597 --- [gdgoc] [           main] com.zaxxer.hikari.HikariDataSource       : HikariPool-1 - Start completed.
2025-03-27T03:32:26.110Z DEBUG 845597 --- [gdgoc] [           main] o.h.e.j.e.i.JdbcEnvironmentInitiator     : Database ->
	   name : MySQL
	version : 8.0.41-0ubuntu0.20.04.1
	  major : 8
	  minor : 0
2025-03-27T03:32:26.113Z DEBUG 845597 --- [gdgoc] [           main] o.h.e.j.e.i.JdbcEnvironmentInitiator     : Driver ->
	   name : MySQL Connector/J
	version : mysql-connector-j-9.1.0 (Revision: cf2917ea44ae2e43a4514a33771035aa99de73bf)
	  major : 9
	  minor : 1
2025-03-27T03:32:26.114Z DEBUG 845597 --- [gdgoc] [           main] o.h.e.j.e.i.JdbcEnvironmentInitiator     : JDBC version : 4.2
2025-03-27T03:32:26.204Z  WARN 845597 --- [gdgoc] [           main] org.hibernate.orm.deprecation            : HHH90000025: MySQL8Dialect does not need to be specified explicitly using 'hibernate.dialect' (remove the property setting and it will be selected by default)
2025-03-27T03:32:26.215Z DEBUG 845597 --- [gdgoc] [           main] org.hibernate.orm.dialect                : HHH035001: Using dialect: org.hibernate.dialect.MySQL8Dialect, version: 8.0
2025-03-27T03:32:26.216Z  WARN 845597 --- [gdgoc] [           main] org.hibernate.orm.deprecation            : HHH90000026: MySQL8Dialect has been deprecated; use org.hibernate.dialect.MySQLDialect instead
2025-03-27T03:32:26.229Z DEBUG 845597 --- [gdgoc] [           main] o.h.e.j.env.spi.IdentifierHelperBuilder  : JDBC driver metadata reported database stores quoted identifiers in more than one case
2025-03-27T03:32:26.229Z DEBUG 845597 --- [gdgoc] [           main] o.h.e.j.env.spi.IdentifierHelperBuilder  : IdentifierCaseStrategy for both quoted and unquoted identifiers was set to the same strategy [MIXED]; that will likely lead to problems in schema update and validation if using quoted identifiers
2025-03-27T03:32:26.288Z  INFO 845597 --- [gdgoc] [           main] org.hibernate.orm.connections.pooling    : HHH10001005: Database info:
	Database JDBC URL [Connecting through datasource 'HikariDataSource (HikariPool-1)']
	Database driver: undefined/unknown
	Database version: 8.0
	Autocommit mode: undefined/unknown
	Isolation level: undefined/unknown
	Minimum pool size: undefined/unknown
	Maximum pool size: undefined/unknown
2025-03-27T03:32:26.307Z DEBUG 845597 --- [gdgoc] [           main] o.h.t.d.sql.spi.DdlTypeRegistry          : addDescriptor(12, org.hibernate.type.descriptor.sql.internal.CapacityDependentDdlType@2f6e92ca) replaced previous registration(org.hibernate.type.descriptor.sql.internal.CapacityDependentDdlType@380fdcf2)
2025-03-27T03:32:26.309Z DEBUG 845597 --- [gdgoc] [           main] o.h.t.d.sql.spi.DdlTypeRegistry          : addDescriptor(-9, org.hibernate.type.descriptor.sql.internal.CapacityDependentDdlType@114b203) replaced previous registration(org.hibernate.type.descriptor.sql.internal.CapacityDependentDdlType@8d810f2)
2025-03-27T03:32:26.310Z DEBUG 845597 --- [gdgoc] [           main] o.h.t.d.sql.spi.DdlTypeRegistry          : addDescriptor(-3, org.hibernate.type.descriptor.sql.internal.CapacityDependentDdlType@537b3be1) replaced previous registration(org.hibernate.type.descriptor.sql.internal.CapacityDependentDdlType@15d58530)
2025-03-27T03:32:26.311Z DEBUG 845597 --- [gdgoc] [           main] o.h.t.d.sql.spi.DdlTypeRegistry          : addDescriptor(4003, org.hibernate.type.descriptor.sql.internal.DdlTypeImpl@31f5b923) replaced previous registration(org.hibernate.type.descriptor.sql.internal.DdlTypeImpl@79e2606f)
2025-03-27T03:32:26.311Z DEBUG 845597 --- [gdgoc] [           main] o.h.t.d.sql.spi.DdlTypeRegistry          : addDescriptor(4001, org.hibernate.type.descriptor.sql.internal.DdlTypeImpl@734cf881) replaced previous registration(org.hibernate.type.descriptor.sql.internal.DdlTypeImpl@4a890fdd)
2025-03-27T03:32:26.312Z DEBUG 845597 --- [gdgoc] [           main] o.h.t.d.sql.spi.DdlTypeRegistry          : addDescriptor(4002, org.hibernate.type.descriptor.sql.internal.DdlTypeImpl@56299b0e) replaced previous registration(org.hibernate.type.descriptor.sql.internal.DdlTypeImpl@3ca278bc)
2025-03-27T03:32:26.312Z DEBUG 845597 --- [gdgoc] [           main] o.h.t.d.sql.spi.DdlTypeRegistry          : addDescriptor(2004, org.hibernate.type.descriptor.sql.internal.CapacityDependentDdlType@283e1759) replaced previous registration(org.hibernate.type.descriptor.sql.internal.DdlTypeImpl@2acb1264)
2025-03-27T03:32:26.313Z DEBUG 845597 --- [gdgoc] [           main] o.h.t.d.sql.spi.DdlTypeRegistry          : addDescriptor(2005, org.hibernate.type.descriptor.sql.internal.CapacityDependentDdlType@30a01dd8) replaced previous registration(org.hibernate.type.descriptor.sql.internal.DdlTypeImpl@1f68e4e8)
2025-03-27T03:32:26.315Z DEBUG 845597 --- [gdgoc] [           main] o.h.t.d.sql.spi.DdlTypeRegistry          : addDescriptor(2011, org.hibernate.type.descriptor.sql.internal.CapacityDependentDdlType@47b4ac83) replaced previous registration(org.hibernate.type.descriptor.sql.internal.DdlTypeImpl@351ede23)
2025-03-27T03:32:26.319Z DEBUG 845597 --- [gdgoc] [           main] o.h.t.d.jdbc.spi.JdbcTypeRegistry        : addDescriptor(NCharTypeDescriptor) replaced previous registration(CharTypeDescriptor)
2025-03-27T03:32:26.320Z DEBUG 845597 --- [gdgoc] [           main] o.h.t.d.jdbc.spi.JdbcTypeRegistry        : addDescriptor(NVarcharTypeDescriptor) replaced previous registration(VarcharTypeDescriptor)
2025-03-27T03:32:26.322Z DEBUG 845597 --- [gdgoc] [           main] o.h.t.d.jdbc.spi.JdbcTypeRegistry        : addDescriptor(LongNVarcharTypeDescriptor) replaced previous registration(LongVarcharTypeDescriptor)
2025-03-27T03:32:26.327Z DEBUG 845597 --- [gdgoc] [           main] o.h.t.d.jdbc.spi.JdbcTypeRegistry        : addDescriptor(NClobTypeDescriptor(DEFAULT)) replaced previous registration(ClobTypeDescriptor(DEFAULT))
2025-03-27T03:32:26.363Z DEBUG 845597 --- [gdgoc] [           main] org.hibernate.type.BasicTypeRegistry     : Adding type registration null -> org.hibernate.type.NullType@772f3a3f
2025-03-27T03:32:26.368Z DEBUG 845597 --- [gdgoc] [           main] org.hibernate.type.BasicTypeRegistry     : Type registration key [null] overrode previous entry : `org.hibernate.type.NullType@795b66d`
2025-03-27T03:32:26.379Z DEBUG 845597 --- [gdgoc] [           main] org.hibernate.type.BasicTypeRegistry     : Adding type registration org.hibernate.type.DurationType -> basicType@1(java.time.Duration,3015)
2025-03-27T03:32:26.388Z DEBUG 845597 --- [gdgoc] [           main] org.hibernate.type.BasicTypeRegistry     : Adding type registration Duration -> basicType@1(java.time.Duration,3015)
2025-03-27T03:32:26.388Z DEBUG 845597 --- [gdgoc] [           main] org.hibernate.type.BasicTypeRegistry     : Adding type registration java.time.Duration -> basicType@1(java.time.Duration,3015)
2025-03-27T03:32:26.396Z DEBUG 845597 --- [gdgoc] [           main] org.hibernate.type.BasicTypeRegistry     : Adding type registration org.hibernate.type.OffsetDateTimeType -> basicType@2(java.time.OffsetDateTime,3003)
2025-03-27T03:32:26.397Z DEBUG 845597 --- [gdgoc] [           main] org.hibernate.type.BasicTypeRegistry     : Adding type registration OffsetDateTime -> basicType@2(java.time.OffsetDateTime,3003)
2025-03-27T03:32:26.397Z DEBUG 845597 --- [gdgoc] [           main] org.hibernate.type.BasicTypeRegistry     : Adding type registration java.time.OffsetDateTime -> basicType@2(java.time.OffsetDateTime,3003)
2025-03-27T03:32:26.397Z DEBUG 845597 --- [gdgoc] [           main] org.hibernate.type.BasicTypeRegistry     : Adding type registration org.hibernate.type.ZonedDateTimeType -> basicType@3(java.time.ZonedDateTime,3003)
2025-03-27T03:32:26.398Z DEBUG 845597 --- [gdgoc] [           main] org.hibernate.type.BasicTypeRegistry     : Adding type registration ZonedDateTime -> basicType@3(java.time.ZonedDateTime,3003)
2025-03-27T03:32:26.398Z DEBUG 845597 --- [gdgoc] [           main] org.hibernate.type.BasicTypeRegistry     : Adding type registration java.time.ZonedDateTime -> basicType@3(java.time.ZonedDateTime,3003)
2025-03-27T03:32:26.400Z DEBUG 845597 --- [gdgoc] [           main] org.hibernate.type.BasicTypeRegistry     : Adding type registration org.hibernate.type.OffsetTimeType -> basicType@4(java.time.OffsetTime,3007)
2025-03-27T03:32:26.401Z DEBUG 845597 --- [gdgoc] [           main] org.hibernate.type.BasicTypeRegistry     : Adding type registration OffsetTime -> basicType@4(java.time.OffsetTime,3007)
2025-03-27T03:32:26.402Z DEBUG 845597 --- [gdgoc] [           main] org.hibernate.type.BasicTypeRegistry     : Adding type registration java.time.OffsetTime -> basicType@4(java.time.OffsetTime,3007)
2025-03-27T03:32:26.405Z DEBUG 845597 --- [gdgoc] [           main] o.h.type.spi.TypeConfiguration$Scope     : Scoping TypeConfiguration [org.hibernate.type.spi.TypeConfiguration@26aee0a6] to MetadataBuildingContext [org.hibernate.boot.internal.MetadataBuildingContextRootImpl@20184ade]
2025-03-27T03:32:26.509Z DEBUG 845597 --- [gdgoc] [           main] o.h.boot.model.relational.Namespace      : Created database namespace [logicalName=Name{catalog=null, schema=null}, physicalName=Name{catalog=null, schema=null}]
2025-03-27T03:32:26.628Z DEBUG 845597 --- [gdgoc] [           main] o.h.boot.model.internal.EntityBinder     : Binding entity from annotated class: com.gomin_jungdok.gdgoc.comment.Comment
2025-03-27T03:32:26.654Z DEBUG 845597 --- [gdgoc] [           main] o.h.boot.model.internal.EntityBinder     : Import with entity name Comment
2025-03-27T03:32:26.678Z DEBUG 845597 --- [gdgoc] [           main] o.h.boot.model.internal.EntityBinder     : Bind entity com.gomin_jungdok.gdgoc.comment.Comment on table comment
2025-03-27T03:32:26.728Z DEBUG 845597 --- [gdgoc] [           main] o.h.boot.model.internal.AnnotatedColumn  : Binding column: AnnotatedDiscriminatorColumn(column='DTYPE')
2025-03-27T03:32:26.823Z DEBUG 845597 --- [gdgoc] [           main] o.h.boot.model.internal.AnnotatedColumn  : Binding column: AnnotatedColumn(column='comment_id')
2025-03-27T03:32:26.833Z DEBUG 845597 --- [gdgoc] [           main] o.h.boot.internal.ClassLoaderAccessImpl  : Not known whether passed class name [com.gomin_jungdok.gdgoc.comment.Comment] is safe
2025-03-27T03:32:26.834Z DEBUG 845597 --- [gdgoc] [           main] o.h.boot.internal.ClassLoaderAccessImpl  : No temp ClassLoader provided; using live ClassLoader for loading potentially unsafe class : com.gomin_jungdok.gdgoc.comment.Comment
2025-03-27T03:32:26.847Z DEBUG 845597 --- [gdgoc] [           main] o.h.boot.model.internal.PropertyBinder   : MetadataSourceProcessor property id with lazy=false
2025-03-27T03:32:26.863Z DEBUG 845597 --- [gdgoc] [           main] o.h.b.m.internal.AbstractPropertyHolder  : Attempting to locate auto-apply AttributeConverter for property [com.gomin_jungdok.gdgoc.comment.Comment:id]
2025-03-27T03:32:26.878Z DEBUG 845597 --- [gdgoc] [           main] o.h.b.model.internal.BasicValueBinder    : building BasicValue for id
2025-03-27T03:32:26.890Z DEBUG 845597 --- [gdgoc] [           main] org.hibernate.mapping.BasicValue         : Skipping column re-registration: comment.comment_id
2025-03-27T03:32:26.892Z DEBUG 845597 --- [gdgoc] [           main] o.h.boot.model.internal.PropertyBinder   : Building property id
2025-03-27T03:32:26.906Z DEBUG 845597 --- [gdgoc] [           main] o.h.boot.model.internal.BinderHelper     : #makeIdGenerator(BasicValue([Column(comment_id)]), id, identity, , ...)
2025-03-27T03:32:26.909Z DEBUG 845597 --- [gdgoc] [           main] o.h.boot.model.internal.AnnotatedColumn  : Binding column: AnnotatedColumn(column='created_at')
2025-03-27T03:32:26.910Z DEBUG 845597 --- [gdgoc] [           main] o.h.boot.model.internal.PropertyBinder   : MetadataSourceProcessor property createdAt with lazy=false
2025-03-27T03:32:26.911Z DEBUG 845597 --- [gdgoc] [           main] o.h.b.m.internal.AbstractPropertyHolder  : Attempting to locate auto-apply AttributeConverter for property [com.gomin_jungdok.gdgoc.comment.Comment:createdAt]
2025-03-27T03:32:26.911Z DEBUG 845597 --- [gdgoc] [           main] o.h.b.model.internal.BasicValueBinder    : building BasicValue for createdAt
2025-03-27T03:32:26.912Z DEBUG 845597 --- [gdgoc] [           main] org.hibernate.mapping.BasicValue         : Skipping column re-registration: comment.created_at
2025-03-27T03:32:26.912Z DEBUG 845597 --- [gdgoc] [           main] o.h.boot.model.internal.PropertyBinder   : Building property createdAt
2025-03-27T03:32:26.913Z DEBUG 845597 --- [gdgoc] [           main] o.h.boot.model.internal.AnnotatedColumn  : Binding column: AnnotatedColumn(column='comment_desc')
2025-03-27T03:32:26.914Z DEBUG 845597 --- [gdgoc] [           main] o.h.boot.model.internal.PropertyBinder   : MetadataSourceProcessor property description with lazy=false
2025-03-27T03:32:26.914Z DEBUG 845597 --- [gdgoc] [           main] o.h.b.m.internal.AbstractPropertyHolder  : Attempting to locate auto-apply AttributeConverter for property [com.gomin_jungdok.gdgoc.comment.Comment:description]
2025-03-27T03:32:26.915Z DEBUG 845597 --- [gdgoc] [           main] o.h.b.model.internal.BasicValueBinder    : building BasicValue for description
2025-03-27T03:32:26.915Z DEBUG 845597 --- [gdgoc] [           main] org.hibernate.mapping.BasicValue         : Skipping column re-registration: comment.comment_desc
2025-03-27T03:32:26.915Z DEBUG 845597 --- [gdgoc] [           main] o.h.boot.model.internal.PropertyBinder   : Building property description
2025-03-27T03:32:26.916Z DEBUG 845597 --- [gdgoc] [           main] o.h.boot.model.internal.AnnotatedColumn  : Binding column: AnnotatedColumn(column='hierarchy')
2025-03-27T03:32:26.919Z DEBUG 845597 --- [gdgoc] [           main] o.h.boot.model.internal.PropertyBinder   : MetadataSourceProcessor property hierarchy with lazy=false
2025-03-27T03:32:26.919Z DEBUG 845597 --- [gdgoc] [           main] o.h.b.m.internal.AbstractPropertyHolder  : Attempting to locate auto-apply AttributeConverter for property [com.gomin_jungdok.gdgoc.comment.Comment:hierarchy]
2025-03-27T03:32:26.920Z DEBUG 845597 --- [gdgoc] [           main] o.h.b.model.internal.BasicValueBinder    : building BasicValue for hierarchy
2025-03-27T03:32:26.922Z DEBUG 845597 --- [gdgoc] [           main] org.hibernate.mapping.BasicValue         : Skipping column re-registration: comment.hierarchy
2025-03-27T03:32:26.923Z DEBUG 845597 --- [gdgoc] [           main] o.h.boot.model.internal.PropertyBinder   : Building property hierarchy
2025-03-27T03:32:26.930Z DEBUG 845597 --- [gdgoc] [           main] o.h.boot.model.internal.AnnotatedColumn  : Binding column: AnnotatedJoinColumn(column='parent_comment_id')
2025-03-27T03:32:26.943Z DEBUG 845597 --- [gdgoc] [           main] o.h.boot.model.internal.AnnotatedColumn  : Binding column: AnnotatedColumn()
2025-03-27T03:32:26.961Z DEBUG 845597 --- [gdgoc] [           main] o.h.boot.model.internal.PropertyBinder   : Building property parentComment
2025-03-27T03:32:26.964Z DEBUG 845597 --- [gdgoc] [           main] o.h.boot.model.internal.AnnotatedColumn  : Binding column: AnnotatedJoinColumn(column='post_id')
2025-03-27T03:32:26.965Z DEBUG 845597 --- [gdgoc] [           main] o.h.boot.model.internal.AnnotatedColumn  : Binding column: AnnotatedColumn()
2025-03-27T03:32:26.965Z DEBUG 845597 --- [gdgoc] [           main] o.h.boot.model.internal.PropertyBinder   : Building property post
2025-03-27T03:32:26.966Z DEBUG 845597 --- [gdgoc] [           main] o.h.boot.model.internal.AnnotatedColumn  : Binding column: AnnotatedJoinColumn(column='user_id')
2025-03-27T03:32:26.966Z DEBUG 845597 --- [gdgoc] [           main] o.h.boot.model.internal.AnnotatedColumn  : Binding column: AnnotatedColumn()
2025-03-27T03:32:26.968Z DEBUG 845597 --- [gdgoc] [           main] o.h.boot.model.internal.PropertyBinder   : Building property user
2025-03-27T03:32:26.977Z DEBUG 845597 --- [gdgoc] [           main] o.h.b.r.c.i.ClassLoaderServiceImpl       : HHH000194: Package not found or no package-info.java: com.gomin_jungdok.gdgoc.comment
2025-03-27T03:32:27.005Z DEBUG 845597 --- [gdgoc] [           main] o.h.boot.model.internal.EntityBinder     : Binding entity from annotated class: com.gomin_jungdok.gdgoc.post.Post
2025-03-27T03:32:27.008Z DEBUG 845597 --- [gdgoc] [           main] o.h.boot.model.internal.EntityBinder     : Import with entity name Post
2025-03-27T03:32:27.008Z DEBUG 845597 --- [gdgoc] [           main] o.h.boot.model.internal.EntityBinder     : Bind entity com.gomin_jungdok.gdgoc.post.Post on table post
2025-03-27T03:32:27.011Z DEBUG 845597 --- [gdgoc] [           main] o.h.boot.model.internal.AnnotatedColumn  : Binding column: AnnotatedDiscriminatorColumn(column='DTYPE')
2025-03-27T03:32:27.015Z DEBUG 845597 --- [gdgoc] [           main] o.h.boot.model.internal.AnnotatedColumn  : Binding column: AnnotatedColumn(column='post_id')
2025-03-27T03:32:27.016Z DEBUG 845597 --- [gdgoc] [           main] o.h.boot.internal.ClassLoaderAccessImpl  : Not known whether passed class name [com.gomin_jungdok.gdgoc.post.Post] is safe
2025-03-27T03:32:27.016Z DEBUG 845597 --- [gdgoc] [           main] o.h.boot.internal.ClassLoaderAccessImpl  : No temp ClassLoader provided; using live ClassLoader for loading potentially unsafe class : com.gomin_jungdok.gdgoc.post.Post
2025-03-27T03:32:27.019Z DEBUG 845597 --- [gdgoc] [           main] o.h.boot.model.internal.PropertyBinder   : MetadataSourceProcessor property id with lazy=false
2025-03-27T03:32:27.020Z DEBUG 845597 --- [gdgoc] [           main] o.h.b.m.internal.AbstractPropertyHolder  : Attempting to locate auto-apply AttributeConverter for property [com.gomin_jungdok.gdgoc.post.Post:id]
2025-03-27T03:32:27.021Z DEBUG 845597 --- [gdgoc] [           main] o.h.b.model.internal.BasicValueBinder    : building BasicValue for id
2025-03-27T03:32:27.022Z DEBUG 845597 --- [gdgoc] [           main] org.hibernate.mapping.BasicValue         : Skipping column re-registration: post.post_id
2025-03-27T03:32:27.022Z DEBUG 845597 --- [gdgoc] [           main] o.h.boot.model.internal.PropertyBinder   : Building property id
2025-03-27T03:32:27.022Z DEBUG 845597 --- [gdgoc] [           main] o.h.boot.model.internal.BinderHelper     : #makeIdGenerator(BasicValue([Column(post_id)]), id, identity, , ...)
2025-03-27T03:32:27.023Z DEBUG 845597 --- [gdgoc] [           main] o.h.boot.model.internal.AnnotatedColumn  : Binding column: AnnotatedColumn(column='best_post')
2025-03-27T03:32:27.023Z DEBUG 845597 --- [gdgoc] [           main] o.h.boot.model.internal.PropertyBinder   : MetadataSourceProcessor property bestPost with lazy=false
2025-03-27T03:32:27.024Z DEBUG 845597 --- [gdgoc] [           main] o.h.b.m.internal.AbstractPropertyHolder  : Attempting to locate auto-apply AttributeConverter for property [com.gomin_jungdok.gdgoc.post.Post:bestPost]
2025-03-27T03:32:27.024Z DEBUG 845597 --- [gdgoc] [           main] o.h.b.model.internal.BasicValueBinder    : building BasicValue for bestPost
2025-03-27T03:32:27.024Z DEBUG 845597 --- [gdgoc] [           main] org.hibernate.mapping.BasicValue         : Skipping column re-registration: post.best_post
2025-03-27T03:32:27.025Z DEBUG 845597 --- [gdgoc] [           main] o.h.boot.model.internal.PropertyBinder   : Building property bestPost
2025-03-27T03:32:27.026Z DEBUG 845597 --- [gdgoc] [           main] o.h.boot.model.internal.AnnotatedColumn  : Binding column: AnnotatedColumn(column='created_at')
2025-03-27T03:32:27.027Z DEBUG 845597 --- [gdgoc] [           main] o.h.boot.model.internal.PropertyBinder   : MetadataSourceProcessor property createdAt with lazy=false
2025-03-27T03:32:27.027Z DEBUG 845597 --- [gdgoc] [           main] o.h.b.m.internal.AbstractPropertyHolder  : Attempting to locate auto-apply AttributeConverter for property [com.gomin_jungdok.gdgoc.post.Post:createdAt]
2025-03-27T03:32:27.028Z DEBUG 845597 --- [gdgoc] [           main] o.h.b.model.internal.BasicValueBinder    : building BasicValue for createdAt
2025-03-27T03:32:27.028Z DEBUG 845597 --- [gdgoc] [           main] org.hibernate.mapping.BasicValue         : Skipping column re-registration: post.created_at
2025-03-27T03:32:27.028Z DEBUG 845597 --- [gdgoc] [           main] o.h.boot.model.internal.PropertyBinder   : Building property createdAt
2025-03-27T03:32:27.029Z DEBUG 845597 --- [gdgoc] [           main] o.h.boot.model.internal.AnnotatedColumn  : Binding column: AnnotatedColumn(column='post_desc')
2025-03-27T03:32:27.029Z DEBUG 845597 --- [gdgoc] [           main] o.h.boot.model.internal.PropertyBinder   : MetadataSourceProcessor property description with lazy=false
2025-03-27T03:32:27.030Z DEBUG 845597 --- [gdgoc] [           main] o.h.b.m.internal.AbstractPropertyHolder  : Attempting to locate auto-apply AttributeConverter for property [com.gomin_jungdok.gdgoc.post.Post:description]
2025-03-27T03:32:27.030Z DEBUG 845597 --- [gdgoc] [           main] o.h.b.model.internal.BasicValueBinder    : building BasicValue for description
2025-03-27T03:32:27.030Z DEBUG 845597 --- [gdgoc] [           main] org.hibernate.mapping.BasicValue         : Skipping column re-registration: post.post_desc
2025-03-27T03:32:27.031Z DEBUG 845597 --- [gdgoc] [           main] o.h.boot.model.internal.PropertyBinder   : Building property description
2025-03-27T03:32:27.032Z DEBUG 845597 --- [gdgoc] [           main] o.h.boot.model.internal.AnnotatedColumn  : Binding column: AnnotatedColumn(column='is_AI')
2025-03-27T03:32:27.032Z DEBUG 845597 --- [gdgoc] [           main] o.h.boot.model.internal.PropertyBinder   : MetadataSourceProcessor property isAI with lazy=false
2025-03-27T03:32:27.033Z DEBUG 845597 --- [gdgoc] [           main] o.h.b.m.internal.AbstractPropertyHolder  : Attempting to locate auto-apply AttributeConverter for property [com.gomin_jungdok.gdgoc.post.Post:isAI]
2025-03-27T03:32:27.033Z DEBUG 845597 --- [gdgoc] [           main] o.h.b.model.internal.BasicValueBinder    : building BasicValue for isAI
2025-03-27T03:32:27.033Z DEBUG 845597 --- [gdgoc] [           main] org.hibernate.mapping.BasicValue         : Skipping column re-registration: post.is_ai
2025-03-27T03:32:27.034Z DEBUG 845597 --- [gdgoc] [           main] o.h.boot.model.internal.PropertyBinder   : Building property isAI
2025-03-27T03:32:27.035Z DEBUG 845597 --- [gdgoc] [           main] o.h.boot.model.internal.AnnotatedColumn  : Binding column: AnnotatedColumn(column='post_title')
2025-03-27T03:32:27.035Z DEBUG 845597 --- [gdgoc] [           main] o.h.boot.model.internal.PropertyBinder   : MetadataSourceProcessor property title with lazy=false
2025-03-27T03:32:27.036Z DEBUG 845597 --- [gdgoc] [           main] o.h.b.m.internal.AbstractPropertyHolder  : Attempting to locate auto-apply AttributeConverter for property [com.gomin_jungdok.gdgoc.post.Post:title]
2025-03-27T03:32:27.036Z DEBUG 845597 --- [gdgoc] [           main] o.h.b.model.internal.BasicValueBinder    : building BasicValue for title
2025-03-27T03:32:27.036Z DEBUG 845597 --- [gdgoc] [           main] org.hibernate.mapping.BasicValue         : Skipping column re-registration: post.post_title
2025-03-27T03:32:27.037Z DEBUG 845597 --- [gdgoc] [           main] o.h.boot.model.internal.PropertyBinder   : Building property title
2025-03-27T03:32:27.038Z DEBUG 845597 --- [gdgoc] [           main] o.h.boot.model.internal.AnnotatedColumn  : Binding column: AnnotatedColumn(column='today_post')
2025-03-27T03:32:27.038Z DEBUG 845597 --- [gdgoc] [           main] o.h.boot.model.internal.PropertyBinder   : MetadataSourceProcessor property todayPost with lazy=false
2025-03-27T03:32:27.038Z DEBUG 845597 --- [gdgoc] [           main] o.h.b.m.internal.AbstractPropertyHolder  : Attempting to locate auto-apply AttributeConverter for property [com.gomin_jungdok.gdgoc.post.Post:todayPost]
2025-03-27T03:32:27.040Z DEBUG 845597 --- [gdgoc] [           main] o.h.b.model.internal.BasicValueBinder    : building BasicValue for todayPost
2025-03-27T03:32:27.041Z DEBUG 845597 --- [gdgoc] [           main] org.hibernate.mapping.BasicValue         : Skipping column re-registration: post.today_post
2025-03-27T03:32:27.041Z DEBUG 845597 --- [gdgoc] [           main] o.h.boot.model.internal.PropertyBinder   : Building property todayPost
2025-03-27T03:32:27.042Z DEBUG 845597 --- [gdgoc] [           main] o.h.boot.model.internal.AnnotatedColumn  : Binding column: AnnotatedColumn(column='user_id')
2025-03-27T03:32:27.043Z DEBUG 845597 --- [gdgoc] [           main] o.h.boot.model.internal.PropertyBinder   : MetadataSourceProcessor property userId with lazy=false
2025-03-27T03:32:27.043Z DEBUG 845597 --- [gdgoc] [           main] o.h.b.m.internal.AbstractPropertyHolder  : Attempting to locate auto-apply AttributeConverter for property [com.gomin_jungdok.gdgoc.post.Post:userId]
2025-03-27T03:32:27.044Z DEBUG 845597 --- [gdgoc] [           main] o.h.b.model.internal.BasicValueBinder    : building BasicValue for userId
2025-03-27T03:32:27.044Z DEBUG 845597 --- [gdgoc] [           main] org.hibernate.mapping.BasicValue         : Skipping column re-registration: post.user_id
2025-03-27T03:32:27.044Z DEBUG 845597 --- [gdgoc] [           main] o.h.boot.model.internal.PropertyBinder   : Building property userId
2025-03-27T03:32:27.055Z DEBUG 845597 --- [gdgoc] [           main] o.h.b.r.c.i.ClassLoaderServiceImpl       : HHH000194: Package not found or no package-info.java: com.gomin_jungdok.gdgoc.post
2025-03-27T03:32:27.058Z DEBUG 845597 --- [gdgoc] [           main] o.h.boot.model.internal.EntityBinder     : Binding entity from annotated class: com.gomin_jungdok.gdgoc.post.post_image.PostImage
2025-03-27T03:32:27.059Z DEBUG 845597 --- [gdgoc] [           main] o.h.boot.model.internal.EntityBinder     : Import with entity name PostImage
2025-03-27T03:32:27.060Z DEBUG 845597 --- [gdgoc] [           main] o.h.boot.model.internal.EntityBinder     : Bind entity com.gomin_jungdok.gdgoc.post.post_image.PostImage on table post_image
2025-03-27T03:32:27.061Z DEBUG 845597 --- [gdgoc] [           main] o.h.boot.model.internal.AnnotatedColumn  : Binding column: AnnotatedDiscriminatorColumn(column='DTYPE')
2025-03-27T03:32:27.065Z DEBUG 845597 --- [gdgoc] [           main] o.h.boot.model.internal.AnnotatedColumn  : Binding column: AnnotatedColumn(column='post_image_id')
2025-03-27T03:32:27.066Z DEBUG 845597 --- [gdgoc] [           main] o.h.boot.internal.ClassLoaderAccessImpl  : Not known whether passed class name [com.gomin_jungdok.gdgoc.post.post_image.PostImage] is safe
2025-03-27T03:32:27.066Z DEBUG 845597 --- [gdgoc] [           main] o.h.boot.internal.ClassLoaderAccessImpl  : No temp ClassLoader provided; using live ClassLoader for loading potentially unsafe class : com.gomin_jungdok.gdgoc.post.post_image.PostImage
2025-03-27T03:32:27.067Z DEBUG 845597 --- [gdgoc] [           main] o.h.boot.model.internal.PropertyBinder   : MetadataSourceProcessor property id with lazy=false
2025-03-27T03:32:27.067Z DEBUG 845597 --- [gdgoc] [           main] o.h.b.m.internal.AbstractPropertyHolder  : Attempting to locate auto-apply AttributeConverter for property [com.gomin_jungdok.gdgoc.post.post_image.PostImage:id]
2025-03-27T03:32:27.067Z DEBUG 845597 --- [gdgoc] [           main] o.h.b.model.internal.BasicValueBinder    : building BasicValue for id
2025-03-27T03:32:27.068Z DEBUG 845597 --- [gdgoc] [           main] org.hibernate.mapping.BasicValue         : Skipping column re-registration: post_image.post_image_id
2025-03-27T03:32:27.068Z DEBUG 845597 --- [gdgoc] [           main] o.h.boot.model.internal.PropertyBinder   : Building property id
2025-03-27T03:32:27.069Z DEBUG 845597 --- [gdgoc] [           main] o.h.boot.model.internal.BinderHelper     : #makeIdGenerator(BasicValue([Column(post_image_id)]), id, identity, , ...)
2025-03-27T03:32:27.070Z DEBUG 845597 --- [gdgoc] [           main] o.h.boot.model.internal.AnnotatedColumn  : Binding column: AnnotatedColumn(column='image_url')
2025-03-27T03:32:27.071Z DEBUG 845597 --- [gdgoc] [           main] o.h.boot.model.internal.PropertyBinder   : MetadataSourceProcessor property imageUrl with lazy=false
2025-03-27T03:32:27.071Z DEBUG 845597 --- [gdgoc] [           main] o.h.b.m.internal.AbstractPropertyHolder  : Attempting to locate auto-apply AttributeConverter for property [com.gomin_jungdok.gdgoc.post.post_image.PostImage:imageUrl]
2025-03-27T03:32:27.072Z DEBUG 845597 --- [gdgoc] [           main] o.h.b.model.internal.BasicValueBinder    : building BasicValue for imageUrl
2025-03-27T03:32:27.072Z DEBUG 845597 --- [gdgoc] [           main] org.hibernate.mapping.BasicValue         : Skipping column re-registration: post_image.image_url
2025-03-27T03:32:27.072Z DEBUG 845597 --- [gdgoc] [           main] o.h.boot.model.internal.PropertyBinder   : Building property imageUrl
2025-03-27T03:32:27.073Z DEBUG 845597 --- [gdgoc] [           main] o.h.boot.model.internal.AnnotatedColumn  : Binding column: AnnotatedColumn(column='order_sequence')
2025-03-27T03:32:27.073Z DEBUG 845597 --- [gdgoc] [           main] o.h.boot.model.internal.PropertyBinder   : MetadataSourceProcessor property orderSequence with lazy=false
2025-03-27T03:32:27.074Z DEBUG 845597 --- [gdgoc] [           main] o.h.b.m.internal.AbstractPropertyHolder  : Attempting to locate auto-apply AttributeConverter for property [com.gomin_jungdok.gdgoc.post.post_image.PostImage:orderSequence]
2025-03-27T03:32:27.074Z DEBUG 845597 --- [gdgoc] [           main] o.h.b.model.internal.BasicValueBinder    : building BasicValue for orderSequence
2025-03-27T03:32:27.075Z DEBUG 845597 --- [gdgoc] [           main] org.hibernate.mapping.BasicValue         : Skipping column re-registration: post_image.order_sequence
2025-03-27T03:32:27.075Z DEBUG 845597 --- [gdgoc] [           main] o.h.boot.model.internal.PropertyBinder   : Building property orderSequence
2025-03-27T03:32:27.076Z DEBUG 845597 --- [gdgoc] [           main] o.h.boot.model.internal.AnnotatedColumn  : Binding column: AnnotatedJoinColumn(column='post_id')
2025-03-27T03:32:27.076Z DEBUG 845597 --- [gdgoc] [           main] o.h.boot.model.internal.AnnotatedColumn  : Binding column: AnnotatedColumn()
2025-03-27T03:32:27.077Z DEBUG 845597 --- [gdgoc] [           main] o.h.boot.model.internal.PropertyBinder   : Building property post
2025-03-27T03:32:27.084Z DEBUG 845597 --- [gdgoc] [           main] o.h.b.r.c.i.ClassLoaderServiceImpl       : HHH000194: Package not found or no package-info.java: com.gomin_jungdok.gdgoc.post.post_image
2025-03-27T03:32:27.088Z DEBUG 845597 --- [gdgoc] [           main] o.h.boot.model.internal.EntityBinder     : Binding entity from annotated class: com.gomin_jungdok.gdgoc.user.User
2025-03-27T03:32:27.088Z DEBUG 845597 --- [gdgoc] [           main] o.h.boot.model.internal.EntityBinder     : Import with entity name User
2025-03-27T03:32:27.091Z DEBUG 845597 --- [gdgoc] [           main] o.h.boot.model.internal.EntityBinder     : Bind entity com.gomin_jungdok.gdgoc.user.User on table user
2025-03-27T03:32:27.093Z DEBUG 845597 --- [gdgoc] [           main] o.h.boot.model.internal.AnnotatedColumn  : Binding column: AnnotatedDiscriminatorColumn(column='DTYPE')
2025-03-27T03:32:27.111Z DEBUG 845597 --- [gdgoc] [           main] o.h.boot.model.internal.AnnotatedColumn  : Binding column: AnnotatedColumn(column='user_id')
2025-03-27T03:32:27.112Z DEBUG 845597 --- [gdgoc] [           main] o.h.boot.internal.ClassLoaderAccessImpl  : Not known whether passed class name [com.gomin_jungdok.gdgoc.user.User] is safe
2025-03-27T03:32:27.112Z DEBUG 845597 --- [gdgoc] [           main] o.h.boot.internal.ClassLoaderAccessImpl  : No temp ClassLoader provided; using live ClassLoader for loading potentially unsafe class : com.gomin_jungdok.gdgoc.user.User
2025-03-27T03:32:27.112Z DEBUG 845597 --- [gdgoc] [           main] o.h.boot.model.internal.PropertyBinder   : MetadataSourceProcessor property id with lazy=false
2025-03-27T03:32:27.113Z DEBUG 845597 --- [gdgoc] [           main] o.h.b.m.internal.AbstractPropertyHolder  : Attempting to locate auto-apply AttributeConverter for property [com.gomin_jungdok.gdgoc.user.User:id]
2025-03-27T03:32:27.113Z DEBUG 845597 --- [gdgoc] [           main] o.h.b.model.internal.BasicValueBinder    : building BasicValue for id
2025-03-27T03:32:27.113Z DEBUG 845597 --- [gdgoc] [           main] org.hibernate.mapping.BasicValue         : Skipping column re-registration: user.user_id
2025-03-27T03:32:27.114Z DEBUG 845597 --- [gdgoc] [           main] o.h.boot.model.internal.PropertyBinder   : Building property id
2025-03-27T03:32:27.114Z DEBUG 845597 --- [gdgoc] [           main] o.h.boot.model.internal.BinderHelper     : #makeIdGenerator(BasicValue([Column(user_id)]), id, identity, , ...)
2025-03-27T03:32:27.115Z DEBUG 845597 --- [gdgoc] [           main] o.h.boot.model.internal.AnnotatedColumn  : Binding column: AnnotatedColumn(column='created_at')
2025-03-27T03:32:27.115Z DEBUG 845597 --- [gdgoc] [           main] o.h.boot.model.internal.PropertyBinder   : MetadataSourceProcessor property createdAt with lazy=false
2025-03-27T03:32:27.115Z DEBUG 845597 --- [gdgoc] [           main] o.h.b.m.internal.AbstractPropertyHolder  : Attempting to locate auto-apply AttributeConverter for property [com.gomin_jungdok.gdgoc.user.User:createdAt]
2025-03-27T03:32:27.117Z DEBUG 845597 --- [gdgoc] [           main] o.h.b.model.internal.BasicValueBinder    : building BasicValue for createdAt
2025-03-27T03:32:27.118Z DEBUG 845597 --- [gdgoc] [           main] org.hibernate.mapping.BasicValue         : Skipping column re-registration: user.created_at
2025-03-27T03:32:27.118Z DEBUG 845597 --- [gdgoc] [           main] o.h.boot.model.internal.PropertyBinder   : Building property createdAt
2025-03-27T03:32:27.123Z DEBUG 845597 --- [gdgoc] [           main] o.h.boot.model.internal.AnnotatedColumn  : Binding column: AnnotatedColumn(column='google_email')
2025-03-27T03:32:27.124Z DEBUG 845597 --- [gdgoc] [           main] o.h.boot.model.internal.PropertyBinder   : MetadataSourceProcessor property email with lazy=false
2025-03-27T03:32:27.124Z DEBUG 845597 --- [gdgoc] [           main] o.h.b.m.internal.AbstractPropertyHolder  : Attempting to locate auto-apply AttributeConverter for property [com.gomin_jungdok.gdgoc.user.User:email]
2025-03-27T03:32:27.125Z DEBUG 845597 --- [gdgoc] [           main] o.h.b.model.internal.BasicValueBinder    : building BasicValue for email
2025-03-27T03:32:27.125Z DEBUG 845597 --- [gdgoc] [           main] org.hibernate.mapping.BasicValue         : Skipping column re-registration: user.google_email
2025-03-27T03:32:27.125Z DEBUG 845597 --- [gdgoc] [           main] o.h.boot.model.internal.PropertyBinder   : Building property email
2025-03-27T03:32:27.130Z DEBUG 845597 --- [gdgoc] [           main] o.h.boot.model.internal.AnnotatedColumn  : Binding column: AnnotatedColumn()
2025-03-27T03:32:27.130Z DEBUG 845597 --- [gdgoc] [           main] o.h.boot.model.internal.PropertyBinder   : MetadataSourceProcessor property nickname with lazy=false
2025-03-27T03:32:27.131Z DEBUG 845597 --- [gdgoc] [           main] o.h.b.m.internal.AbstractPropertyHolder  : Attempting to locate auto-apply AttributeConverter for property [com.gomin_jungdok.gdgoc.user.User:nickname]
2025-03-27T03:32:27.131Z DEBUG 845597 --- [gdgoc] [           main] o.h.b.model.internal.BasicValueBinder    : building BasicValue for nickname
2025-03-27T03:32:27.131Z DEBUG 845597 --- [gdgoc] [           main] org.hibernate.mapping.BasicValue         : Skipping column re-registration: user.nickname
2025-03-27T03:32:27.133Z DEBUG 845597 --- [gdgoc] [           main] o.h.boot.model.internal.PropertyBinder   : Building property nickname
2025-03-27T03:32:27.134Z DEBUG 845597 --- [gdgoc] [           main] o.h.boot.model.internal.AnnotatedColumn  : Binding column: AnnotatedColumn(column='password')
2025-03-27T03:32:27.135Z DEBUG 845597 --- [gdgoc] [           main] o.h.boot.model.internal.PropertyBinder   : MetadataSourceProcessor property password with lazy=false
2025-03-27T03:32:27.139Z DEBUG 845597 --- [gdgoc] [           main] o.h.b.m.internal.AbstractPropertyHolder  : Attempting to locate auto-apply AttributeConverter for property [com.gomin_jungdok.gdgoc.user.User:password]
2025-03-27T03:32:27.142Z DEBUG 845597 --- [gdgoc] [           main] o.h.b.model.internal.BasicValueBinder    : building BasicValue for password
2025-03-27T03:32:27.143Z DEBUG 845597 --- [gdgoc] [           main] org.hibernate.mapping.BasicValue         : Skipping column re-registration: user.password
2025-03-27T03:32:27.143Z DEBUG 845597 --- [gdgoc] [           main] o.h.boot.model.internal.PropertyBinder   : Building property password
2025-03-27T03:32:27.144Z DEBUG 845597 --- [gdgoc] [           main] o.h.boot.model.internal.AnnotatedColumn  : Binding column: AnnotatedColumn(column='profile_image')
2025-03-27T03:32:27.144Z DEBUG 845597 --- [gdgoc] [           main] o.h.boot.model.internal.PropertyBinder   : MetadataSourceProcessor property profileImage with lazy=false
2025-03-27T03:32:27.145Z DEBUG 845597 --- [gdgoc] [           main] o.h.b.m.internal.AbstractPropertyHolder  : Attempting to locate auto-apply AttributeConverter for property [com.gomin_jungdok.gdgoc.user.User:profileImage]
2025-03-27T03:32:27.145Z DEBUG 845597 --- [gdgoc] [           main] o.h.b.model.internal.BasicValueBinder    : building BasicValue for profileImage
2025-03-27T03:32:27.145Z DEBUG 845597 --- [gdgoc] [           main] org.hibernate.mapping.BasicValue         : Skipping column re-registration: user.profile_image
2025-03-27T03:32:27.146Z DEBUG 845597 --- [gdgoc] [           main] o.h.boot.model.internal.PropertyBinder   : Building property profileImage
2025-03-27T03:32:27.146Z DEBUG 845597 --- [gdgoc] [           main] o.h.boot.model.internal.AnnotatedColumn  : Binding column: AnnotatedColumn(column='social_id')
2025-03-27T03:32:27.147Z DEBUG 845597 --- [gdgoc] [           main] o.h.boot.model.internal.PropertyBinder   : MetadataSourceProcessor property socialId with lazy=false
2025-03-27T03:32:27.147Z DEBUG 845597 --- [gdgoc] [           main] o.h.b.m.internal.AbstractPropertyHolder  : Attempting to locate auto-apply AttributeConverter for property [com.gomin_jungdok.gdgoc.user.User:socialId]
2025-03-27T03:32:27.147Z DEBUG 845597 --- [gdgoc] [           main] o.h.b.model.internal.BasicValueBinder    : building BasicValue for socialId
2025-03-27T03:32:27.148Z DEBUG 845597 --- [gdgoc] [           main] org.hibernate.mapping.BasicValue         : Skipping column re-registration: user.social_id
2025-03-27T03:32:27.148Z DEBUG 845597 --- [gdgoc] [           main] o.h.boot.model.internal.PropertyBinder   : Building property socialId
2025-03-27T03:32:27.149Z DEBUG 845597 --- [gdgoc] [           main] o.h.boot.model.internal.AnnotatedColumn  : Binding column: AnnotatedColumn(column='social_type')
2025-03-27T03:32:27.149Z DEBUG 845597 --- [gdgoc] [           main] o.h.boot.model.internal.PropertyBinder   : MetadataSourceProcessor property socialType with lazy=false
2025-03-27T03:32:27.149Z DEBUG 845597 --- [gdgoc] [           main] o.h.b.m.internal.AbstractPropertyHolder  : Attempting to locate auto-apply AttributeConverter for property [com.gomin_jungdok.gdgoc.user.User:socialType]
2025-03-27T03:32:27.149Z DEBUG 845597 --- [gdgoc] [           main] o.h.b.model.internal.BasicValueBinder    : building BasicValue for socialType
2025-03-27T03:32:27.150Z DEBUG 845597 --- [gdgoc] [           main] org.hibernate.mapping.BasicValue         : Skipping column re-registration: user.social_type
2025-03-27T03:32:27.150Z DEBUG 845597 --- [gdgoc] [           main] o.h.boot.model.internal.PropertyBinder   : Building property socialType
2025-03-27T03:32:27.151Z DEBUG 845597 --- [gdgoc] [           main] o.h.boot.model.internal.AnnotatedColumn  : Binding column: AnnotatedColumn(column='uid')
2025-03-27T03:32:27.151Z DEBUG 845597 --- [gdgoc] [           main] o.h.boot.model.internal.PropertyBinder   : MetadataSourceProcessor property uid with lazy=false
2025-03-27T03:32:27.151Z DEBUG 845597 --- [gdgoc] [           main] o.h.b.m.internal.AbstractPropertyHolder  : Attempting to locate auto-apply AttributeConverter for property [com.gomin_jungdok.gdgoc.user.User:uid]
2025-03-27T03:32:27.152Z DEBUG 845597 --- [gdgoc] [           main] o.h.b.model.internal.BasicValueBinder    : building BasicValue for uid
2025-03-27T03:32:27.152Z DEBUG 845597 --- [gdgoc] [           main] org.hibernate.mapping.BasicValue         : Skipping column re-registration: user.uid
2025-03-27T03:32:27.152Z DEBUG 845597 --- [gdgoc] [           main] o.h.boot.model.internal.PropertyBinder   : Building property uid
2025-03-27T03:32:27.153Z DEBUG 845597 --- [gdgoc] [           main] o.h.boot.model.internal.AnnotatedColumn  : Binding column: AnnotatedColumn(column='id')
2025-03-27T03:32:27.154Z DEBUG 845597 --- [gdgoc] [           main] o.h.boot.model.internal.PropertyBinder   : MetadataSourceProcessor property userId with lazy=false
2025-03-27T03:32:27.154Z DEBUG 845597 --- [gdgoc] [           main] o.h.b.m.internal.AbstractPropertyHolder  : Attempting to locate auto-apply AttributeConverter for property [com.gomin_jungdok.gdgoc.user.User:userId]
2025-03-27T03:32:27.154Z DEBUG 845597 --- [gdgoc] [           main] o.h.b.model.internal.BasicValueBinder    : building BasicValue for userId
2025-03-27T03:32:27.154Z DEBUG 845597 --- [gdgoc] [           main] org.hibernate.mapping.BasicValue         : Skipping column re-registration: user.id
2025-03-27T03:32:27.155Z DEBUG 845597 --- [gdgoc] [           main] o.h.boot.model.internal.PropertyBinder   : Building property userId
2025-03-27T03:32:27.163Z DEBUG 845597 --- [gdgoc] [           main] o.h.b.r.c.i.ClassLoaderServiceImpl       : HHH000194: Package not found or no package-info.java: com.gomin_jungdok.gdgoc.user
2025-03-27T03:32:27.165Z DEBUG 845597 --- [gdgoc] [           main] o.h.boot.model.internal.EntityBinder     : Binding entity from annotated class: com.gomin_jungdok.gdgoc.vote.Vote
2025-03-27T03:32:27.165Z DEBUG 845597 --- [gdgoc] [           main] o.h.boot.model.internal.EntityBinder     : Import with entity name Vote
2025-03-27T03:32:27.167Z DEBUG 845597 --- [gdgoc] [           main] o.h.boot.model.internal.EntityBinder     : Bind entity com.gomin_jungdok.gdgoc.vote.Vote on table vote
2025-03-27T03:32:27.172Z DEBUG 845597 --- [gdgoc] [           main] o.h.boot.model.internal.AnnotatedColumn  : Binding column: AnnotatedDiscriminatorColumn(column='DTYPE')
2025-03-27T03:32:27.180Z DEBUG 845597 --- [gdgoc] [           main] o.h.boot.model.internal.AnnotatedColumn  : Binding column: AnnotatedColumn(column='vote_id')
2025-03-27T03:32:27.181Z DEBUG 845597 --- [gdgoc] [           main] o.h.boot.internal.ClassLoaderAccessImpl  : Not known whether passed class name [com.gomin_jungdok.gdgoc.vote.Vote] is safe
2025-03-27T03:32:27.182Z DEBUG 845597 --- [gdgoc] [           main] o.h.boot.internal.ClassLoaderAccessImpl  : No temp ClassLoader provided; using live ClassLoader for loading potentially unsafe class : com.gomin_jungdok.gdgoc.vote.Vote
2025-03-27T03:32:27.182Z DEBUG 845597 --- [gdgoc] [           main] o.h.boot.model.internal.PropertyBinder   : MetadataSourceProcessor property id with lazy=false
2025-03-27T03:32:27.182Z DEBUG 845597 --- [gdgoc] [           main] o.h.b.m.internal.AbstractPropertyHolder  : Attempting to locate auto-apply AttributeConverter for property [com.gomin_jungdok.gdgoc.vote.Vote:id]
2025-03-27T03:32:27.183Z DEBUG 845597 --- [gdgoc] [           main] o.h.b.model.internal.BasicValueBinder    : building BasicValue for id
2025-03-27T03:32:27.183Z DEBUG 845597 --- [gdgoc] [           main] org.hibernate.mapping.BasicValue         : Skipping column re-registration: vote.vote_id
2025-03-27T03:32:27.183Z DEBUG 845597 --- [gdgoc] [           main] o.h.boot.model.internal.PropertyBinder   : Building property id
2025-03-27T03:32:27.184Z DEBUG 845597 --- [gdgoc] [           main] o.h.boot.model.internal.BinderHelper     : #makeIdGenerator(BasicValue([Column(vote_id)]), id, identity, , ...)
2025-03-27T03:32:27.188Z DEBUG 845597 --- [gdgoc] [           main] o.h.boot.model.internal.AnnotatedColumn  : Binding column: AnnotatedColumn(column='created_at')
2025-03-27T03:32:27.188Z DEBUG 845597 --- [gdgoc] [           main] o.h.boot.model.internal.PropertyBinder   : MetadataSourceProcessor property createdAt with lazy=false
2025-03-27T03:32:27.188Z DEBUG 845597 --- [gdgoc] [           main] o.h.b.m.internal.AbstractPropertyHolder  : Attempting to locate auto-apply AttributeConverter for property [com.gomin_jungdok.gdgoc.vote.Vote:createdAt]
2025-03-27T03:32:27.189Z DEBUG 845597 --- [gdgoc] [           main] o.h.b.model.internal.BasicValueBinder    : building BasicValue for createdAt
2025-03-27T03:32:27.189Z DEBUG 845597 --- [gdgoc] [           main] org.hibernate.mapping.BasicValue         : Skipping column re-registration: vote.created_at
2025-03-27T03:32:27.189Z DEBUG 845597 --- [gdgoc] [           main] o.h.boot.model.internal.PropertyBinder   : Building property createdAt
2025-03-27T03:32:27.190Z DEBUG 845597 --- [gdgoc] [           main] o.h.boot.model.internal.AnnotatedColumn  : Binding column: AnnotatedJoinColumn(column='post_id')
2025-03-27T03:32:27.190Z DEBUG 845597 --- [gdgoc] [           main] o.h.boot.model.internal.AnnotatedColumn  : Binding column: AnnotatedColumn()
2025-03-27T03:32:27.191Z DEBUG 845597 --- [gdgoc] [           main] o.h.boot.model.internal.PropertyBinder   : Building property post
2025-03-27T03:32:27.191Z DEBUG 845597 --- [gdgoc] [           main] o.h.boot.model.internal.AnnotatedColumn  : Binding column: AnnotatedJoinColumn(column='option_id')
2025-03-27T03:32:27.192Z DEBUG 845597 --- [gdgoc] [           main] o.h.boot.model.internal.AnnotatedColumn  : Binding column: AnnotatedColumn()
2025-03-27T03:32:27.192Z DEBUG 845597 --- [gdgoc] [           main] o.h.boot.model.internal.PropertyBinder   : Building property voteOption
2025-03-27T03:32:27.193Z DEBUG 845597 --- [gdgoc] [           main] o.h.boot.model.internal.AnnotatedColumn  : Binding column: AnnotatedJoinColumn(column='vote_user')
2025-03-27T03:32:27.193Z DEBUG 845597 --- [gdgoc] [           main] o.h.boot.model.internal.AnnotatedColumn  : Binding column: AnnotatedColumn()
2025-03-27T03:32:27.194Z DEBUG 845597 --- [gdgoc] [           main] o.h.boot.model.internal.PropertyBinder   : Building property voteUser
2025-03-27T03:32:27.202Z DEBUG 845597 --- [gdgoc] [           main] o.h.b.r.c.i.ClassLoaderServiceImpl       : HHH000194: Package not found or no package-info.java: com.gomin_jungdok.gdgoc.vote
2025-03-27T03:32:27.203Z DEBUG 845597 --- [gdgoc] [           main] o.h.boot.model.internal.EntityBinder     : Binding entity from annotated class: com.gomin_jungdok.gdgoc.vote_option.VoteOption
2025-03-27T03:32:27.204Z DEBUG 845597 --- [gdgoc] [           main] o.h.boot.model.internal.EntityBinder     : Import with entity name VoteOption
2025-03-27T03:32:27.204Z DEBUG 845597 --- [gdgoc] [           main] o.h.boot.model.internal.EntityBinder     : Bind entity com.gomin_jungdok.gdgoc.vote_option.VoteOption on table vote_option
2025-03-27T03:32:27.205Z DEBUG 845597 --- [gdgoc] [           main] o.h.boot.model.internal.AnnotatedColumn  : Binding column: AnnotatedDiscriminatorColumn(column='DTYPE')
2025-03-27T03:32:27.206Z DEBUG 845597 --- [gdgoc] [           main] o.h.boot.model.internal.AnnotatedColumn  : Binding column: AnnotatedColumn(column='option_id')
2025-03-27T03:32:27.207Z DEBUG 845597 --- [gdgoc] [           main] o.h.boot.internal.ClassLoaderAccessImpl  : Not known whether passed class name [com.gomin_jungdok.gdgoc.vote_option.VoteOption] is safe
2025-03-27T03:32:27.207Z DEBUG 845597 --- [gdgoc] [           main] o.h.boot.internal.ClassLoaderAccessImpl  : No temp ClassLoader provided; using live ClassLoader for loading potentially unsafe class : com.gomin_jungdok.gdgoc.vote_option.VoteOption
2025-03-27T03:32:27.207Z DEBUG 845597 --- [gdgoc] [           main] o.h.boot.model.internal.PropertyBinder   : MetadataSourceProcessor property id with lazy=false
2025-03-27T03:32:27.208Z DEBUG 845597 --- [gdgoc] [           main] o.h.b.m.internal.AbstractPropertyHolder  : Attempting to locate auto-apply AttributeConverter for property [com.gomin_jungdok.gdgoc.vote_option.VoteOption:id]
2025-03-27T03:32:27.208Z DEBUG 845597 --- [gdgoc] [           main] o.h.b.model.internal.BasicValueBinder    : building BasicValue for id
2025-03-27T03:32:27.208Z DEBUG 845597 --- [gdgoc] [           main] org.hibernate.mapping.BasicValue         : Skipping column re-registration: vote_option.option_id
2025-03-27T03:32:27.209Z DEBUG 845597 --- [gdgoc] [           main] o.h.boot.model.internal.PropertyBinder   : Building property id
2025-03-27T03:32:27.209Z DEBUG 845597 --- [gdgoc] [           main] o.h.boot.model.internal.BinderHelper     : #makeIdGenerator(BasicValue([Column(option_id)]), id, identity, , ...)
2025-03-27T03:32:27.210Z DEBUG 845597 --- [gdgoc] [           main] o.h.boot.model.internal.AnnotatedColumn  : Binding column: AnnotatedColumn(column='option_order')
2025-03-27T03:32:27.210Z DEBUG 845597 --- [gdgoc] [           main] o.h.boot.model.internal.PropertyBinder   : MetadataSourceProcessor property order with lazy=false
2025-03-27T03:32:27.210Z DEBUG 845597 --- [gdgoc] [           main] o.h.b.m.internal.AbstractPropertyHolder  : Attempting to locate auto-apply AttributeConverter for property [com.gomin_jungdok.gdgoc.vote_option.VoteOption:order]
2025-03-27T03:32:27.211Z DEBUG 845597 --- [gdgoc] [           main] o.h.b.model.internal.BasicValueBinder    : building BasicValue for order
2025-03-27T03:32:27.211Z DEBUG 845597 --- [gdgoc] [           main] org.hibernate.mapping.BasicValue         : Skipping column re-registration: vote_option.option_order
2025-03-27T03:32:27.211Z DEBUG 845597 --- [gdgoc] [           main] o.h.boot.model.internal.PropertyBinder   : Building property order
2025-03-27T03:32:27.212Z DEBUG 845597 --- [gdgoc] [           main] o.h.boot.model.internal.AnnotatedColumn  : Binding column: AnnotatedJoinColumn(column='post_id')
2025-03-27T03:32:27.212Z DEBUG 845597 --- [gdgoc] [           main] o.h.boot.model.internal.AnnotatedColumn  : Binding column: AnnotatedColumn()
2025-03-27T03:32:27.213Z DEBUG 845597 --- [gdgoc] [           main] o.h.boot.model.internal.PropertyBinder   : Building property post
2025-03-27T03:32:27.213Z DEBUG 845597 --- [gdgoc] [           main] o.h.boot.model.internal.AnnotatedColumn  : Binding column: AnnotatedColumn(column='option_text')
2025-03-27T03:32:27.214Z DEBUG 845597 --- [gdgoc] [           main] o.h.boot.model.internal.PropertyBinder   : MetadataSourceProcessor property text with lazy=false
2025-03-27T03:32:27.214Z DEBUG 845597 --- [gdgoc] [           main] o.h.b.m.internal.AbstractPropertyHolder  : Attempting to locate auto-apply AttributeConverter for property [com.gomin_jungdok.gdgoc.vote_option.VoteOption:text]
2025-03-27T03:32:27.214Z DEBUG 845597 --- [gdgoc] [           main] o.h.b.model.internal.BasicValueBinder    : building BasicValue for text
2025-03-27T03:32:27.215Z DEBUG 845597 --- [gdgoc] [           main] org.hibernate.mapping.BasicValue         : Skipping column re-registration: vote_option.option_text
2025-03-27T03:32:27.215Z DEBUG 845597 --- [gdgoc] [           main] o.h.boot.model.internal.PropertyBinder   : Building property text
2025-03-27T03:32:27.223Z DEBUG 845597 --- [gdgoc] [           main] o.h.b.r.c.i.ClassLoaderServiceImpl       : HHH000194: Package not found or no package-info.java: com.gomin_jungdok.gdgoc.vote_option
2025-03-27T03:32:27.238Z DEBUG 845597 --- [gdgoc] [           main] o.h.b.model.internal.BasicValueBinder    : Starting `BasicValueBinder#fillSimpleValue` for id
2025-03-27T03:32:27.239Z DEBUG 845597 --- [gdgoc] [           main] o.h.b.model.internal.BasicValueBinder    : Starting `BasicValueBinder#fillSimpleValue` for createdAt
2025-03-27T03:32:27.243Z DEBUG 845597 --- [gdgoc] [           main] o.h.b.model.internal.BasicValueBinder    : Starting `BasicValueBinder#fillSimpleValue` for description
2025-03-27T03:32:27.244Z DEBUG 845597 --- [gdgoc] [           main] o.h.b.model.internal.BasicValueBinder    : Starting `BasicValueBinder#fillSimpleValue` for hierarchy
2025-03-27T03:32:27.245Z DEBUG 845597 --- [gdgoc] [           main] o.h.b.model.internal.BasicValueBinder    : Starting `BasicValueBinder#fillSimpleValue` for id
2025-03-27T03:32:27.246Z DEBUG 845597 --- [gdgoc] [           main] o.h.b.model.internal.BasicValueBinder    : Starting `BasicValueBinder#fillSimpleValue` for bestPost
2025-03-27T03:32:27.247Z DEBUG 845597 --- [gdgoc] [           main] o.h.b.model.internal.BasicValueBinder    : Starting `BasicValueBinder#fillSimpleValue` for createdAt
2025-03-27T03:32:27.247Z DEBUG 845597 --- [gdgoc] [           main] o.h.b.model.internal.BasicValueBinder    : Starting `BasicValueBinder#fillSimpleValue` for description
2025-03-27T03:32:27.247Z DEBUG 845597 --- [gdgoc] [           main] o.h.b.model.internal.BasicValueBinder    : Starting `BasicValueBinder#fillSimpleValue` for isAI
2025-03-27T03:32:27.247Z DEBUG 845597 --- [gdgoc] [           main] o.h.b.model.internal.BasicValueBinder    : Starting `BasicValueBinder#fillSimpleValue` for title
2025-03-27T03:32:27.248Z DEBUG 845597 --- [gdgoc] [           main] o.h.b.model.internal.BasicValueBinder    : Starting `BasicValueBinder#fillSimpleValue` for todayPost
2025-03-27T03:32:27.248Z DEBUG 845597 --- [gdgoc] [           main] o.h.b.model.internal.BasicValueBinder    : Starting `BasicValueBinder#fillSimpleValue` for userId
2025-03-27T03:32:27.249Z DEBUG 845597 --- [gdgoc] [           main] o.h.b.model.internal.BasicValueBinder    : Starting `BasicValueBinder#fillSimpleValue` for id
2025-03-27T03:32:27.249Z DEBUG 845597 --- [gdgoc] [           main] o.h.b.model.internal.BasicValueBinder    : Starting `BasicValueBinder#fillSimpleValue` for imageUrl
2025-03-27T03:32:27.250Z DEBUG 845597 --- [gdgoc] [           main] o.h.b.model.internal.BasicValueBinder    : Starting `BasicValueBinder#fillSimpleValue` for orderSequence
2025-03-27T03:32:27.250Z DEBUG 845597 --- [gdgoc] [           main] o.h.b.model.internal.BasicValueBinder    : Starting `BasicValueBinder#fillSimpleValue` for id
2025-03-27T03:32:27.250Z DEBUG 845597 --- [gdgoc] [           main] o.h.b.model.internal.BasicValueBinder    : Starting `BasicValueBinder#fillSimpleValue` for createdAt
2025-03-27T03:32:27.251Z DEBUG 845597 --- [gdgoc] [           main] o.h.b.model.internal.BasicValueBinder    : Starting `BasicValueBinder#fillSimpleValue` for email
2025-03-27T03:32:27.251Z DEBUG 845597 --- [gdgoc] [           main] o.h.b.model.internal.BasicValueBinder    : Starting `BasicValueBinder#fillSimpleValue` for nickname
2025-03-27T03:32:27.251Z DEBUG 845597 --- [gdgoc] [           main] o.h.b.model.internal.BasicValueBinder    : Starting `BasicValueBinder#fillSimpleValue` for password
2025-03-27T03:32:27.252Z DEBUG 845597 --- [gdgoc] [           main] o.h.b.model.internal.BasicValueBinder    : Starting `BasicValueBinder#fillSimpleValue` for profileImage
2025-03-27T03:32:27.252Z DEBUG 845597 --- [gdgoc] [           main] o.h.b.model.internal.BasicValueBinder    : Starting `BasicValueBinder#fillSimpleValue` for socialId
2025-03-27T03:32:27.252Z DEBUG 845597 --- [gdgoc] [           main] o.h.b.model.internal.BasicValueBinder    : Starting `BasicValueBinder#fillSimpleValue` for socialType
2025-03-27T03:32:27.252Z DEBUG 845597 --- [gdgoc] [           main] o.h.b.model.internal.BasicValueBinder    : Starting `BasicValueBinder#fillSimpleValue` for uid
2025-03-27T03:32:27.253Z DEBUG 845597 --- [gdgoc] [           main] o.h.b.model.internal.BasicValueBinder    : Starting `BasicValueBinder#fillSimpleValue` for userId
2025-03-27T03:32:27.253Z DEBUG 845597 --- [gdgoc] [           main] o.h.b.model.internal.BasicValueBinder    : Starting `BasicValueBinder#fillSimpleValue` for id
2025-03-27T03:32:27.253Z DEBUG 845597 --- [gdgoc] [           main] o.h.b.model.internal.BasicValueBinder    : Starting `BasicValueBinder#fillSimpleValue` for createdAt
2025-03-27T03:32:27.253Z DEBUG 845597 --- [gdgoc] [           main] o.h.b.model.internal.BasicValueBinder    : Starting `BasicValueBinder#fillSimpleValue` for id
2025-03-27T03:32:27.254Z DEBUG 845597 --- [gdgoc] [           main] o.h.b.model.internal.BasicValueBinder    : Starting `BasicValueBinder#fillSimpleValue` for order
2025-03-27T03:32:27.254Z DEBUG 845597 --- [gdgoc] [           main] o.h.b.model.internal.BasicValueBinder    : Starting `BasicValueBinder#fillSimpleValue` for text
2025-03-27T03:32:27.268Z DEBUG 845597 --- [gdgoc] [           main] org.hibernate.mapping.PrimaryKey         : Forcing column [comment_id] to be non-null as it is part of the primary key for table [comment]
2025-03-27T03:32:27.268Z DEBUG 845597 --- [gdgoc] [           main] org.hibernate.mapping.PrimaryKey         : Forcing column [post_id] to be non-null as it is part of the primary key for table [post]
2025-03-27T03:32:27.269Z DEBUG 845597 --- [gdgoc] [           main] org.hibernate.mapping.PrimaryKey         : Forcing column [post_image_id] to be non-null as it is part of the primary key for table [post_image]
2025-03-27T03:32:27.269Z DEBUG 845597 --- [gdgoc] [           main] org.hibernate.mapping.PrimaryKey         : Forcing column [user_id] to be non-null as it is part of the primary key for table [user]
2025-03-27T03:32:27.270Z DEBUG 845597 --- [gdgoc] [           main] org.hibernate.mapping.PrimaryKey         : Forcing column [vote_id] to be non-null as it is part of the primary key for table [vote]
2025-03-27T03:32:27.271Z DEBUG 845597 --- [gdgoc] [           main] org.hibernate.mapping.PrimaryKey         : Forcing column [option_id] to be non-null as it is part of the primary key for table [vote_option]
2025-03-27T03:32:27.524Z DEBUG 845597 --- [gdgoc] [           main] o.hibernate.internal.SessionFactoryImpl  : Building session factory
2025-03-27T03:32:27.621Z DEBUG 845597 --- [gdgoc] [           main] .h.s.i.SessionFactoryServiceRegistryImpl : EventListenerRegistry access via ServiceRegistry is deprecated.  Use `sessionFactory.getEventEngine().getListenerRegistry()` instead
2025-03-27T03:32:27.622Z DEBUG 845597 --- [gdgoc] [           main] o.hibernate.internal.SessionFactoryImpl  : Instantiating SessionFactory with settings: {java.specification.version=17, hibernate.resource.beans.container=org.springframework.orm.hibernate5.SpringBeanContainer@303fbc4, hibernate.connection.handling_mode=DELAYED_ACQUISITION_AND_HOLD, sun.jnu.encoding=UTF-8, hibernate.dialect=org.hibernate.dialect.MySQL8Dialect, hibernate.implicit_naming_strategy=org.springframework.boot.orm.jpa.hibernate.SpringImplicitNamingStrategy, java.class.path=build/libs/gdgoc-0.0.1-SNAPSHOT.jar, java.vm.vendor=Ubuntu, sun.arch.data.model=64, java.vendor.url=https://ubuntu.com/, catalina.useNaming=false, user.timezone=Etc/UTC, jakarta.persistence.sharedCache.mode=UNSPECIFIED, org.jboss.logging.provider=slf4j, java.vm.specification.version=17, os.name=Linux, APPLICATION_NAME=gdgoc, jakarta.persistence.nonJtaDataSource=HikariDataSource (HikariPool-1), sun.java.launcher=SUN_STANDARD, sun.boot.library.path=/usr/lib/jvm/java-17-openjdk-amd64/lib, sun.java.command=build/libs/gdgoc-0.0.1-SNAPSHOT.jar, javax.persistence.nonJtaDataSource=HikariDataSource (HikariPool-1), hibernate.transaction.jta.platform=org.hibernate.engine.transaction.jta.platform.internal.NoJtaPlatform@4cd90c36, jdk.debug=release, sun.cpu.endian=little, hibernate.cdi.extensions=true, user.home=/home/jjwon0407, user.language=en, java.specification.vendor=Oracle Corporation, java.version.date=2025-01-21, java.home=/usr/lib/jvm/java-17-openjdk-amd64, file.separator=/, java.vm.compressedOopsMode=32-bit, line.separator=
, hibernate.persistenceUnitName=default, java.specification.name=Java Platform API Specification, java.vm.specification.vendor=Oracle Corporation, FILE_LOG_CHARSET=UTF-8, hibernate.transaction.coordinator_class=class org.hibernate.resource.transaction.backend.jdbc.internal.JdbcResourceLocalTransactionCoordinatorBuilderImpl, java.awt.headless=true, jakarta.persistence.validation.mode=AUTO, hibernate.hbm2ddl.auto=update, java.protocol.handler.pkgs=org.springframework.boot.loader.net.protocol, sun.management.compiler=HotSpot 64-Bit Tiered Compilers, java.runtime.version=17.0.14+7-Ubuntu-120.04, user.name=jjwon0407, path.separator=:, os.version=5.15.0-1075-gcp, java.runtime.name=OpenJDK Runtime Environment, file.encoding=UTF-8, java.vm.name=OpenJDK 64-Bit Server VM, hibernate.show_sql=true, java.vendor.url.bug=https://bugs.launchpad.net/ubuntu/+source/openjdk-17, java.io.tmpdir=/tmp, catalina.home=/tmp/tomcat.8080.17263874284111226758, java.version=17.0.14, hibernate.physical_naming_strategy=org.hibernate.boot.model.naming.CamelCaseToUnderscoresNamingStrategy, user.dir=/home/jjwon0407/gomin_jungdok_test_server/backend, os.arch=amd64, java.vm.specification.name=Java Virtual Machine Specification, PID=845597, CONSOLE_LOG_CHARSET=UTF-8, catalina.base=/tmp/tomcat.8080.17263874284111226758, hibernate.boot.CfgXmlAccessService.key=org.hibernate.boot.registry.StandardServiceRegistryBuilder$1@aa23f11, native.encoding=UTF-8, java.library.path=/usr/java/packages/lib:/usr/lib/x86_64-linux-gnu/jni:/lib/x86_64-linux-gnu:/usr/lib/x86_64-linux-gnu:/usr/lib/jni:/lib:/usr/lib, java.vendor=Ubuntu, java.vm.info=mixed mode, sharing, java.vm.version=17.0.14+7-Ubuntu-120.04, java.specification.maintenance.version=1, sun.io.unicode.encoding=UnicodeLittle, hibernate.archive.scanner=org.hibernate.boot.archive.scan.internal.DisabledScanner, hibernate.connection.datasource=HikariDataSource (HikariPool-1), java.class.version=61.0, LOGGED_APPLICATION_NAME=[gdgoc] }
2025-03-27T03:32:27.628Z DEBUG 845597 --- [gdgoc] [           main] o.hibernate.internal.SessionFactoryImpl  : Session factory constructed with filter configurations : {}
2025-03-27T03:32:27.638Z DEBUG 845597 --- [gdgoc] [           main] o.h.v.i.xml.config.ValidationXmlParser   : Trying to load META-INF/validation.xml for XML based Validator configuration.
2025-03-27T03:32:27.639Z DEBUG 845597 --- [gdgoc] [           main] o.h.v.i.xml.config.ResourceLoaderHelper  : Trying to load META-INF/validation.xml via TCCL
2025-03-27T03:32:27.640Z DEBUG 845597 --- [gdgoc] [           main] o.h.v.i.xml.config.ResourceLoaderHelper  : Trying to load META-INF/validation.xml via Hibernate Validator's class loader
2025-03-27T03:32:27.641Z DEBUG 845597 --- [gdgoc] [           main] o.h.v.i.xml.config.ValidationXmlParser   : No META-INF/validation.xml found. Using annotation based configuration only.
2025-03-27T03:32:27.641Z DEBUG 845597 --- [gdgoc] [           main] o.h.v.i.e.resolver.TraversableResolvers  : Found jakarta.persistence.Persistence on classpath containing 'getPersistenceUtil'. Assuming JPA 2 environment. Trying to instantiate JPA aware TraversableResolver
2025-03-27T03:32:27.641Z DEBUG 845597 --- [gdgoc] [           main] o.h.v.i.e.resolver.TraversableResolvers  : Instantiated JPA aware TraversableResolver of type org.hibernate.validator.internal.engine.resolver.JPATraversableResolver.
2025-03-27T03:32:27.642Z DEBUG 845597 --- [gdgoc] [           main] .h.v.m.ResourceBundleMessageInterpolator : Loaded expression factory via original TCCL
2025-03-27T03:32:27.646Z DEBUG 845597 --- [gdgoc] [           main] .i.e.ValidatorFactoryConfigurationHelper : HV000252: Using org.hibernate.validator.internal.engine.DefaultPropertyNodeNameProvider as property node name provider.
2025-03-27T03:32:27.647Z DEBUG 845597 --- [gdgoc] [           main] .i.e.ValidatorFactoryConfigurationHelper : HV000234: Using org.hibernate.validator.messageinterpolation.ResourceBundleMessageInterpolator as ValidatorFactory-scoped message interpolator.
2025-03-27T03:32:27.648Z DEBUG 845597 --- [gdgoc] [           main] .i.e.ValidatorFactoryConfigurationHelper : HV000234: Using org.hibernate.validator.internal.engine.resolver.JPATraversableResolver as ValidatorFactory-scoped traversable resolver.
2025-03-27T03:32:27.648Z DEBUG 845597 --- [gdgoc] [           main] .i.e.ValidatorFactoryConfigurationHelper : HV000234: Using org.hibernate.validator.internal.util.ExecutableParameterNameProvider as ValidatorFactory-scoped parameter name provider.
2025-03-27T03:32:27.648Z DEBUG 845597 --- [gdgoc] [           main] .i.e.ValidatorFactoryConfigurationHelper : HV000234: Using org.hibernate.validator.internal.engine.DefaultClockProvider as ValidatorFactory-scoped clock provider.
2025-03-27T03:32:27.648Z DEBUG 845597 --- [gdgoc] [           main] .i.e.ValidatorFactoryConfigurationHelper : HV000234: Using org.hibernate.validator.internal.engine.scripting.DefaultScriptEvaluatorFactory as ValidatorFactory-scoped script evaluator factory.
2025-03-27T03:32:27.651Z DEBUG 845597 --- [gdgoc] [           main] o.h.boot.internal.ClassLoaderAccessImpl  : Not known whether passed class name [com.gomin_jungdok.gdgoc.vote.Vote] is safe
2025-03-27T03:32:27.651Z DEBUG 845597 --- [gdgoc] [           main] o.h.boot.internal.ClassLoaderAccessImpl  : No temp ClassLoader provided; using live ClassLoader for loading potentially unsafe class : com.gomin_jungdok.gdgoc.vote.Vote
2025-03-27T03:32:27.706Z DEBUG 845597 --- [gdgoc] [           main] o.h.boot.internal.ClassLoaderAccessImpl  : Not known whether passed class name [com.gomin_jungdok.gdgoc.user.User] is safe
2025-03-27T03:32:27.706Z DEBUG 845597 --- [gdgoc] [           main] o.h.boot.internal.ClassLoaderAccessImpl  : No temp ClassLoader provided; using live ClassLoader for loading potentially unsafe class : com.gomin_jungdok.gdgoc.user.User
2025-03-27T03:32:27.743Z DEBUG 845597 --- [gdgoc] [           main] o.h.boot.internal.ClassLoaderAccessImpl  : Not known whether passed class name [com.gomin_jungdok.gdgoc.post.post_image.PostImage] is safe
2025-03-27T03:32:27.743Z DEBUG 845597 --- [gdgoc] [           main] o.h.boot.internal.ClassLoaderAccessImpl  : No temp ClassLoader provided; using live ClassLoader for loading potentially unsafe class : com.gomin_jungdok.gdgoc.post.post_image.PostImage
2025-03-27T03:32:27.748Z DEBUG 845597 --- [gdgoc] [           main] o.h.boot.internal.ClassLoaderAccessImpl  : Not known whether passed class name [com.gomin_jungdok.gdgoc.vote_option.VoteOption] is safe
2025-03-27T03:32:27.748Z DEBUG 845597 --- [gdgoc] [           main] o.h.boot.internal.ClassLoaderAccessImpl  : No temp ClassLoader provided; using live ClassLoader for loading potentially unsafe class : com.gomin_jungdok.gdgoc.vote_option.VoteOption
2025-03-27T03:32:27.753Z DEBUG 845597 --- [gdgoc] [           main] o.h.boot.internal.ClassLoaderAccessImpl  : Not known whether passed class name [com.gomin_jungdok.gdgoc.comment.Comment] is safe
2025-03-27T03:32:27.753Z DEBUG 845597 --- [gdgoc] [           main] o.h.boot.internal.ClassLoaderAccessImpl  : No temp ClassLoader provided; using live ClassLoader for loading potentially unsafe class : com.gomin_jungdok.gdgoc.comment.Comment
2025-03-27T03:32:27.759Z DEBUG 845597 --- [gdgoc] [           main] o.h.boot.internal.ClassLoaderAccessImpl  : Not known whether passed class name [com.gomin_jungdok.gdgoc.post.Post] is safe
2025-03-27T03:32:27.759Z DEBUG 845597 --- [gdgoc] [           main] o.h.boot.internal.ClassLoaderAccessImpl  : No temp ClassLoader provided; using live ClassLoader for loading potentially unsafe class : com.gomin_jungdok.gdgoc.post.Post
2025-03-27T03:32:27.763Z DEBUG 845597 --- [gdgoc] [           main] .h.s.i.SessionFactoryServiceRegistryImpl : EventListenerRegistry access via ServiceRegistry is deprecated.  Use `sessionFactory.getEventEngine().getListenerRegistry()` instead
2025-03-27T03:32:27.849Z DEBUG 845597 --- [gdgoc] [           main] o.h.q.sqm.function.SqmFunctionRegistry   : Registered SqmFunctionTemplate [NamedSqmFunctionTemplate(max)] under max; prior registration was null
2025-03-27T03:32:27.849Z DEBUG 845597 --- [gdgoc] [           main] o.h.q.sqm.function.SqmFunctionRegistry   : Registered SqmFunctionTemplate [NamedSqmFunctionTemplate(min)] under min; prior registration was null
2025-03-27T03:32:27.850Z DEBUG 845597 --- [gdgoc] [           main] o.h.q.sqm.function.SqmFunctionRegistry   : Registered SqmFunctionTemplate [NamedSqmFunctionTemplate(sum)] under sum; prior registration was null
2025-03-27T03:32:27.851Z DEBUG 845597 --- [gdgoc] [           main] o.h.q.sqm.function.SqmFunctionRegistry   : Registered SqmFunctionTemplate [NamedSqmFunctionTemplate(avg)] under avg; prior registration was null
2025-03-27T03:32:27.854Z DEBUG 845597 --- [gdgoc] [           main] o.h.q.sqm.function.SqmFunctionRegistry   : Registered SqmFunctionTemplate [org.hibernate.dialect.function.CountFunction@3ee68377] under count; prior registration was null
2025-03-27T03:32:27.855Z DEBUG 845597 --- [gdgoc] [           main] o.h.q.sqm.function.SqmFunctionRegistry   : Registered SqmFunctionTemplate [org.hibernate.dialect.function.EveryAnyEmulation@4ec616d6] under every; prior registration was null
2025-03-27T03:32:27.855Z DEBUG 845597 --- [gdgoc] [           main] o.h.q.sqm.function.SqmFunctionRegistry   : Registered SqmFunctionTemplate [org.hibernate.dialect.function.EveryAnyEmulation@55b45ea1] under any; prior registration was null
2025-03-27T03:32:27.856Z DEBUG 845597 --- [gdgoc] [           main] o.h.q.sqm.function.SqmFunctionRegistry   : Registered SqmFunctionTemplate [NamedSqmFunctionTemplate(floor)] under floor; prior registration was null
2025-03-27T03:32:27.856Z DEBUG 845597 --- [gdgoc] [           main] o.h.q.sqm.function.SqmFunctionRegistry   : Registered SqmFunctionTemplate [NamedSqmFunctionTemplate(ceiling)] under ceiling; prior registration was null
2025-03-27T03:32:27.856Z DEBUG 845597 --- [gdgoc] [           main] o.h.q.sqm.function.SqmFunctionRegistry   : Registered SqmFunctionTemplate [NamedSqmFunctionTemplate(mod)] under mod; prior registration was null
2025-03-27T03:32:27.856Z DEBUG 845597 --- [gdgoc] [           main] o.h.q.sqm.function.SqmFunctionRegistry   : Registered SqmFunctionTemplate [NamedSqmFunctionTemplate(abs)] under abs; prior registration was null
2025-03-27T03:32:27.856Z DEBUG 845597 --- [gdgoc] [           main] o.h.q.sqm.function.SqmFunctionRegistry   : Registered SqmFunctionTemplate [NamedSqmFunctionTemplate(sign)] under sign; prior registration was null
2025-03-27T03:32:27.856Z DEBUG 845597 --- [gdgoc] [           main] o.h.q.sqm.function.SqmFunctionRegistry   : Registered SqmFunctionTemplate [NamedSqmFunctionTemplate(sqrt)] under sqrt; prior registration was null
2025-03-27T03:32:27.856Z DEBUG 845597 --- [gdgoc] [           main] o.h.q.sqm.function.SqmFunctionRegistry   : Registered SqmFunctionTemplate [NamedSqmFunctionTemplate(ln)] under ln; prior registration was null
2025-03-27T03:32:27.856Z DEBUG 845597 --- [gdgoc] [           main] o.h.q.sqm.function.SqmFunctionRegistry   : Registered SqmFunctionTemplate [NamedSqmFunctionTemplate(exp)] under exp; prior registration was null
2025-03-27T03:32:27.856Z DEBUG 845597 --- [gdgoc] [           main] o.h.q.sqm.function.SqmFunctionRegistry   : Registered SqmFunctionTemplate [NamedSqmFunctionTemplate(power)] under power; prior registration was null
2025-03-27T03:32:27.857Z DEBUG 845597 --- [gdgoc] [           main] o.h.q.sqm.function.SqmFunctionRegistry   : Registered SqmFunctionTemplate [NamedSqmFunctionTemplate(round)] under round; prior registration was null
2025-03-27T03:32:27.857Z DEBUG 845597 --- [gdgoc] [           main] o.h.q.sqm.function.SqmFunctionRegistry   : Registered SqmFunctionTemplate [NamedSqmFunctionTemplate(sin)] under sin; prior registration was null
2025-03-27T03:32:27.857Z DEBUG 845597 --- [gdgoc] [           main] o.h.q.sqm.function.SqmFunctionRegistry   : Registered SqmFunctionTemplate [NamedSqmFunctionTemplate(cos)] under cos; prior registration was null
2025-03-27T03:32:27.857Z DEBUG 845597 --- [gdgoc] [           main] o.h.q.sqm.function.SqmFunctionRegistry   : Registered SqmFunctionTemplate [NamedSqmFunctionTemplate(tan)] under tan; prior registration was null
2025-03-27T03:32:27.857Z DEBUG 845597 --- [gdgoc] [           main] o.h.q.sqm.function.SqmFunctionRegistry   : Registered SqmFunctionTemplate [NamedSqmFunctionTemplate(asin)] under asin; prior registration was null
2025-03-27T03:32:27.857Z DEBUG 845597 --- [gdgoc] [           main] o.h.q.sqm.function.SqmFunctionRegistry   : Registered SqmFunctionTemplate [NamedSqmFunctionTemplate(acos)] under acos; prior registration was null
2025-03-27T03:32:27.858Z DEBUG 845597 --- [gdgoc] [           main] o.h.q.sqm.function.SqmFunctionRegistry   : Registered SqmFunctionTemplate [NamedSqmFunctionTemplate(atan)] under atan; prior registration was null
2025-03-27T03:32:27.858Z DEBUG 845597 --- [gdgoc] [           main] o.h.q.sqm.function.SqmFunctionRegistry   : Registered SqmFunctionTemplate [NamedSqmFunctionTemplate(atan2)] under atan2; prior registration was null
2025-03-27T03:32:27.861Z DEBUG 845597 --- [gdgoc] [           main] o.h.q.sqm.function.SqmFunctionRegistry   : Registered SqmFunctionTemplate [org.hibernate.query.sqm.function.PatternBasedSqmFunctionDescriptor@349aeec4] under sinh; prior registration was null
2025-03-27T03:32:27.862Z DEBUG 845597 --- [gdgoc] [           main] o.h.q.sqm.function.SqmFunctionRegistry   : Registered SqmFunctionTemplate [org.hibernate.query.sqm.function.PatternBasedSqmFunctionDescriptor@3700994c] under cosh; prior registration was null
2025-03-27T03:32:27.862Z DEBUG 845597 --- [gdgoc] [           main] o.h.q.sqm.function.SqmFunctionRegistry   : Registered SqmFunctionTemplate [org.hibernate.query.sqm.function.PatternBasedSqmFunctionDescriptor@78a165db] under tanh; prior registration was null
2025-03-27T03:32:27.862Z DEBUG 845597 --- [gdgoc] [           main] o.h.q.sqm.function.SqmFunctionRegistry   : Registered SqmFunctionTemplate [org.hibernate.query.sqm.function.PatternBasedSqmFunctionDescriptor@4eb48298] under pi; prior registration was null
2025-03-27T03:32:27.862Z DEBUG 845597 --- [gdgoc] [           main] o.h.q.sqm.function.SqmFunctionRegistry   : Registered SqmFunctionTemplate [org.hibernate.query.sqm.function.PatternBasedSqmFunctionDescriptor@2d3bb944] under log; prior registration was null
2025-03-27T03:32:27.863Z DEBUG 845597 --- [gdgoc] [           main] o.h.q.sqm.function.SqmFunctionRegistry   : Registered SqmFunctionTemplate [NamedSqmFunctionTemplate(coalesce)] under coalesce; prior registration was null
2025-03-27T03:32:27.863Z DEBUG 845597 --- [gdgoc] [           main] o.h.q.sqm.function.SqmFunctionRegistry   : Registered SqmFunctionTemplate [NamedSqmFunctionTemplate(nullif)] under nullif; prior registration was null
2025-03-27T03:32:27.863Z DEBUG 845597 --- [gdgoc] [           main] o.h.q.sqm.function.SqmFunctionRegistry   : Registered SqmFunctionTemplate [NamedSqmFunctionTemplate(left)] under left; prior registration was null
2025-03-27T03:32:27.863Z DEBUG 845597 --- [gdgoc] [           main] o.h.q.sqm.function.SqmFunctionRegistry   : Registered SqmFunctionTemplate [NamedSqmFunctionTemplate(right)] under right; prior registration was null
2025-03-27T03:32:27.863Z DEBUG 845597 --- [gdgoc] [           main] o.h.q.sqm.function.SqmFunctionRegistry   : Registered SqmFunctionTemplate [NamedSqmFunctionTemplate(replace)] under replace; prior registration was null
2025-03-27T03:32:27.864Z DEBUG 845597 --- [gdgoc] [           main] o.h.q.sqm.function.SqmFunctionRegistry   : Registered SqmFunctionTemplate [NamedSqmFunctionTemplate(concat)] under concat; prior registration was null
2025-03-27T03:32:27.864Z DEBUG 845597 --- [gdgoc] [           main] o.h.q.sqm.function.SqmFunctionRegistry   : Registered SqmFunctionTemplate [NamedSqmFunctionTemplate(lower)] under lower; prior registration was null
2025-03-27T03:32:27.864Z DEBUG 845597 --- [gdgoc] [           main] o.h.q.sqm.function.SqmFunctionRegistry   : Registered SqmFunctionTemplate [NamedSqmFunctionTemplate(upper)] under upper; prior registration was null
2025-03-27T03:32:27.864Z DEBUG 845597 --- [gdgoc] [           main] o.h.q.sqm.function.SqmFunctionRegistry   : Registered SqmFunctionTemplate [NamedSqmFunctionTemplate(substring)] under substring; prior registration was null
2025-03-27T03:32:27.864Z DEBUG 845597 --- [gdgoc] [           main] o.h.q.sqm.function.SqmFunctionRegistry   : Registered SqmFunctionTemplate [NamedSqmFunctionTemplate(locate)] under locate; prior registration was null
2025-03-27T03:32:27.864Z DEBUG 845597 --- [gdgoc] [           main] o.h.q.sqm.function.SqmFunctionRegistry   : Registered SqmFunctionTemplate [NamedSqmFunctionTemplate(character_length)] under character_length; prior registration was null
2025-03-27T03:32:27.864Z DEBUG 845597 --- [gdgoc] [           main] o.h.q.sqm.function.SqmFunctionRegistry   : Registering alternate key : length -> character_length
2025-03-27T03:32:27.865Z DEBUG 845597 --- [gdgoc] [           main] o.h.q.sqm.function.SqmFunctionRegistry   : Registered SqmFunctionTemplate [org.hibernate.dialect.function.LocatePositionEmulation@ba87c11] under position; prior registration was null
2025-03-27T03:32:27.868Z DEBUG 845597 --- [gdgoc] [           main] o.h.q.sqm.function.SqmFunctionRegistry   : Registered SqmFunctionTemplate [org.hibernate.dialect.function.InsertSubstringOverlayEmulation@64ef2719] under overlay; prior registration was null
2025-03-27T03:32:27.869Z DEBUG 845597 --- [gdgoc] [           main] o.h.q.sqm.function.SqmFunctionRegistry   : Registered SqmFunctionTemplate [org.hibernate.dialect.function.TrimFunction@113c4ad6] under trim; prior registration was null
2025-03-27T03:32:27.870Z DEBUG 845597 --- [gdgoc] [           main] o.h.q.sqm.function.SqmFunctionRegistry   : Registered SqmFunctionTemplate [org.hibernate.dialect.function.CastFunction@2de7fe0e] under cast; prior registration was null
2025-03-27T03:32:27.871Z DEBUG 845597 --- [gdgoc] [           main] o.h.q.sqm.function.SqmFunctionRegistry   : Registered SqmFunctionTemplate [org.hibernate.query.sqm.function.PatternBasedSqmFunctionDescriptor@2ff8d39b] under collate; prior registration was null
2025-03-27T03:32:27.872Z DEBUG 845597 --- [gdgoc] [           main] o.h.q.sqm.function.SqmFunctionRegistry   : Registered SqmFunctionTemplate [org.hibernate.dialect.function.ExtractFunction@547052] under extract; prior registration was null
2025-03-27T03:32:27.872Z DEBUG 845597 --- [gdgoc] [           main] o.h.q.sqm.function.SqmFunctionRegistry   : Registered SqmFunctionTemplate [NamedSqmFunctionTemplate(least)] under least; prior registration was null
2025-03-27T03:32:27.872Z DEBUG 845597 --- [gdgoc] [           main] o.h.q.sqm.function.SqmFunctionRegistry   : Registered SqmFunctionTemplate [NamedSqmFunctionTemplate(greatest)] under greatest; prior registration was null
2025-03-27T03:32:27.873Z DEBUG 845597 --- [gdgoc] [           main] o.h.q.sqm.function.SqmFunctionRegistry   : Registered SqmFunctionTemplate [org.hibernate.dialect.function.CoalesceIfnullEmulation@215a329c] under ifnull; prior registration was null
2025-03-27T03:32:27.873Z DEBUG 845597 --- [gdgoc] [           main] o.h.q.sqm.function.SqmFunctionRegistry   : Registered SqmFunctionTemplate [NamedSqmFunctionTemplate(lpad)] under lpad; prior registration was null
2025-03-27T03:32:27.873Z DEBUG 845597 --- [gdgoc] [           main] o.h.q.sqm.function.SqmFunctionRegistry   : Registered SqmFunctionTemplate [NamedSqmFunctionTemplate(rpad)] under rpad; prior registration was null
2025-03-27T03:32:27.873Z DEBUG 845597 --- [gdgoc] [           main] o.h.q.sqm.function.SqmFunctionRegistry   : Registered SqmFunctionTemplate [org.hibernate.dialect.function.LpadRpadPadEmulation@2b0d85bd] under pad; prior registration was null
2025-03-27T03:32:27.874Z DEBUG 845597 --- [gdgoc] [           main] o.h.q.sqm.function.SqmFunctionRegistry   : Registered SqmFunctionTemplate [org.hibernate.dialect.function.CastStrEmulation@1f57666b] under str; prior registration was null
2025-03-27T03:32:27.900Z DEBUG 845597 --- [gdgoc] [           main] o.h.q.sqm.function.SqmFunctionRegistry   : Registered SqmFunctionTemplate [org.hibernate.dialect.function.FormatFunction@3bb4c2b2] under format; prior registration was null
2025-03-27T03:32:27.903Z DEBUG 845597 --- [gdgoc] [           main] o.h.q.sqm.function.SqmFunctionRegistry   : Registered SqmFunctionTemplate [org.hibernate.dialect.function.TimestampaddFunction@38caad07] under timestampadd; prior registration was null
2025-03-27T03:32:27.905Z DEBUG 845597 --- [gdgoc] [           main] o.h.q.sqm.function.SqmFunctionRegistry   : Registered SqmFunctionTemplate [org.hibernate.dialect.function.TimestampdiffFunction@12c78f36] under timestampdiff; prior registration was null
2025-03-27T03:32:27.905Z DEBUG 845597 --- [gdgoc] [           main] o.h.q.sqm.function.SqmFunctionRegistry   : Registering alternate key : dateadd -> timestampadd
2025-03-27T03:32:27.905Z DEBUG 845597 --- [gdgoc] [           main] o.h.q.sqm.function.SqmFunctionRegistry   : Registering alternate key : datediff -> timestampdiff
2025-03-27T03:32:27.906Z DEBUG 845597 --- [gdgoc] [           main] o.h.q.sqm.function.SqmFunctionRegistry   : Registered SqmFunctionTemplate [org.hibernate.dialect.function.CurrentFunction@180f33b2] under current_date; prior registration was null
2025-03-27T03:32:27.906Z DEBUG 845597 --- [gdgoc] [           main] o.h.q.sqm.function.SqmFunctionRegistry   : Registered SqmFunctionTemplate [org.hibernate.dialect.function.CurrentFunction@391e85df] under current_time; prior registration was null
2025-03-27T03:32:27.906Z DEBUG 845597 --- [gdgoc] [           main] o.h.q.sqm.function.SqmFunctionRegistry   : Registered SqmFunctionTemplate [org.hibernate.dialect.function.CurrentFunction@48c3a0ef] under current_timestamp; prior registration was null
2025-03-27T03:32:27.906Z DEBUG 845597 --- [gdgoc] [           main] o.h.q.sqm.function.SqmFunctionRegistry   : Registering alternate key : current date -> current_date
2025-03-27T03:32:27.906Z DEBUG 845597 --- [gdgoc] [           main] o.h.q.sqm.function.SqmFunctionRegistry   : Registering alternate key : current time -> current_time
2025-03-27T03:32:27.906Z DEBUG 845597 --- [gdgoc] [           main] o.h.q.sqm.function.SqmFunctionRegistry   : Registering alternate key : current timestamp -> current_timestamp
2025-03-27T03:32:27.906Z DEBUG 845597 --- [gdgoc] [           main] o.h.q.sqm.function.SqmFunctionRegistry   : Registered SqmFunctionTemplate [org.hibernate.dialect.function.CurrentFunction@3b4f1eb] under local_date; prior registration was null
2025-03-27T03:32:27.906Z DEBUG 845597 --- [gdgoc] [           main] o.h.q.sqm.function.SqmFunctionRegistry   : Registered SqmFunctionTemplate [org.hibernate.dialect.function.CurrentFunction@6247c08c] under local_time; prior registration was null
2025-03-27T03:32:27.906Z DEBUG 845597 --- [gdgoc] [           main] o.h.q.sqm.function.SqmFunctionRegistry   : Registered SqmFunctionTemplate [org.hibernate.dialect.function.CurrentFunction@2f3a8166] under local_datetime; prior registration was null
2025-03-27T03:32:27.906Z DEBUG 845597 --- [gdgoc] [           main] o.h.q.sqm.function.SqmFunctionRegistry   : Registered SqmFunctionTemplate [org.hibernate.dialect.function.CurrentFunction@7aab98b6] under offset_datetime; prior registration was null
2025-03-27T03:32:27.906Z DEBUG 845597 --- [gdgoc] [           main] o.h.q.sqm.function.SqmFunctionRegistry   : Registering alternate key : local date -> local_date
2025-03-27T03:32:27.906Z DEBUG 845597 --- [gdgoc] [           main] o.h.q.sqm.function.SqmFunctionRegistry   : Registering alternate key : local time -> local_time
2025-03-27T03:32:27.906Z DEBUG 845597 --- [gdgoc] [           main] o.h.q.sqm.function.SqmFunctionRegistry   : Registering alternate key : local datetime -> local_datetime
2025-03-27T03:32:27.906Z DEBUG 845597 --- [gdgoc] [           main] o.h.q.sqm.function.SqmFunctionRegistry   : Registering alternate key : offset datetime -> offset_datetime
2025-03-27T03:32:27.906Z DEBUG 845597 --- [gdgoc] [           main] o.h.q.sqm.function.SqmFunctionRegistry   : Registered SqmFunctionTemplate [org.hibernate.dialect.function.CurrentFunction@5e3405a1] under instant; prior registration was null
2025-03-27T03:32:27.906Z DEBUG 845597 --- [gdgoc] [           main] o.h.q.sqm.function.SqmFunctionRegistry   : Registering alternate key : current_instant -> instant
2025-03-27T03:32:27.907Z DEBUG 845597 --- [gdgoc] [           main] o.h.q.sqm.function.SqmFunctionRegistry   : Registered SqmFunctionTemplate [org.hibernate.dialect.function.SqlFunction@21ce3b22] under sql; prior registration was null
2025-03-27T03:32:27.907Z DEBUG 845597 --- [gdgoc] [           main] o.h.q.sqm.function.SqmFunctionRegistry   : Registered SqmFunctionTemplate [NamedSqmFunctionTemplate(soundex)] under soundex; prior registration was null
2025-03-27T03:32:27.907Z DEBUG 845597 --- [gdgoc] [           main] o.h.q.sqm.function.SqmFunctionRegistry   : Registered SqmFunctionTemplate [NamedSqmFunctionTemplate(radians)] under radians; prior registration was null
2025-03-27T03:32:27.907Z DEBUG 845597 --- [gdgoc] [           main] o.h.q.sqm.function.SqmFunctionRegistry   : Registered SqmFunctionTemplate [NamedSqmFunctionTemplate(degrees)] under degrees; prior registration was null
2025-03-27T03:32:27.907Z DEBUG 845597 --- [gdgoc] [           main] o.h.q.sqm.function.SqmFunctionRegistry   : Registered SqmFunctionTemplate [NamedSqmFunctionTemplate(cot)] under cot; prior registration was null
2025-03-27T03:32:27.907Z DEBUG 845597 --- [gdgoc] [           main] o.h.q.sqm.function.SqmFunctionRegistry   : Registered SqmFunctionTemplate [NamedSqmFunctionTemplate(log)] under log; prior registration was org.hibernate.query.sqm.function.PatternBasedSqmFunctionDescriptor@2d3bb944
2025-03-27T03:32:27.907Z DEBUG 845597 --- [gdgoc] [           main] o.h.q.sqm.function.SqmFunctionRegistry   : Registered SqmFunctionTemplate [NamedSqmFunctionTemplate(log2)] under log2; prior registration was null
2025-03-27T03:32:27.907Z DEBUG 845597 --- [gdgoc] [           main] o.h.q.sqm.function.SqmFunctionRegistry   : Registered SqmFunctionTemplate [NamedSqmFunctionTemplate(log10)] under log10; prior registration was null
2025-03-27T03:32:27.907Z DEBUG 845597 --- [gdgoc] [           main] o.h.q.sqm.function.SqmFunctionRegistry   : Registered SqmFunctionTemplate [NamedSqmFunctionTemplate(ltrim)] under ltrim; prior registration was null
2025-03-27T03:32:27.907Z DEBUG 845597 --- [gdgoc] [           main] o.h.q.sqm.function.SqmFunctionRegistry   : Registered SqmFunctionTemplate [NamedSqmFunctionTemplate(rtrim)] under rtrim; prior registration was null
2025-03-27T03:32:27.907Z DEBUG 845597 --- [gdgoc] [           main] o.h.q.sqm.function.SqmFunctionRegistry   : Registered SqmFunctionTemplate [NamedSqmFunctionTemplate(octet_length)] under octet_length; prior registration was null
2025-03-27T03:32:27.907Z DEBUG 845597 --- [gdgoc] [           main] o.h.q.sqm.function.SqmFunctionRegistry   : Registered SqmFunctionTemplate [NamedSqmFunctionTemplate(reverse)] under reverse; prior registration was null
2025-03-27T03:32:27.908Z DEBUG 845597 --- [gdgoc] [           main] o.h.q.sqm.function.SqmFunctionRegistry   : Registered SqmFunctionTemplate [NamedSqmFunctionTemplate(space)] under space; prior registration was null
2025-03-27T03:32:27.908Z DEBUG 845597 --- [gdgoc] [           main] o.h.q.sqm.function.SqmFunctionRegistry   : Registered SqmFunctionTemplate [NamedSqmFunctionTemplate(repeat)] under repeat; prior registration was null
2025-03-27T03:32:27.909Z DEBUG 845597 --- [gdgoc] [           main] o.h.q.sqm.function.SqmFunctionRegistry   : Registered SqmFunctionTemplate [org.hibernate.query.sqm.function.MultipatternSqmFunctionDescriptor@48f4264e] under lpad; prior registration was NamedSqmFunctionTemplate(lpad)
2025-03-27T03:32:27.909Z DEBUG 845597 --- [gdgoc] [           main] o.h.q.sqm.function.SqmFunctionRegistry   : Registered SqmFunctionTemplate [org.hibernate.query.sqm.function.MultipatternSqmFunctionDescriptor@2697c156] under rpad; prior registration was NamedSqmFunctionTemplate(rpad)
2025-03-27T03:32:27.909Z DEBUG 845597 --- [gdgoc] [           main] o.h.q.sqm.function.SqmFunctionRegistry   : Registered SqmFunctionTemplate [NamedSqmFunctionTemplate(md5)] under md5; prior registration was null
2025-03-27T03:32:27.909Z DEBUG 845597 --- [gdgoc] [           main] o.h.q.sqm.function.SqmFunctionRegistry   : Registered SqmFunctionTemplate [NamedSqmFunctionTemplate(day)] under day; prior registration was null
2025-03-27T03:32:27.909Z DEBUG 845597 --- [gdgoc] [           main] o.h.q.sqm.function.SqmFunctionRegistry   : Registered SqmFunctionTemplate [NamedSqmFunctionTemplate(month)] under month; prior registration was null
2025-03-27T03:32:27.909Z DEBUG 845597 --- [gdgoc] [           main] o.h.q.sqm.function.SqmFunctionRegistry   : Registered SqmFunctionTemplate [NamedSqmFunctionTemplate(year)] under year; prior registration was null
2025-03-27T03:32:27.909Z DEBUG 845597 --- [gdgoc] [           main] o.h.q.sqm.function.SqmFunctionRegistry   : Registered SqmFunctionTemplate [NamedSqmFunctionTemplate(hour)] under hour; prior registration was null
2025-03-27T03:32:27.909Z DEBUG 845597 --- [gdgoc] [           main] o.h.q.sqm.function.SqmFunctionRegistry   : Registered SqmFunctionTemplate [NamedSqmFunctionTemplate(minute)] under minute; prior registration was null
2025-03-27T03:32:27.911Z DEBUG 845597 --- [gdgoc] [           main] o.h.q.sqm.function.SqmFunctionRegistry   : Registered SqmFunctionTemplate [NamedSqmFunctionTemplate(second)] under second; prior registration was null
2025-03-27T03:32:27.911Z DEBUG 845597 --- [gdgoc] [           main] o.h.q.sqm.function.SqmFunctionRegistry   : Registered SqmFunctionTemplate [NamedSqmFunctionTemplate(microsecond)] under microsecond; prior registration was null
2025-03-27T03:32:27.911Z DEBUG 845597 --- [gdgoc] [           main] o.h.q.sqm.function.SqmFunctionRegistry   : Registered SqmFunctionTemplate [NamedSqmFunctionTemplate(dayofweek)] under dayofweek; prior registration was null
2025-03-27T03:32:27.911Z DEBUG 845597 --- [gdgoc] [           main] o.h.q.sqm.function.SqmFunctionRegistry   : Registered SqmFunctionTemplate [NamedSqmFunctionTemplate(dayofmonth)] under dayofmonth; prior registration was null
2025-03-27T03:32:27.911Z DEBUG 845597 --- [gdgoc] [           main] o.h.q.sqm.function.SqmFunctionRegistry   : Registering alternate key : day -> dayofmonth
2025-03-27T03:32:27.911Z DEBUG 845597 --- [gdgoc] [           main] o.h.q.sqm.function.SqmFunctionRegistry   : Registered SqmFunctionTemplate [NamedSqmFunctionTemplate(dayofyear)] under dayofyear; prior registration was null
2025-03-27T03:32:27.911Z DEBUG 845597 --- [gdgoc] [           main] o.h.q.sqm.function.SqmFunctionRegistry   : Registered SqmFunctionTemplate [NamedSqmFunctionTemplate(week)] under week; prior registration was null
2025-03-27T03:32:27.911Z DEBUG 845597 --- [gdgoc] [           main] o.h.q.sqm.function.SqmFunctionRegistry   : Registered SqmFunctionTemplate [NamedSqmFunctionTemplate(quarter)] under quarter; prior registration was null
2025-03-27T03:32:27.911Z DEBUG 845597 --- [gdgoc] [           main] o.h.q.sqm.function.SqmFunctionRegistry   : Registered SqmFunctionTemplate [NamedSqmFunctionTemplate(monthname)] under monthname; prior registration was null
2025-03-27T03:32:27.911Z DEBUG 845597 --- [gdgoc] [           main] o.h.q.sqm.function.SqmFunctionRegistry   : Registered SqmFunctionTemplate [NamedSqmFunctionTemplate(dayname)] under dayname; prior registration was null
2025-03-27T03:32:27.911Z DEBUG 845597 --- [gdgoc] [           main] o.h.q.sqm.function.SqmFunctionRegistry   : Registered SqmFunctionTemplate [NamedSqmFunctionTemplate(last_day)] under last_day; prior registration was null
2025-03-27T03:32:27.911Z DEBUG 845597 --- [gdgoc] [           main] o.h.q.sqm.function.SqmFunctionRegistry   : Registered SqmFunctionTemplate [NamedSqmFunctionTemplate(date)] under date; prior registration was null
2025-03-27T03:32:27.911Z DEBUG 845597 --- [gdgoc] [           main] o.h.q.sqm.function.SqmFunctionRegistry   : Registered SqmFunctionTemplate [NamedSqmFunctionTemplate(timestamp)] under timestamp; prior registration was null
2025-03-27T03:32:27.911Z DEBUG 845597 --- [gdgoc] [           main] o.h.q.sqm.function.SqmFunctionRegistry   : Registered SqmFunctionTemplate [NamedSqmFunctionTemplate(time)] under time; prior registration was null
2025-03-27T03:32:27.912Z DEBUG 845597 --- [gdgoc] [           main] o.h.q.sqm.function.SqmFunctionRegistry   : Registered SqmFunctionTemplate [NamedSqmFunctionTemplate(utc_date)] under utc_date; prior registration was null
2025-03-27T03:32:27.912Z DEBUG 845597 --- [gdgoc] [           main] o.h.q.sqm.function.SqmFunctionRegistry   : Registered SqmFunctionTemplate [NamedSqmFunctionTemplate(utc_time)] under utc_time; prior registration was null
2025-03-27T03:32:27.912Z DEBUG 845597 --- [gdgoc] [           main] o.h.q.sqm.function.SqmFunctionRegistry   : Registered SqmFunctionTemplate [NamedSqmFunctionTemplate(utc_timestamp)] under utc_timestamp; prior registration was null
2025-03-27T03:32:27.912Z DEBUG 845597 --- [gdgoc] [           main] o.h.q.sqm.function.SqmFunctionRegistry   : Registered SqmFunctionTemplate [NamedSqmFunctionTemplate(rand)] under rand; prior registration was null
2025-03-27T03:32:27.912Z DEBUG 845597 --- [gdgoc] [           main] o.h.q.sqm.function.SqmFunctionRegistry   : Registered SqmFunctionTemplate [NamedSqmFunctionTemplate(crc32)] under crc32; prior registration was null
2025-03-27T03:32:27.912Z DEBUG 845597 --- [gdgoc] [           main] o.h.q.sqm.function.SqmFunctionRegistry   : Registered SqmFunctionTemplate [NamedSqmFunctionTemplate(sha1)] under sha1; prior registration was null
2025-03-27T03:32:27.912Z DEBUG 845597 --- [gdgoc] [           main] o.h.q.sqm.function.SqmFunctionRegistry   : Registered SqmFunctionTemplate [NamedSqmFunctionTemplate(sha2)] under sha2; prior registration was null
2025-03-27T03:32:27.912Z DEBUG 845597 --- [gdgoc] [           main] o.h.q.sqm.function.SqmFunctionRegistry   : Registered SqmFunctionTemplate [NamedSqmFunctionTemplate(sha)] under sha; prior registration was null
2025-03-27T03:32:27.912Z DEBUG 845597 --- [gdgoc] [           main] o.h.q.sqm.function.SqmFunctionRegistry   : Registered SqmFunctionTemplate [NamedSqmFunctionTemplate(bit_length)] under bit_length; prior registration was null
2025-03-27T03:32:27.912Z DEBUG 845597 --- [gdgoc] [           main] o.h.q.sqm.function.SqmFunctionRegistry   : Registered SqmFunctionTemplate [NamedSqmFunctionTemplate(octet_length)] under octet_length; prior registration was NamedSqmFunctionTemplate(octet_length)
2025-03-27T03:32:27.912Z DEBUG 845597 --- [gdgoc] [           main] o.h.q.sqm.function.SqmFunctionRegistry   : Registered SqmFunctionTemplate [NamedSqmFunctionTemplate(ascii)] under ascii; prior registration was null
2025-03-27T03:32:27.912Z DEBUG 845597 --- [gdgoc] [           main] o.h.q.sqm.function.SqmFunctionRegistry   : Registered SqmFunctionTemplate [NamedSqmFunctionTemplate(instr)] under instr; prior registration was null
2025-03-27T03:32:27.912Z DEBUG 845597 --- [gdgoc] [           main] o.h.q.sqm.function.SqmFunctionRegistry   : Registered SqmFunctionTemplate [NamedSqmFunctionTemplate(substr)] under substr; prior registration was null
2025-03-27T03:32:27.913Z DEBUG 845597 --- [gdgoc] [           main] o.h.q.sqm.function.SqmFunctionRegistry   : Registered SqmFunctionTemplate [org.hibernate.query.sqm.function.PatternBasedSqmFunctionDescriptor@533d7c61] under position; prior registration was org.hibernate.dialect.function.LocatePositionEmulation@ba87c11
2025-03-27T03:32:27.913Z DEBUG 845597 --- [gdgoc] [           main] o.h.q.sqm.function.SqmFunctionRegistry   : Registered SqmFunctionTemplate [NamedSqmFunctionTemplate(curtime)] under curtime; prior registration was null
2025-03-27T03:32:27.913Z DEBUG 845597 --- [gdgoc] [           main] o.h.q.sqm.function.SqmFunctionRegistry   : Registered SqmFunctionTemplate [NamedSqmFunctionTemplate(curdate)] under curdate; prior registration was null
2025-03-27T03:32:27.913Z DEBUG 845597 --- [gdgoc] [           main] o.h.q.sqm.function.SqmFunctionRegistry   : Registered SqmFunctionTemplate [NamedSqmFunctionTemplate(now)] under now; prior registration was null
2025-03-27T03:32:27.918Z DEBUG 845597 --- [gdgoc] [           main] o.h.q.sqm.function.SqmFunctionRegistry   : Registered SqmFunctionTemplate [org.hibernate.dialect.function.TruncFunction@6f2864c3] under trunc; prior registration was null
2025-03-27T03:32:27.919Z DEBUG 845597 --- [gdgoc] [           main] o.h.q.sqm.function.SqmFunctionRegistry   : Registering alternate key : truncate -> trunc
2025-03-27T03:32:27.919Z DEBUG 845597 --- [gdgoc] [           main] o.h.q.sqm.function.SqmFunctionRegistry   : Registered SqmFunctionTemplate [NamedSqmFunctionTemplate(insert)] under insert; prior registration was null
2025-03-27T03:32:27.919Z DEBUG 845597 --- [gdgoc] [           main] o.h.q.sqm.function.SqmFunctionRegistry   : Registered SqmFunctionTemplate [org.hibernate.query.sqm.function.PatternBasedSqmFunctionDescriptor@50ef2906] under bitand; prior registration was null
2025-03-27T03:32:27.919Z DEBUG 845597 --- [gdgoc] [           main] o.h.q.sqm.function.SqmFunctionRegistry   : Registered SqmFunctionTemplate [org.hibernate.query.sqm.function.PatternBasedSqmFunctionDescriptor@1f70bce5] under bitor; prior registration was null
2025-03-27T03:32:27.919Z DEBUG 845597 --- [gdgoc] [           main] o.h.q.sqm.function.SqmFunctionRegistry   : Registered SqmFunctionTemplate [org.hibernate.query.sqm.function.PatternBasedSqmFunctionDescriptor@3ae91ab3] under bitxor; prior registration was null
2025-03-27T03:32:27.919Z DEBUG 845597 --- [gdgoc] [           main] o.h.q.sqm.function.SqmFunctionRegistry   : Registered SqmFunctionTemplate [org.hibernate.query.sqm.function.PatternBasedSqmFunctionDescriptor@16cb6f51] under bitnot; prior registration was null
2025-03-27T03:32:27.919Z DEBUG 845597 --- [gdgoc] [           main] o.h.q.sqm.function.SqmFunctionRegistry   : Registered SqmFunctionTemplate [NamedSqmFunctionTemplate(bit_and)] under bit_and; prior registration was null
2025-03-27T03:32:27.919Z DEBUG 845597 --- [gdgoc] [           main] o.h.q.sqm.function.SqmFunctionRegistry   : Registered SqmFunctionTemplate [NamedSqmFunctionTemplate(bit_or)] under bit_or; prior registration was null
2025-03-27T03:32:27.920Z DEBUG 845597 --- [gdgoc] [           main] o.h.q.sqm.function.SqmFunctionRegistry   : Registered SqmFunctionTemplate [NamedSqmFunctionTemplate(stddev)] under stddev; prior registration was null
2025-03-27T03:32:27.920Z DEBUG 845597 --- [gdgoc] [           main] o.h.q.sqm.function.SqmFunctionRegistry   : Registered SqmFunctionTemplate [NamedSqmFunctionTemplate(stddev_pop)] under stddev_pop; prior registration was null
2025-03-27T03:32:27.920Z DEBUG 845597 --- [gdgoc] [           main] o.h.q.sqm.function.SqmFunctionRegistry   : Registered SqmFunctionTemplate [NamedSqmFunctionTemplate(stddev_samp)] under stddev_samp; prior registration was null
2025-03-27T03:32:27.920Z DEBUG 845597 --- [gdgoc] [           main] o.h.q.sqm.function.SqmFunctionRegistry   : Registered SqmFunctionTemplate [NamedSqmFunctionTemplate(variance)] under variance; prior registration was null
2025-03-27T03:32:27.920Z DEBUG 845597 --- [gdgoc] [           main] o.h.q.sqm.function.SqmFunctionRegistry   : Registered SqmFunctionTemplate [NamedSqmFunctionTemplate(var_pop)] under var_pop; prior registration was null
2025-03-27T03:32:27.920Z DEBUG 845597 --- [gdgoc] [           main] o.h.q.sqm.function.SqmFunctionRegistry   : Registered SqmFunctionTemplate [NamedSqmFunctionTemplate(var_samp)] under var_samp; prior registration was null
2025-03-27T03:32:27.920Z DEBUG 845597 --- [gdgoc] [           main] o.h.q.sqm.function.SqmFunctionRegistry   : Registered SqmFunctionTemplate [NamedSqmFunctionTemplate(datediff)] under datediff; prior registration was null
2025-03-27T03:32:27.920Z DEBUG 845597 --- [gdgoc] [           main] o.h.q.sqm.function.SqmFunctionRegistry   : Registered SqmFunctionTemplate [NamedSqmFunctionTemplate(adddate)] under adddate; prior registration was null
2025-03-27T03:32:27.920Z DEBUG 845597 --- [gdgoc] [           main] o.h.q.sqm.function.SqmFunctionRegistry   : Registered SqmFunctionTemplate [NamedSqmFunctionTemplate(subdate)] under subdate; prior registration was null
2025-03-27T03:32:27.920Z DEBUG 845597 --- [gdgoc] [           main] o.h.q.sqm.function.SqmFunctionRegistry   : Registered SqmFunctionTemplate [NamedSqmFunctionTemplate(addtime)] under addtime; prior registration was null
2025-03-27T03:32:27.920Z DEBUG 845597 --- [gdgoc] [           main] o.h.q.sqm.function.SqmFunctionRegistry   : Registered SqmFunctionTemplate [NamedSqmFunctionTemplate(subtime)] under subtime; prior registration was null
2025-03-27T03:32:27.920Z DEBUG 845597 --- [gdgoc] [           main] o.h.q.sqm.function.SqmFunctionRegistry   : Registered SqmFunctionTemplate [org.hibernate.dialect.function.FormatFunction@3fc5d397] under format; prior registration was org.hibernate.dialect.function.FormatFunction@3bb4c2b2
2025-03-27T03:32:27.920Z DEBUG 845597 --- [gdgoc] [           main] o.h.q.sqm.function.SqmFunctionRegistry   : Registered SqmFunctionTemplate [NamedSqmFunctionTemplate(makedate)] under makedate; prior registration was null
2025-03-27T03:32:27.920Z DEBUG 845597 --- [gdgoc] [           main] o.h.q.sqm.function.SqmFunctionRegistry   : Registered SqmFunctionTemplate [NamedSqmFunctionTemplate(maketime)] under maketime; prior registration was null
2025-03-27T03:32:27.920Z DEBUG 845597 --- [gdgoc] [           main] o.h.q.sqm.function.SqmFunctionRegistry   : Registered SqmFunctionTemplate [NamedSqmFunctionTemplate(localtime)] under localtime; prior registration was null
2025-03-27T03:32:27.920Z DEBUG 845597 --- [gdgoc] [           main] o.h.q.sqm.function.SqmFunctionRegistry   : Registered SqmFunctionTemplate [NamedSqmFunctionTemplate(localtimestamp)] under localtimestamp; prior registration was null
2025-03-27T03:32:27.920Z DEBUG 845597 --- [gdgoc] [           main] o.h.q.sqm.function.SqmFunctionRegistry   : Registered SqmFunctionTemplate [NamedSqmFunctionTemplate(localtime)] under local_time; prior registration was org.hibernate.dialect.function.CurrentFunction@6247c08c
2025-03-27T03:32:27.920Z DEBUG 845597 --- [gdgoc] [           main] o.h.q.sqm.function.SqmFunctionRegistry   : Registered SqmFunctionTemplate [NamedSqmFunctionTemplate(localtimestamp)] under local_datetime; prior registration was org.hibernate.dialect.function.CurrentFunction@2f3a8166
2025-03-27T03:32:27.920Z DEBUG 845597 --- [gdgoc] [           main] o.h.q.sqm.function.SqmFunctionRegistry   : Registered SqmFunctionTemplate [NamedSqmFunctionTemplate(localtime)] under localtime; prior registration was NamedSqmFunctionTemplate(localtime)
2025-03-27T03:32:27.920Z DEBUG 845597 --- [gdgoc] [           main] o.h.q.sqm.function.SqmFunctionRegistry   : Registered SqmFunctionTemplate [org.hibernate.query.sqm.function.PatternBasedSqmFunctionDescriptor@25c8c71e] under pi; prior registration was org.hibernate.query.sqm.function.PatternBasedSqmFunctionDescriptor@4eb48298
2025-03-27T03:32:27.920Z DEBUG 845597 --- [gdgoc] [           main] o.h.q.sqm.function.SqmFunctionRegistry   : Registered SqmFunctionTemplate [org.hibernate.query.sqm.function.PatternBasedSqmFunctionDescriptor@57867d96] under chr; prior registration was null
2025-03-27T03:32:27.921Z DEBUG 845597 --- [gdgoc] [           main] o.h.q.sqm.function.SqmFunctionRegistry   : Registering alternate key : char -> chr
2025-03-27T03:32:27.921Z DEBUG 845597 --- [gdgoc] [           main] o.h.q.sqm.function.SqmFunctionRegistry   : Registered SqmFunctionTemplate [org.hibernate.query.sqm.function.PatternBasedSqmFunctionDescriptor@1a7a21d0] under sysdate; prior registration was null
2025-03-27T03:32:27.922Z DEBUG 845597 --- [gdgoc] [           main] o.h.q.sqm.function.SqmFunctionRegistry   : Registered SqmFunctionTemplate [org.hibernate.dialect.function.ListaggGroupConcatEmulation@4790b897] under listagg; prior registration was null
2025-03-27T03:32:27.927Z DEBUG 845597 --- [gdgoc] [           main] org.hibernate.HQL_FUNCTIONS              : abs(NUMERIC arg)
2025-03-27T03:32:27.928Z DEBUG 845597 --- [gdgoc] [           main] org.hibernate.HQL_FUNCTIONS              : Double acos(NUMERIC arg)
2025-03-27T03:32:27.928Z DEBUG 845597 --- [gdgoc] [           main] org.hibernate.HQL_FUNCTIONS              : adddate(DATE datetime, INTEGER days)
2025-03-27T03:32:27.928Z DEBUG 845597 --- [gdgoc] [           main] org.hibernate.HQL_FUNCTIONS              : addtime(TIME datetime, TIME time)
2025-03-27T03:32:27.928Z DEBUG 845597 --- [gdgoc] [           main] org.hibernate.HQL_FUNCTIONS              : Boolean any(BOOLEAN arg)
2025-03-27T03:32:27.928Z DEBUG 845597 --- [gdgoc] [           main] org.hibernate.HQL_FUNCTIONS              : Integer ascii(STRING arg)
2025-03-27T03:32:27.928Z DEBUG 845597 --- [gdgoc] [           main] org.hibernate.HQL_FUNCTIONS              : Double asin(NUMERIC arg)
2025-03-27T03:32:27.928Z DEBUG 845597 --- [gdgoc] [           main] org.hibernate.HQL_FUNCTIONS              : Double atan(NUMERIC arg)
2025-03-27T03:32:27.928Z DEBUG 845597 --- [gdgoc] [           main] org.hibernate.HQL_FUNCTIONS              : Double atan2(NUMERIC arg0, NUMERIC arg1)
2025-03-27T03:32:27.928Z DEBUG 845597 --- [gdgoc] [           main] org.hibernate.HQL_FUNCTIONS              : avg(arg)
2025-03-27T03:32:27.928Z DEBUG 845597 --- [gdgoc] [           main] org.hibernate.HQL_FUNCTIONS              : bit_and(arg)
2025-03-27T03:32:27.928Z DEBUG 845597 --- [gdgoc] [           main] org.hibernate.HQL_FUNCTIONS              : Integer bit_length(STRING_OR_CLOB arg)
2025-03-27T03:32:27.928Z DEBUG 845597 --- [gdgoc] [           main] org.hibernate.HQL_FUNCTIONS              : bit_or(arg)
2025-03-27T03:32:27.928Z DEBUG 845597 --- [gdgoc] [           main] org.hibernate.HQL_FUNCTIONS              : bitand(arg0, arg1)
2025-03-27T03:32:27.929Z DEBUG 845597 --- [gdgoc] [           main] org.hibernate.HQL_FUNCTIONS              : bitnot(arg)
2025-03-27T03:32:27.929Z DEBUG 845597 --- [gdgoc] [           main] org.hibernate.HQL_FUNCTIONS              : bitor(arg0, arg1)
2025-03-27T03:32:27.929Z DEBUG 845597 --- [gdgoc] [           main] org.hibernate.HQL_FUNCTIONS              : bitxor(arg0, arg1)
2025-03-27T03:32:27.929Z DEBUG 845597 --- [gdgoc] [           main] org.hibernate.HQL_FUNCTIONS              : cast(arg as Type)
2025-03-27T03:32:27.929Z DEBUG 845597 --- [gdgoc] [           main] org.hibernate.HQL_FUNCTIONS              : ceiling(NUMERIC arg)
2025-03-27T03:32:27.929Z DEBUG 845597 --- [gdgoc] [           main] org.hibernate.HQL_FUNCTIONS              : Character char(INTEGER arg)
2025-03-27T03:32:27.929Z DEBUG 845597 --- [gdgoc] [           main] org.hibernate.HQL_FUNCTIONS              : Integer character_length(STRING_OR_CLOB arg)
2025-03-27T03:32:27.929Z DEBUG 845597 --- [gdgoc] [           main] org.hibernate.HQL_FUNCTIONS              : Character chr(INTEGER arg)
2025-03-27T03:32:27.929Z DEBUG 845597 --- [gdgoc] [           main] org.hibernate.HQL_FUNCTIONS              : coalesce(arg0[, arg1[, ...]])
2025-03-27T03:32:27.929Z DEBUG 845597 --- [gdgoc] [           main] org.hibernate.HQL_FUNCTIONS              : String collate(STRING string as COLLATION collation)
2025-03-27T03:32:27.929Z DEBUG 845597 --- [gdgoc] [           main] org.hibernate.HQL_FUNCTIONS              : String concat(STRING string0[, STRING string1[, ...]])
2025-03-27T03:32:27.929Z DEBUG 845597 --- [gdgoc] [           main] org.hibernate.HQL_FUNCTIONS              : Double cos(NUMERIC arg)
2025-03-27T03:32:27.930Z DEBUG 845597 --- [gdgoc] [           main] org.hibernate.HQL_FUNCTIONS              : Double cosh(NUMERIC arg)
2025-03-27T03:32:27.930Z DEBUG 845597 --- [gdgoc] [           main] org.hibernate.HQL_FUNCTIONS              : Double cot(NUMERIC arg)
2025-03-27T03:32:27.930Z DEBUG 845597 --- [gdgoc] [           main] org.hibernate.HQL_FUNCTIONS              : Long count([distinct ]{arg|*})
2025-03-27T03:32:27.930Z DEBUG 845597 --- [gdgoc] [           main] org.hibernate.HQL_FUNCTIONS              : Integer crc32(arg)
2025-03-27T03:32:27.930Z DEBUG 845597 --- [gdgoc] [           main] org.hibernate.HQL_FUNCTIONS              : Date curdate()
2025-03-27T03:32:27.930Z DEBUG 845597 --- [gdgoc] [           main] org.hibernate.HQL_FUNCTIONS              : Date current date
2025-03-27T03:32:27.930Z DEBUG 845597 --- [gdgoc] [           main] org.hibernate.HQL_FUNCTIONS              : Time current time
2025-03-27T03:32:27.930Z DEBUG 845597 --- [gdgoc] [           main] org.hibernate.HQL_FUNCTIONS              : Timestamp current timestamp
2025-03-27T03:32:27.930Z DEBUG 845597 --- [gdgoc] [           main] org.hibernate.HQL_FUNCTIONS              : Date current_date
2025-03-27T03:32:27.930Z DEBUG 845597 --- [gdgoc] [           main] org.hibernate.HQL_FUNCTIONS              : Instant current_instant
2025-03-27T03:32:27.930Z DEBUG 845597 --- [gdgoc] [           main] org.hibernate.HQL_FUNCTIONS              : Time current_time
2025-03-27T03:32:27.930Z DEBUG 845597 --- [gdgoc] [           main] org.hibernate.HQL_FUNCTIONS              : Timestamp current_timestamp
2025-03-27T03:32:27.930Z DEBUG 845597 --- [gdgoc] [           main] org.hibernate.HQL_FUNCTIONS              : Time curtime()
2025-03-27T03:32:27.930Z DEBUG 845597 --- [gdgoc] [           main] org.hibernate.HQL_FUNCTIONS              : Date date(arg)
2025-03-27T03:32:27.931Z DEBUG 845597 --- [gdgoc] [           main] org.hibernate.HQL_FUNCTIONS              : dateadd(TEMPORAL_UNIT field, INTEGER magnitude, TEMPORAL datetime)
2025-03-27T03:32:27.931Z DEBUG 845597 --- [gdgoc] [           main] org.hibernate.HQL_FUNCTIONS              : Integer datediff(DATE end, DATE start)
2025-03-27T03:32:27.931Z DEBUG 845597 --- [gdgoc] [           main] org.hibernate.HQL_FUNCTIONS              : Integer day(DATE arg)
2025-03-27T03:32:27.931Z DEBUG 845597 --- [gdgoc] [           main] org.hibernate.HQL_FUNCTIONS              : String dayname(DATE arg)
2025-03-27T03:32:27.931Z DEBUG 845597 --- [gdgoc] [           main] org.hibernate.HQL_FUNCTIONS              : Integer dayofmonth(DATE arg)
2025-03-27T03:32:27.931Z DEBUG 845597 --- [gdgoc] [           main] org.hibernate.HQL_FUNCTIONS              : Integer dayofweek(DATE arg)
2025-03-27T03:32:27.931Z DEBUG 845597 --- [gdgoc] [           main] org.hibernate.HQL_FUNCTIONS              : Integer dayofyear(DATE arg)
2025-03-27T03:32:27.931Z DEBUG 845597 --- [gdgoc] [           main] org.hibernate.HQL_FUNCTIONS              : Double degrees(NUMERIC arg)
2025-03-27T03:32:27.931Z DEBUG 845597 --- [gdgoc] [           main] org.hibernate.HQL_FUNCTIONS              : Boolean every(BOOLEAN arg)
2025-03-27T03:32:27.931Z DEBUG 845597 --- [gdgoc] [           main] org.hibernate.HQL_FUNCTIONS              : Double exp(NUMERIC arg)
2025-03-27T03:32:27.931Z DEBUG 845597 --- [gdgoc] [           main] org.hibernate.HQL_FUNCTIONS              : extract(TEMPORAL_UNIT field from TEMPORAL arg)
2025-03-27T03:32:27.931Z DEBUG 845597 --- [gdgoc] [           main] org.hibernate.HQL_FUNCTIONS              : floor(NUMERIC arg)
2025-03-27T03:32:27.931Z DEBUG 845597 --- [gdgoc] [           main] org.hibernate.HQL_FUNCTIONS              : String format(TEMPORAL datetime as STRING pattern)
2025-03-27T03:32:27.931Z DEBUG 845597 --- [gdgoc] [           main] org.hibernate.HQL_FUNCTIONS              : greatest(COMPARABLE arg0, COMPARABLE arg1[, arg2[, ...]])
2025-03-27T03:32:27.931Z DEBUG 845597 --- [gdgoc] [           main] org.hibernate.HQL_FUNCTIONS              : Integer hour(TIME arg)
2025-03-27T03:32:27.932Z DEBUG 845597 --- [gdgoc] [           main] org.hibernate.HQL_FUNCTIONS              : ifnull(arg0, arg1)
2025-03-27T03:32:27.932Z DEBUG 845597 --- [gdgoc] [           main] org.hibernate.HQL_FUNCTIONS              : String insert(STRING string, INTEGER start, INTEGER length, STRING replacement)
2025-03-27T03:32:27.932Z DEBUG 845597 --- [gdgoc] [           main] org.hibernate.HQL_FUNCTIONS              : Instant instant
2025-03-27T03:32:27.932Z DEBUG 845597 --- [gdgoc] [           main] org.hibernate.HQL_FUNCTIONS              : Integer instr(STRING string, STRING pattern[, INTEGER start[, INTEGER occurrence]])
2025-03-27T03:32:27.932Z DEBUG 845597 --- [gdgoc] [           main] org.hibernate.HQL_FUNCTIONS              : Date last_day(DATE arg)
2025-03-27T03:32:27.932Z DEBUG 845597 --- [gdgoc] [           main] org.hibernate.HQL_FUNCTIONS              : least(COMPARABLE arg0, COMPARABLE arg1[, arg2[, ...]])
2025-03-27T03:32:27.932Z DEBUG 845597 --- [gdgoc] [           main] org.hibernate.HQL_FUNCTIONS              : String left(STRING string, INTEGER length)
2025-03-27T03:32:27.932Z DEBUG 845597 --- [gdgoc] [           main] org.hibernate.HQL_FUNCTIONS              : Integer length(STRING_OR_CLOB arg)
2025-03-27T03:32:27.932Z DEBUG 845597 --- [gdgoc] [           main] org.hibernate.HQL_FUNCTIONS              : String listagg(STRING arg0, STRING arg1)
2025-03-27T03:32:27.932Z DEBUG 845597 --- [gdgoc] [           main] org.hibernate.HQL_FUNCTIONS              : Double ln(NUMERIC arg)
2025-03-27T03:32:27.932Z DEBUG 845597 --- [gdgoc] [           main] org.hibernate.HQL_FUNCTIONS              : LocalDate local date
2025-03-27T03:32:27.932Z DEBUG 845597 --- [gdgoc] [           main] org.hibernate.HQL_FUNCTIONS              : LocalDateTime local datetime
2025-03-27T03:32:27.932Z DEBUG 845597 --- [gdgoc] [           main] org.hibernate.HQL_FUNCTIONS              : LocalTime local time
2025-03-27T03:32:27.932Z DEBUG 845597 --- [gdgoc] [           main] org.hibernate.HQL_FUNCTIONS              : LocalDate local_date
2025-03-27T03:32:27.932Z DEBUG 845597 --- [gdgoc] [           main] org.hibernate.HQL_FUNCTIONS              : LocalDateTime local_datetime
2025-03-27T03:32:27.932Z DEBUG 845597 --- [gdgoc] [           main] org.hibernate.HQL_FUNCTIONS              : LocalTime local_time
2025-03-27T03:32:27.932Z DEBUG 845597 --- [gdgoc] [           main] org.hibernate.HQL_FUNCTIONS              : Timestamp localtime
2025-03-27T03:32:27.933Z DEBUG 845597 --- [gdgoc] [           main] org.hibernate.HQL_FUNCTIONS              : Timestamp localtimestamp
2025-03-27T03:32:27.933Z DEBUG 845597 --- [gdgoc] [           main] org.hibernate.HQL_FUNCTIONS              : Integer locate(STRING pattern, STRING string[, INTEGER start])
2025-03-27T03:32:27.933Z DEBUG 845597 --- [gdgoc] [           main] org.hibernate.HQL_FUNCTIONS              : Double log(NUMERIC arg0[, NUMERIC arg1])
2025-03-27T03:32:27.933Z DEBUG 845597 --- [gdgoc] [           main] org.hibernate.HQL_FUNCTIONS              : Double log10(NUMERIC arg)
2025-03-27T03:32:27.933Z DEBUG 845597 --- [gdgoc] [           main] org.hibernate.HQL_FUNCTIONS              : Double log2(NUMERIC arg)
2025-03-27T03:32:27.933Z DEBUG 845597 --- [gdgoc] [           main] org.hibernate.HQL_FUNCTIONS              : String lower(STRING string)
2025-03-27T03:32:27.933Z DEBUG 845597 --- [gdgoc] [           main] org.hibernate.HQL_FUNCTIONS              : String lpad(string, length[, padding])
2025-03-27T03:32:27.933Z DEBUG 845597 --- [gdgoc] [           main] org.hibernate.HQL_FUNCTIONS              : String ltrim(STRING string[, STRING characters])
2025-03-27T03:32:27.933Z DEBUG 845597 --- [gdgoc] [           main] org.hibernate.HQL_FUNCTIONS              : Date makedate(INTEGER year, INTEGER dayofyear)
2025-03-27T03:32:27.933Z DEBUG 845597 --- [gdgoc] [           main] org.hibernate.HQL_FUNCTIONS              : Time maketime(INTEGER hour, INTEGER min, INTEGER sec)
2025-03-27T03:32:27.933Z DEBUG 845597 --- [gdgoc] [           main] org.hibernate.HQL_FUNCTIONS              : max(COMPARABLE arg)
2025-03-27T03:32:27.933Z DEBUG 845597 --- [gdgoc] [           main] org.hibernate.HQL_FUNCTIONS              : String md5(arg)
2025-03-27T03:32:27.933Z DEBUG 845597 --- [gdgoc] [           main] org.hibernate.HQL_FUNCTIONS              : Integer microsecond(TIME arg)
2025-03-27T03:32:27.933Z DEBUG 845597 --- [gdgoc] [           main] org.hibernate.HQL_FUNCTIONS              : min(COMPARABLE arg)
2025-03-27T03:32:27.933Z DEBUG 845597 --- [gdgoc] [           main] org.hibernate.HQL_FUNCTIONS              : Integer minute(TIME arg)
2025-03-27T03:32:27.933Z DEBUG 845597 --- [gdgoc] [           main] org.hibernate.HQL_FUNCTIONS              : Integer mod(INTEGER arg0, INTEGER arg1)
2025-03-27T03:32:27.934Z DEBUG 845597 --- [gdgoc] [           main] org.hibernate.HQL_FUNCTIONS              : Integer month(DATE arg)
2025-03-27T03:32:27.934Z DEBUG 845597 --- [gdgoc] [           main] org.hibernate.HQL_FUNCTIONS              : String monthname(DATE arg)
2025-03-27T03:32:27.934Z DEBUG 845597 --- [gdgoc] [           main] org.hibernate.HQL_FUNCTIONS              : Timestamp now()
2025-03-27T03:32:27.934Z DEBUG 845597 --- [gdgoc] [           main] org.hibernate.HQL_FUNCTIONS              : nullif(arg0, arg1)
2025-03-27T03:32:27.934Z DEBUG 845597 --- [gdgoc] [           main] org.hibernate.HQL_FUNCTIONS              : Integer octet_length(STRING_OR_CLOB arg)
2025-03-27T03:32:27.934Z DEBUG 845597 --- [gdgoc] [           main] org.hibernate.HQL_FUNCTIONS              : OffsetDateTime offset datetime
2025-03-27T03:32:27.934Z DEBUG 845597 --- [gdgoc] [           main] org.hibernate.HQL_FUNCTIONS              : OffsetDateTime offset_datetime
2025-03-27T03:32:27.934Z DEBUG 845597 --- [gdgoc] [           main] org.hibernate.HQL_FUNCTIONS              : String overlay(STRING string placing STRING replacement from INTEGER start[ for INTEGER length])
2025-03-27T03:32:27.934Z DEBUG 845597 --- [gdgoc] [           main] org.hibernate.HQL_FUNCTIONS              : String pad(STRING string with INTEGER length {leading|trailing}[ STRING character])
2025-03-27T03:32:27.934Z DEBUG 845597 --- [gdgoc] [           main] org.hibernate.HQL_FUNCTIONS              : Double pi
2025-03-27T03:32:27.934Z DEBUG 845597 --- [gdgoc] [           main] org.hibernate.HQL_FUNCTIONS              : Integer position(STRING pattern in STRING string)
2025-03-27T03:32:27.934Z DEBUG 845597 --- [gdgoc] [           main] org.hibernate.HQL_FUNCTIONS              : Double power(NUMERIC arg0, NUMERIC arg1)
2025-03-27T03:32:27.934Z DEBUG 845597 --- [gdgoc] [           main] org.hibernate.HQL_FUNCTIONS              : Integer quarter(DATE arg)
2025-03-27T03:32:27.934Z DEBUG 845597 --- [gdgoc] [           main] org.hibernate.HQL_FUNCTIONS              : Double radians(NUMERIC arg)
2025-03-27T03:32:27.934Z DEBUG 845597 --- [gdgoc] [           main] org.hibernate.HQL_FUNCTIONS              : Double rand([INTEGER seed])
2025-03-27T03:32:27.934Z DEBUG 845597 --- [gdgoc] [           main] org.hibernate.HQL_FUNCTIONS              : String repeat(STRING string, INTEGER times)
2025-03-27T03:32:27.934Z DEBUG 845597 --- [gdgoc] [           main] org.hibernate.HQL_FUNCTIONS              : String replace(STRING string, STRING pattern, STRING replacement)
2025-03-27T03:32:27.934Z DEBUG 845597 --- [gdgoc] [           main] org.hibernate.HQL_FUNCTIONS              : String reverse(STRING arg)
2025-03-27T03:32:27.934Z DEBUG 845597 --- [gdgoc] [           main] org.hibernate.HQL_FUNCTIONS              : String right(STRING string, INTEGER length)
2025-03-27T03:32:27.934Z DEBUG 845597 --- [gdgoc] [           main] org.hibernate.HQL_FUNCTIONS              : round(NUMERIC number[, INTEGER places])
2025-03-27T03:32:27.934Z DEBUG 845597 --- [gdgoc] [           main] org.hibernate.HQL_FUNCTIONS              : String rpad(string, length[, padding])
2025-03-27T03:32:27.934Z DEBUG 845597 --- [gdgoc] [           main] org.hibernate.HQL_FUNCTIONS              : String rtrim(STRING string[, STRING characters])
2025-03-27T03:32:27.935Z DEBUG 845597 --- [gdgoc] [           main] org.hibernate.HQL_FUNCTIONS              : Integer second(TIME arg)
2025-03-27T03:32:27.935Z DEBUG 845597 --- [gdgoc] [           main] org.hibernate.HQL_FUNCTIONS              : String sha(arg)
2025-03-27T03:32:27.935Z DEBUG 845597 --- [gdgoc] [           main] org.hibernate.HQL_FUNCTIONS              : String sha1(arg)
2025-03-27T03:32:27.935Z DEBUG 845597 --- [gdgoc] [           main] org.hibernate.HQL_FUNCTIONS              : String sha2(arg0, arg1)
2025-03-27T03:32:27.935Z DEBUG 845597 --- [gdgoc] [           main] org.hibernate.HQL_FUNCTIONS              : Integer sign(NUMERIC arg)
2025-03-27T03:32:27.935Z DEBUG 845597 --- [gdgoc] [           main] org.hibernate.HQL_FUNCTIONS              : Double sin(NUMERIC arg)
2025-03-27T03:32:27.936Z DEBUG 845597 --- [gdgoc] [           main] org.hibernate.HQL_FUNCTIONS              : Double sinh(NUMERIC arg)
2025-03-27T03:32:27.937Z DEBUG 845597 --- [gdgoc] [           main] org.hibernate.HQL_FUNCTIONS              : String soundex(arg)
2025-03-27T03:32:27.938Z DEBUG 845597 --- [gdgoc] [           main] org.hibernate.HQL_FUNCTIONS              : String space(INTEGER arg)
2025-03-27T03:32:27.939Z DEBUG 845597 --- [gdgoc] [           main] org.hibernate.HQL_FUNCTIONS              : Object sql
2025-03-27T03:32:27.941Z DEBUG 845597 --- [gdgoc] [           main] org.hibernate.HQL_FUNCTIONS              : Double sqrt(NUMERIC arg)
2025-03-27T03:32:27.941Z DEBUG 845597 --- [gdgoc] [           main] org.hibernate.HQL_FUNCTIONS              : Double stddev(NUMERIC arg)
2025-03-27T03:32:27.941Z DEBUG 845597 --- [gdgoc] [           main] org.hibernate.HQL_FUNCTIONS              : Double stddev_pop(NUMERIC arg)
2025-03-27T03:32:27.941Z DEBUG 845597 --- [gdgoc] [           main] org.hibernate.HQL_FUNCTIONS              : Double stddev_samp(NUMERIC arg)
2025-03-27T03:32:27.941Z DEBUG 845597 --- [gdgoc] [           main] org.hibernate.HQL_FUNCTIONS              : String str(arg)
2025-03-27T03:32:27.941Z DEBUG 845597 --- [gdgoc] [           main] org.hibernate.HQL_FUNCTIONS              : subdate(DATE datetime, INTEGER days)
2025-03-27T03:32:27.944Z DEBUG 845597 --- [gdgoc] [           main] org.hibernate.HQL_FUNCTIONS              : String substr(STRING string, INTEGER start[, INTEGER length])
2025-03-27T03:32:27.944Z DEBUG 845597 --- [gdgoc] [           main] org.hibernate.HQL_FUNCTIONS              : String substring(STRING string{ from|,} INTEGER start[{ for|,} INTEGER length])
2025-03-27T03:32:27.944Z DEBUG 845597 --- [gdgoc] [           main] org.hibernate.HQL_FUNCTIONS              : subtime(TIME datetime, TIME time)
2025-03-27T03:32:27.944Z DEBUG 845597 --- [gdgoc] [           main] org.hibernate.HQL_FUNCTIONS              : sum(arg)
2025-03-27T03:32:27.944Z DEBUG 845597 --- [gdgoc] [           main] org.hibernate.HQL_FUNCTIONS              : Timestamp sysdate()
2025-03-27T03:32:27.944Z DEBUG 845597 --- [gdgoc] [           main] org.hibernate.HQL_FUNCTIONS              : Double tan(NUMERIC arg)
2025-03-27T03:32:27.944Z DEBUG 845597 --- [gdgoc] [           main] org.hibernate.HQL_FUNCTIONS              : Double tanh(NUMERIC arg)
2025-03-27T03:32:27.944Z DEBUG 845597 --- [gdgoc] [           main] org.hibernate.HQL_FUNCTIONS              : String time(arg)
2025-03-27T03:32:27.944Z DEBUG 845597 --- [gdgoc] [           main] org.hibernate.HQL_FUNCTIONS              : Timestamp timestamp(arg0[, arg1])
2025-03-27T03:32:27.944Z DEBUG 845597 --- [gdgoc] [           main] org.hibernate.HQL_FUNCTIONS              : timestampadd(TEMPORAL_UNIT field, INTEGER magnitude, TEMPORAL datetime)
2025-03-27T03:32:27.944Z DEBUG 845597 --- [gdgoc] [           main] org.hibernate.HQL_FUNCTIONS              : Long|Double timestampdiff(TEMPORAL_UNIT field, TEMPORAL start, TEMPORAL end)
2025-03-27T03:32:27.944Z DEBUG 845597 --- [gdgoc] [           main] org.hibernate.HQL_FUNCTIONS              : String trim([[{leading|trailing|both} ][STRING arg0 ]from] STRING arg1)
2025-03-27T03:32:27.945Z DEBUG 845597 --- [gdgoc] [           main] org.hibernate.HQL_FUNCTIONS              : trunc( ... )
2025-03-27T03:32:27.945Z DEBUG 845597 --- [gdgoc] [           main] org.hibernate.HQL_FUNCTIONS              : truncate( ... )
2025-03-27T03:32:27.945Z DEBUG 845597 --- [gdgoc] [           main] org.hibernate.HQL_FUNCTIONS              : String upper(STRING string)
2025-03-27T03:32:27.947Z DEBUG 845597 --- [gdgoc] [           main] org.hibernate.HQL_FUNCTIONS              : Date utc_date
2025-03-27T03:32:27.947Z DEBUG 845597 --- [gdgoc] [           main] org.hibernate.HQL_FUNCTIONS              : Time utc_time
2025-03-27T03:32:27.947Z DEBUG 845597 --- [gdgoc] [           main] org.hibernate.HQL_FUNCTIONS              : Timestamp utc_timestamp
2025-03-27T03:32:27.947Z DEBUG 845597 --- [gdgoc] [           main] org.hibernate.HQL_FUNCTIONS              : Double var_pop(NUMERIC arg)
2025-03-27T03:32:27.947Z DEBUG 845597 --- [gdgoc] [           main] org.hibernate.HQL_FUNCTIONS              : Double var_samp(NUMERIC arg)
2025-03-27T03:32:27.947Z DEBUG 845597 --- [gdgoc] [           main] org.hibernate.HQL_FUNCTIONS              : Double variance(NUMERIC arg)
2025-03-27T03:32:27.947Z DEBUG 845597 --- [gdgoc] [           main] org.hibernate.HQL_FUNCTIONS              : Integer week(DATE arg)
2025-03-27T03:32:27.947Z DEBUG 845597 --- [gdgoc] [           main] org.hibernate.HQL_FUNCTIONS              : Integer year(DATE arg)
2025-03-27T03:32:27.954Z DEBUG 845597 --- [gdgoc] [           main] org.hibernate.orm.query.plan.cache       : Starting QueryInterpretationCache(2048)
2025-03-27T03:32:28.105Z DEBUG 845597 --- [gdgoc] [           main] .h.s.i.SessionFactoryServiceRegistryImpl : EventListenerRegistry access via ServiceRegistry is deprecated.  Use `sessionFactory.getEventEngine().getListenerRegistry()` instead
2025-03-27T03:32:28.107Z DEBUG 845597 --- [gdgoc] [           main] h.e.i.EntityCopyObserverFactoryInitiator : Configured EntityCopyObserver strategy: disallow
2025-03-27T03:32:28.259Z DEBUG 845597 --- [gdgoc] [           main] o.h.boot.internal.ClassLoaderAccessImpl  : Not known whether passed class name [com.gomin_jungdok.gdgoc.vote.Vote] is safe
2025-03-27T03:32:28.259Z DEBUG 845597 --- [gdgoc] [           main] o.h.boot.internal.ClassLoaderAccessImpl  : No temp ClassLoader provided; using live ClassLoader for loading potentially unsafe class : com.gomin_jungdok.gdgoc.vote.Vote
2025-03-27T03:32:28.757Z DEBUG 845597 --- [gdgoc] [           main] o.h.b.i.bytebuddy.BytecodeProviderImpl   : HHH000513: Unable to create the ReflectionOptimizer for [com.gomin_jungdok.gdgoc.vote.Vote]: private accessor [createdAt]
2025-03-27T03:32:28.802Z DEBUG 845597 --- [gdgoc] [           main] o.h.boot.internal.ClassLoaderAccessImpl  : Not known whether passed class name [com.gomin_jungdok.gdgoc.user.User] is safe
2025-03-27T03:32:28.802Z DEBUG 845597 --- [gdgoc] [           main] o.h.boot.internal.ClassLoaderAccessImpl  : No temp ClassLoader provided; using live ClassLoader for loading potentially unsafe class : com.gomin_jungdok.gdgoc.user.User
2025-03-27T03:32:28.872Z DEBUG 845597 --- [gdgoc] [           main] o.h.b.i.bytebuddy.BytecodeProviderImpl   : HHH000513: Unable to create the ReflectionOptimizer for [com.gomin_jungdok.gdgoc.user.User]: private accessor [createdAt]
2025-03-27T03:32:28.875Z DEBUG 845597 --- [gdgoc] [           main] o.h.boot.internal.ClassLoaderAccessImpl  : Not known whether passed class name [com.gomin_jungdok.gdgoc.post.post_image.PostImage] is safe
2025-03-27T03:32:28.875Z DEBUG 845597 --- [gdgoc] [           main] o.h.boot.internal.ClassLoaderAccessImpl  : No temp ClassLoader provided; using live ClassLoader for loading potentially unsafe class : com.gomin_jungdok.gdgoc.post.post_image.PostImage
2025-03-27T03:32:28.908Z DEBUG 845597 --- [gdgoc] [           main] o.h.b.i.bytebuddy.BytecodeProviderImpl   : HHH000513: Unable to create the ReflectionOptimizer for [com.gomin_jungdok.gdgoc.post.post_image.PostImage]: private accessor [imageUrl]
2025-03-27T03:32:28.909Z DEBUG 845597 --- [gdgoc] [           main] o.h.boot.internal.ClassLoaderAccessImpl  : Not known whether passed class name [com.gomin_jungdok.gdgoc.vote_option.VoteOption] is safe
2025-03-27T03:32:28.910Z DEBUG 845597 --- [gdgoc] [           main] o.h.boot.internal.ClassLoaderAccessImpl  : No temp ClassLoader provided; using live ClassLoader for loading potentially unsafe class : com.gomin_jungdok.gdgoc.vote_option.VoteOption
2025-03-27T03:32:28.941Z DEBUG 845597 --- [gdgoc] [           main] o.h.b.i.bytebuddy.BytecodeProviderImpl   : HHH000513: Unable to create the ReflectionOptimizer for [com.gomin_jungdok.gdgoc.vote_option.VoteOption]: private accessor [order]
2025-03-27T03:32:28.953Z DEBUG 845597 --- [gdgoc] [           main] org.hibernate.ormbytecode.interceptor    : To-one property `com.gomin_jungdok.gdgoc.comment.Comment#parentComment` was mapped with LAZY + NO_PROXY but the class was not enhanced
2025-03-27T03:32:28.953Z DEBUG 845597 --- [gdgoc] [           main] org.hibernate.ormbytecode.interceptor    : To-one property `com.gomin_jungdok.gdgoc.comment.Comment#parentComment` was mapped with LAZY + NO_PROXY but the class was not enhanced
2025-03-27T03:32:28.953Z DEBUG 845597 --- [gdgoc] [           main] org.hibernate.ormbytecode.interceptor    : To-one property `com.gomin_jungdok.gdgoc.comment.Comment#post` was mapped with LAZY + NO_PROXY but the class was not enhanced
2025-03-27T03:32:28.953Z DEBUG 845597 --- [gdgoc] [           main] org.hibernate.ormbytecode.interceptor    : To-one property `com.gomin_jungdok.gdgoc.comment.Comment#post` was mapped with LAZY + NO_PROXY but the class was not enhanced
2025-03-27T03:32:28.953Z DEBUG 845597 --- [gdgoc] [           main] org.hibernate.ormbytecode.interceptor    : To-one property `com.gomin_jungdok.gdgoc.comment.Comment#user` was mapped with LAZY + NO_PROXY but the class was not enhanced
2025-03-27T03:32:28.953Z DEBUG 845597 --- [gdgoc] [           main] org.hibernate.ormbytecode.interceptor    : To-one property `com.gomin_jungdok.gdgoc.comment.Comment#user` was mapped with LAZY + NO_PROXY but the class was not enhanced
2025-03-27T03:32:28.953Z DEBUG 845597 --- [gdgoc] [           main] o.h.boot.internal.ClassLoaderAccessImpl  : Not known whether passed class name [com.gomin_jungdok.gdgoc.comment.Comment] is safe
2025-03-27T03:32:28.953Z DEBUG 845597 --- [gdgoc] [           main] o.h.boot.internal.ClassLoaderAccessImpl  : No temp ClassLoader provided; using live ClassLoader for loading potentially unsafe class : com.gomin_jungdok.gdgoc.comment.Comment
2025-03-27T03:32:28.993Z DEBUG 845597 --- [gdgoc] [           main] o.h.b.i.bytebuddy.BytecodeProviderImpl   : HHH000513: Unable to create the ReflectionOptimizer for [com.gomin_jungdok.gdgoc.comment.Comment]: private accessor [createdAt]
2025-03-27T03:32:28.994Z DEBUG 845597 --- [gdgoc] [           main] org.hibernate.ormbytecode.interceptor    : To-one property `com.gomin_jungdok.gdgoc.comment.Comment#parentComment` was mapped with LAZY + NO_PROXY but the class was not enhanced
2025-03-27T03:32:28.994Z DEBUG 845597 --- [gdgoc] [           main] org.hibernate.ormbytecode.interceptor    : To-one property `com.gomin_jungdok.gdgoc.comment.Comment#post` was mapped with LAZY + NO_PROXY but the class was not enhanced
2025-03-27T03:32:28.994Z DEBUG 845597 --- [gdgoc] [           main] org.hibernate.ormbytecode.interceptor    : To-one property `com.gomin_jungdok.gdgoc.comment.Comment#user` was mapped with LAZY + NO_PROXY but the class was not enhanced
2025-03-27T03:32:28.995Z DEBUG 845597 --- [gdgoc] [           main] o.h.boot.internal.ClassLoaderAccessImpl  : Not known whether passed class name [com.gomin_jungdok.gdgoc.post.Post] is safe
2025-03-27T03:32:28.996Z DEBUG 845597 --- [gdgoc] [           main] o.h.boot.internal.ClassLoaderAccessImpl  : No temp ClassLoader provided; using live ClassLoader for loading potentially unsafe class : com.gomin_jungdok.gdgoc.post.Post
2025-03-27T03:32:29.044Z DEBUG 845597 --- [gdgoc] [           main] o.h.b.i.bytebuddy.BytecodeProviderImpl   : HHH000513: Unable to create the ReflectionOptimizer for [com.gomin_jungdok.gdgoc.post.Post]: private accessor [bestPost]
2025-03-27T03:32:29.096Z DEBUG 845597 --- [gdgoc] [           main] o.hibernate.orm.model.mapping.creation   : Starting post-init callbacks
2025-03-27T03:32:29.096Z DEBUG 845597 --- [gdgoc] [           main] o.hibernate.orm.model.mapping.creation   : Starting PostInitCallbackEntry : To-one key - NavigableRole[com.gomin_jungdok.gdgoc.vote.Vote.post]
2025-03-27T03:32:29.103Z DEBUG 845597 --- [gdgoc] [           main] o.hibernate.orm.model.mapping.creation   : Starting PostInitCallbackEntry : To-one key - NavigableRole[com.gomin_jungdok.gdgoc.vote.Vote.voteOption]
2025-03-27T03:32:29.103Z DEBUG 845597 --- [gdgoc] [           main] o.hibernate.orm.model.mapping.creation   : Starting PostInitCallbackEntry : To-one key - NavigableRole[com.gomin_jungdok.gdgoc.vote.Vote.voteUser]
2025-03-27T03:32:29.103Z DEBUG 845597 --- [gdgoc] [           main] o.hibernate.orm.model.mapping.creation   : Starting PostInitCallbackEntry : Entity(com.gomin_jungdok.gdgoc.vote.Vote) `staticFetchableList` generator
2025-03-27T03:32:29.104Z DEBUG 845597 --- [gdgoc] [           main] o.hibernate.orm.model.mapping.creation   : Starting PostInitCallbackEntry : Entity(com.gomin_jungdok.gdgoc.user.User) `staticFetchableList` generator
2025-03-27T03:32:29.104Z DEBUG 845597 --- [gdgoc] [           main] o.hibernate.orm.model.mapping.creation   : Starting PostInitCallbackEntry : To-one key - NavigableRole[com.gomin_jungdok.gdgoc.post.post_image.PostImage.post]
2025-03-27T03:32:29.104Z DEBUG 845597 --- [gdgoc] [           main] o.hibernate.orm.model.mapping.creation   : Starting PostInitCallbackEntry : Entity(com.gomin_jungdok.gdgoc.post.post_image.PostImage) `staticFetchableList` generator
2025-03-27T03:32:29.104Z DEBUG 845597 --- [gdgoc] [           main] o.hibernate.orm.model.mapping.creation   : Starting PostInitCallbackEntry : To-one key - NavigableRole[com.gomin_jungdok.gdgoc.vote_option.VoteOption.post]
2025-03-27T03:32:29.105Z DEBUG 845597 --- [gdgoc] [           main] o.hibernate.orm.model.mapping.creation   : Starting PostInitCallbackEntry : Entity(com.gomin_jungdok.gdgoc.vote_option.VoteOption) `staticFetchableList` generator
2025-03-27T03:32:29.105Z DEBUG 845597 --- [gdgoc] [           main] o.hibernate.orm.model.mapping.creation   : Starting PostInitCallbackEntry : To-one key - NavigableRole[com.gomin_jungdok.gdgoc.comment.Comment.parentComment]
2025-03-27T03:32:29.105Z DEBUG 845597 --- [gdgoc] [           main] o.hibernate.orm.model.mapping.creation   : Starting PostInitCallbackEntry : To-one key - NavigableRole[com.gomin_jungdok.gdgoc.comment.Comment.post]
2025-03-27T03:32:29.105Z DEBUG 845597 --- [gdgoc] [           main] o.hibernate.orm.model.mapping.creation   : Starting PostInitCallbackEntry : To-one key - NavigableRole[com.gomin_jungdok.gdgoc.comment.Comment.user]
2025-03-27T03:32:29.105Z DEBUG 845597 --- [gdgoc] [           main] o.hibernate.orm.model.mapping.creation   : Starting PostInitCallbackEntry : Entity(com.gomin_jungdok.gdgoc.comment.Comment) `staticFetchableList` generator
2025-03-27T03:32:29.105Z DEBUG 845597 --- [gdgoc] [           main] o.hibernate.orm.model.mapping.creation   : Starting PostInitCallbackEntry : Entity(com.gomin_jungdok.gdgoc.post.Post) `staticFetchableList` generator
2025-03-27T03:32:29.265Z DEBUG 845597 --- [gdgoc] [           main] org.hibernate.orm.sql.ast.create         : Created new SQL alias : v1_0
2025-03-27T03:32:29.268Z DEBUG 845597 --- [gdgoc] [           main] org.hibernate.orm.sql.ast.create         : Registration of TableGroup [StandardTableGroup(com.gomin_jungdok.gdgoc.vote.Vote)] with identifierForTableGroup [com.gomin_jungdok.gdgoc.vote.Vote] for NavigablePath [com.gomin_jungdok.gdgoc.vote.Vote] 
2025-03-27T03:32:29.289Z DEBUG 845597 --- [gdgoc] [           main] org.hibernate.orm.sql.ast.create         : Registration of TableGroup [org.hibernate.sql.ast.tree.from.LazyTableGroup@285ac40b] with identifierForTableGroup [com.gomin_jungdok.gdgoc.vote.Vote.post] for NavigablePath [com.gomin_jungdok.gdgoc.vote.Vote.post] 
2025-03-27T03:32:29.293Z DEBUG 845597 --- [gdgoc] [           main] org.hibernate.orm.sql.ast.create         : Registration of TableGroup [org.hibernate.sql.ast.tree.from.LazyTableGroup@4b4bc73d] with identifierForTableGroup [com.gomin_jungdok.gdgoc.vote.Vote.voteOption] for NavigablePath [com.gomin_jungdok.gdgoc.vote.Vote.voteOption] 
2025-03-27T03:32:29.294Z DEBUG 845597 --- [gdgoc] [           main] org.hibernate.orm.sql.ast.create         : Registration of TableGroup [org.hibernate.sql.ast.tree.from.LazyTableGroup@4cb91fa4] with identifierForTableGroup [com.gomin_jungdok.gdgoc.vote.Vote.voteUser] for NavigablePath [com.gomin_jungdok.gdgoc.vote.Vote.voteUser] 
2025-03-27T03:32:29.308Z DEBUG 845597 --- [gdgoc] [           main] org.hibernate.orm.results.graph.AST      : DomainResult Graph:
 \-EntityResultImpl [com.gomin_jungdok.gdgoc.vote.Vote]
 |  +-BasicFetch [com.gomin_jungdok.gdgoc.vote.Vote.createdAt]
 |  +-EntityDelayedFetchImpl [com.gomin_jungdok.gdgoc.vote.Vote.post]
 |  +-EntityDelayedFetchImpl [com.gomin_jungdok.gdgoc.vote.Vote.voteOption]
 |  \-EntityDelayedFetchImpl [com.gomin_jungdok.gdgoc.vote.Vote.voteUser]

2025-03-27T03:32:29.319Z DEBUG 845597 --- [gdgoc] [           main] org.hibernate.orm.sql.ast.tree           : SQL AST Tree:
    SelectStatement {
      FromClause {
        StandardTableGroup (v1 : com.gomin_jungdok.gdgoc.vote.Vote) {
          primaryTableReference : vote as v1_0
          TableGroupJoins {
            left  join LazyTableGroup (p1 : com.gomin_jungdok.gdgoc.vote.Vote.post) {
            }
            left  join LazyTableGroup (vo1 : com.gomin_jungdok.gdgoc.vote.Vote.voteOption) {
            }
            left  join LazyTableGroup (vu1 : com.gomin_jungdok.gdgoc.vote.Vote.voteUser) {
            }
          }
        }
      }
    }

2025-03-27T03:32:29.340Z DEBUG 845597 --- [gdgoc] [           main] o.h.p.entity.AbstractEntityPersister     : Static SQL for entity: com.gomin_jungdok.gdgoc.vote.Vote
2025-03-27T03:32:29.341Z DEBUG 845597 --- [gdgoc] [           main] o.h.p.entity.AbstractEntityPersister     :  Version select: select vote_id from vote where vote_id=?
2025-03-27T03:32:29.341Z DEBUG 845597 --- [gdgoc] [           main] o.h.p.entity.AbstractEntityPersister     :  Insert (0): insert into vote (created_at,post_id,option_id,vote_user) values (?,?,?,?)
2025-03-27T03:32:29.341Z DEBUG 845597 --- [gdgoc] [           main] o.h.p.entity.AbstractEntityPersister     :  Update (0): update vote set post_id=?,option_id=?,vote_user=? where vote_id=?
2025-03-27T03:32:29.341Z DEBUG 845597 --- [gdgoc] [           main] o.h.p.entity.AbstractEntityPersister     :  Delete (0): delete from vote where vote_id=?
2025-03-27T03:32:29.342Z DEBUG 845597 --- [gdgoc] [           main] org.hibernate.orm.sql.ast.create         : Created new SQL alias : u1_0
2025-03-27T03:32:29.342Z DEBUG 845597 --- [gdgoc] [           main] org.hibernate.orm.sql.ast.create         : Registration of TableGroup [StandardTableGroup(com.gomin_jungdok.gdgoc.user.User)] with identifierForTableGroup [com.gomin_jungdok.gdgoc.user.User] for NavigablePath [com.gomin_jungdok.gdgoc.user.User] 
2025-03-27T03:32:29.343Z DEBUG 845597 --- [gdgoc] [           main] org.hibernate.orm.results.graph.AST      : DomainResult Graph:
 \-EntityResultImpl [com.gomin_jungdok.gdgoc.user.User]
 |  +-BasicFetch [com.gomin_jungdok.gdgoc.user.User.createdAt]
 |  +-BasicFetch [com.gomin_jungdok.gdgoc.user.User.email]
 |  +-BasicFetch [com.gomin_jungdok.gdgoc.user.User.nickname]
 |  +-BasicFetch [com.gomin_jungdok.gdgoc.user.User.password]
 |  +-BasicFetch [com.gomin_jungdok.gdgoc.user.User.profileImage]
 |  +-BasicFetch [com.gomin_jungdok.gdgoc.user.User.socialId]
 |  +-BasicFetch [com.gomin_jungdok.gdgoc.user.User.socialType]
 |  +-BasicFetch [com.gomin_jungdok.gdgoc.user.User.uid]
 |  \-BasicFetch [com.gomin_jungdok.gdgoc.user.User.userId]

2025-03-27T03:32:29.343Z DEBUG 845597 --- [gdgoc] [           main] org.hibernate.orm.sql.ast.tree           : SQL AST Tree:
    SelectStatement {
      FromClause {
        StandardTableGroup (u1 : com.gomin_jungdok.gdgoc.user.User) {
          primaryTableReference : user as u1_0
        }
      }
    }

2025-03-27T03:32:29.344Z DEBUG 845597 --- [gdgoc] [           main] o.h.p.entity.AbstractEntityPersister     : Static SQL for entity: com.gomin_jungdok.gdgoc.user.User
2025-03-27T03:32:29.344Z DEBUG 845597 --- [gdgoc] [           main] o.h.p.entity.AbstractEntityPersister     :  Version select: select user_id from user where user_id=?
2025-03-27T03:32:29.345Z DEBUG 845597 --- [gdgoc] [           main] o.h.p.entity.AbstractEntityPersister     :  Insert (0): insert into user (created_at,google_email,nickname,password,profile_image,social_id,social_type,uid,id) values (?,?,?,?,?,?,?,?,?)
2025-03-27T03:32:29.345Z DEBUG 845597 --- [gdgoc] [           main] o.h.p.entity.AbstractEntityPersister     :  Update (0): update user set google_email=?,nickname=?,password=?,profile_image=?,social_id=?,social_type=?,uid=?,id=? where user_id=?
2025-03-27T03:32:29.345Z DEBUG 845597 --- [gdgoc] [           main] o.h.p.entity.AbstractEntityPersister     :  Delete (0): delete from user where user_id=?
2025-03-27T03:32:29.345Z DEBUG 845597 --- [gdgoc] [           main] org.hibernate.orm.sql.ast.create         : Created new SQL alias : pi1_0
2025-03-27T03:32:29.345Z DEBUG 845597 --- [gdgoc] [           main] org.hibernate.orm.sql.ast.create         : Registration of TableGroup [StandardTableGroup(com.gomin_jungdok.gdgoc.post.post_image.PostImage)] with identifierForTableGroup [com.gomin_jungdok.gdgoc.post.post_image.PostImage] for NavigablePath [com.gomin_jungdok.gdgoc.post.post_image.PostImage] 
2025-03-27T03:32:29.346Z DEBUG 845597 --- [gdgoc] [           main] org.hibernate.orm.sql.ast.create         : Registration of TableGroup [org.hibernate.sql.ast.tree.from.LazyTableGroup@7b6b99c5] with identifierForTableGroup [com.gomin_jungdok.gdgoc.post.post_image.PostImage.post] for NavigablePath [com.gomin_jungdok.gdgoc.post.post_image.PostImage.post] 
2025-03-27T03:32:29.346Z DEBUG 845597 --- [gdgoc] [           main] org.hibernate.orm.results.graph.AST      : DomainResult Graph:
 \-EntityResultImpl [com.gomin_jungdok.gdgoc.post.post_image.PostImage]
 |  +-BasicFetch [com.gomin_jungdok.gdgoc.post.post_image.PostImage.imageUrl]
 |  +-BasicFetch [com.gomin_jungdok.gdgoc.post.post_image.PostImage.orderSequence]
 |  \-EntityDelayedFetchImpl [com.gomin_jungdok.gdgoc.post.post_image.PostImage.post]

2025-03-27T03:32:29.347Z DEBUG 845597 --- [gdgoc] [           main] org.hibernate.orm.sql.ast.tree           : SQL AST Tree:
    SelectStatement {
      FromClause {
        StandardTableGroup (pi1 : com.gomin_jungdok.gdgoc.post.post_image.PostImage) {
          primaryTableReference : post_image as pi1_0
          TableGroupJoins {
            left  join LazyTableGroup (p1 : com.gomin_jungdok.gdgoc.post.post_image.PostImage.post) {
            }
          }
        }
      }
    }

2025-03-27T03:32:29.347Z DEBUG 845597 --- [gdgoc] [           main] o.h.p.entity.AbstractEntityPersister     : Static SQL for entity: com.gomin_jungdok.gdgoc.post.post_image.PostImage
2025-03-27T03:32:29.347Z DEBUG 845597 --- [gdgoc] [           main] o.h.p.entity.AbstractEntityPersister     :  Version select: select post_image_id from post_image where post_image_id=?
2025-03-27T03:32:29.347Z DEBUG 845597 --- [gdgoc] [           main] o.h.p.entity.AbstractEntityPersister     :  Insert (0): insert into post_image (image_url,order_sequence,post_id) values (?,?,?)
2025-03-27T03:32:29.348Z DEBUG 845597 --- [gdgoc] [           main] o.h.p.entity.AbstractEntityPersister     :  Update (0): update post_image set image_url=?,order_sequence=?,post_id=? where post_image_id=?
2025-03-27T03:32:29.348Z DEBUG 845597 --- [gdgoc] [           main] o.h.p.entity.AbstractEntityPersister     :  Delete (0): delete from post_image where post_image_id=?
2025-03-27T03:32:29.348Z DEBUG 845597 --- [gdgoc] [           main] org.hibernate.orm.sql.ast.create         : Created new SQL alias : vo1_0
2025-03-27T03:32:29.348Z DEBUG 845597 --- [gdgoc] [           main] org.hibernate.orm.sql.ast.create         : Registration of TableGroup [StandardTableGroup(com.gomin_jungdok.gdgoc.vote_option.VoteOption)] with identifierForTableGroup [com.gomin_jungdok.gdgoc.vote_option.VoteOption] for NavigablePath [com.gomin_jungdok.gdgoc.vote_option.VoteOption] 
2025-03-27T03:32:29.349Z DEBUG 845597 --- [gdgoc] [           main] org.hibernate.orm.sql.ast.create         : Registration of TableGroup [org.hibernate.sql.ast.tree.from.LazyTableGroup@72d7afff] with identifierForTableGroup [com.gomin_jungdok.gdgoc.vote_option.VoteOption.post] for NavigablePath [com.gomin_jungdok.gdgoc.vote_option.VoteOption.post] 
2025-03-27T03:32:29.349Z DEBUG 845597 --- [gdgoc] [           main] org.hibernate.orm.results.graph.AST      : DomainResult Graph:
 \-EntityResultImpl [com.gomin_jungdok.gdgoc.vote_option.VoteOption]
 |  +-BasicFetch [com.gomin_jungdok.gdgoc.vote_option.VoteOption.order]
 |  +-EntityDelayedFetchImpl [com.gomin_jungdok.gdgoc.vote_option.VoteOption.post]
 |  \-BasicFetch [com.gomin_jungdok.gdgoc.vote_option.VoteOption.text]

2025-03-27T03:32:29.349Z DEBUG 845597 --- [gdgoc] [           main] org.hibernate.orm.sql.ast.tree           : SQL AST Tree:
    SelectStatement {
      FromClause {
        StandardTableGroup (vo1 : com.gomin_jungdok.gdgoc.vote_option.VoteOption) {
          primaryTableReference : vote_option as vo1_0
          TableGroupJoins {
            left  join LazyTableGroup (p1 : com.gomin_jungdok.gdgoc.vote_option.VoteOption.post) {
            }
          }
        }
      }
    }

2025-03-27T03:32:29.350Z DEBUG 845597 --- [gdgoc] [           main] o.h.p.entity.AbstractEntityPersister     : Static SQL for entity: com.gomin_jungdok.gdgoc.vote_option.VoteOption
2025-03-27T03:32:29.350Z DEBUG 845597 --- [gdgoc] [           main] o.h.p.entity.AbstractEntityPersister     :  Version select: select option_id from vote_option where option_id=?
2025-03-27T03:32:29.350Z DEBUG 845597 --- [gdgoc] [           main] o.h.p.entity.AbstractEntityPersister     :  Insert (0): insert into vote_option (option_order,post_id,option_text) values (?,?,?)
2025-03-27T03:32:29.350Z DEBUG 845597 --- [gdgoc] [           main] o.h.p.entity.AbstractEntityPersister     :  Update (0): update vote_option set option_order=?,post_id=?,option_text=? where option_id=?
2025-03-27T03:32:29.350Z DEBUG 845597 --- [gdgoc] [           main] o.h.p.entity.AbstractEntityPersister     :  Delete (0): delete from vote_option where option_id=?
2025-03-27T03:32:29.351Z DEBUG 845597 --- [gdgoc] [           main] org.hibernate.orm.sql.ast.create         : Created new SQL alias : c1_0
2025-03-27T03:32:29.351Z DEBUG 845597 --- [gdgoc] [           main] org.hibernate.orm.sql.ast.create         : Registration of TableGroup [StandardTableGroup(com.gomin_jungdok.gdgoc.comment.Comment)] with identifierForTableGroup [com.gomin_jungdok.gdgoc.comment.Comment] for NavigablePath [com.gomin_jungdok.gdgoc.comment.Comment] 
2025-03-27T03:32:29.356Z DEBUG 845597 --- [gdgoc] [           main] org.hibernate.orm.sql.ast.create         : Registration of TableGroup [org.hibernate.sql.ast.tree.from.LazyTableGroup@7ef3aa21] with identifierForTableGroup [com.gomin_jungdok.gdgoc.comment.Comment.parentComment] for NavigablePath [com.gomin_jungdok.gdgoc.comment.Comment.parentComment] 
2025-03-27T03:32:29.358Z DEBUG 845597 --- [gdgoc] [           main] org.hibernate.orm.sql.ast.create         : Created new SQL alias : pc1_0
2025-03-27T03:32:29.366Z DEBUG 845597 --- [gdgoc] [           main] org.hibernate.orm.sql.ast.create         : Registration of TableGroup [org.hibernate.sql.ast.tree.from.LazyTableGroup@41f61188] with identifierForTableGroup [com.gomin_jungdok.gdgoc.comment.Comment.parentComment.parentComment] for NavigablePath [com.gomin_jungdok.gdgoc.comment.Comment.parentComment.parentComment] 
2025-03-27T03:32:29.367Z DEBUG 845597 --- [gdgoc] [           main] org.hibernate.orm.sql.ast.create         : Registration of TableGroup [org.hibernate.sql.ast.tree.from.LazyTableGroup@7eb94590] with identifierForTableGroup [com.gomin_jungdok.gdgoc.comment.Comment.parentComment.post] for NavigablePath [com.gomin_jungdok.gdgoc.comment.Comment.parentComment.post] 
2025-03-27T03:32:29.368Z DEBUG 845597 --- [gdgoc] [           main] org.hibernate.orm.sql.ast.create         : Created new SQL alias : p1_0
2025-03-27T03:32:29.369Z DEBUG 845597 --- [gdgoc] [           main] org.hibernate.orm.sql.ast.create         : Registration of TableGroup [org.hibernate.sql.ast.tree.from.LazyTableGroup@79454d8e] with identifierForTableGroup [com.gomin_jungdok.gdgoc.comment.Comment.parentComment.user] for NavigablePath [com.gomin_jungdok.gdgoc.comment.Comment.parentComment.user] 
2025-03-27T03:32:29.369Z DEBUG 845597 --- [gdgoc] [           main] org.hibernate.orm.sql.ast.create         : Created new SQL alias : u1_0
2025-03-27T03:32:29.371Z DEBUG 845597 --- [gdgoc] [           main] org.hibernate.orm.sql.ast.create         : Registration of TableGroup [org.hibernate.sql.ast.tree.from.LazyTableGroup@468eff41] with identifierForTableGroup [com.gomin_jungdok.gdgoc.comment.Comment.post] for NavigablePath [com.gomin_jungdok.gdgoc.comment.Comment.post] 
2025-03-27T03:32:29.372Z DEBUG 845597 --- [gdgoc] [           main] org.hibernate.orm.sql.ast.create         : Created new SQL alias : p2_0
2025-03-27T03:32:29.373Z DEBUG 845597 --- [gdgoc] [           main] org.hibernate.orm.sql.ast.create         : Registration of TableGroup [org.hibernate.sql.ast.tree.from.LazyTableGroup@1574f323] with identifierForTableGroup [com.gomin_jungdok.gdgoc.comment.Comment.user] for NavigablePath [com.gomin_jungdok.gdgoc.comment.Comment.user] 
2025-03-27T03:32:29.373Z DEBUG 845597 --- [gdgoc] [           main] org.hibernate.orm.sql.ast.create         : Created new SQL alias : u2_0
2025-03-27T03:32:29.375Z DEBUG 845597 --- [gdgoc] [           main] org.hibernate.orm.results.graph.AST      : DomainResult Graph:
 \-EntityResultImpl [com.gomin_jungdok.gdgoc.comment.Comment]
 |  +-BasicFetch [com.gomin_jungdok.gdgoc.comment.Comment.createdAt]
 |  +-BasicFetch [com.gomin_jungdok.gdgoc.comment.Comment.description]
 |  +-BasicFetch [com.gomin_jungdok.gdgoc.comment.Comment.hierarchy]
 |  +-EntityFetchJoinedImpl [com.gomin_jungdok.gdgoc.comment.Comment.parentComment]
 |  |  +-BasicFetch [com.gomin_jungdok.gdgoc.comment.Comment.parentComment.createdAt]
 |  |  +-BasicFetch [com.gomin_jungdok.gdgoc.comment.Comment.parentComment.description]
 |  |  +-BasicFetch [com.gomin_jungdok.gdgoc.comment.Comment.parentComment.hierarchy]
 |  |  +-CircularFetchImpl [com.gomin_jungdok.gdgoc.comment.Comment.parentComment.parentComment]
 |  |  +-EntityFetchJoinedImpl [com.gomin_jungdok.gdgoc.comment.Comment.parentComment.post]
 |  |  |  +-BasicFetch [com.gomin_jungdok.gdgoc.comment.Comment.parentComment.post.bestPost]
 |  |  |  +-BasicFetch [com.gomin_jungdok.gdgoc.comment.Comment.parentComment.post.createdAt]
 |  |  |  +-BasicFetch [com.gomin_jungdok.gdgoc.comment.Comment.parentComment.post.description]
 |  |  |  +-BasicFetch [com.gomin_jungdok.gdgoc.comment.Comment.parentComment.post.isAI]
 |  |  |  +-BasicFetch [com.gomin_jungdok.gdgoc.comment.Comment.parentComment.post.title]
 |  |  |  +-BasicFetch [com.gomin_jungdok.gdgoc.comment.Comment.parentComment.post.todayPost]
 |  |  |  \-BasicFetch [com.gomin_jungdok.gdgoc.comment.Comment.parentComment.post.userId]
 |  |  \-EntityFetchJoinedImpl [com.gomin_jungdok.gdgoc.comment.Comment.parentComment.user]
 |  |  |  +-BasicFetch [com.gomin_jungdok.gdgoc.comment.Comment.parentComment.user.createdAt]
 |  |  |  +-BasicFetch [com.gomin_jungdok.gdgoc.comment.Comment.parentComment.user.email]
 |  |  |  +-BasicFetch [com.gomin_jungdok.gdgoc.comment.Comment.parentComment.user.nickname]
 |  |  |  +-BasicFetch [com.gomin_jungdok.gdgoc.comment.Comment.parentComment.user.password]
 |  |  |  +-BasicFetch [com.gomin_jungdok.gdgoc.comment.Comment.parentComment.user.profileImage]
 |  |  |  +-BasicFetch [com.gomin_jungdok.gdgoc.comment.Comment.parentComment.user.socialId]
 |  |  |  +-BasicFetch [com.gomin_jungdok.gdgoc.comment.Comment.parentComment.user.socialType]
 |  |  |  +-BasicFetch [com.gomin_jungdok.gdgoc.comment.Comment.parentComment.user.uid]
 |  |  |  \-BasicFetch [com.gomin_jungdok.gdgoc.comment.Comment.parentComment.user.userId]
 |  +-EntityFetchJoinedImpl [com.gomin_jungdok.gdgoc.comment.Comment.post]
 |  |  +-BasicFetch [com.gomin_jungdok.gdgoc.comment.Comment.post.bestPost]
 |  |  +-BasicFetch [com.gomin_jungdok.gdgoc.comment.Comment.post.createdAt]
 |  |  +-BasicFetch [com.gomin_jungdok.gdgoc.comment.Comment.post.description]
 |  |  +-BasicFetch [com.gomin_jungdok.gdgoc.comment.Comment.post.isAI]
 |  |  +-BasicFetch [com.gomin_jungdok.gdgoc.comment.Comment.post.title]
 |  |  +-BasicFetch [com.gomin_jungdok.gdgoc.comment.Comment.post.todayPost]
 |  |  \-BasicFetch [com.gomin_jungdok.gdgoc.comment.Comment.post.userId]
 |  \-EntityFetchJoinedImpl [com.gomin_jungdok.gdgoc.comment.Comment.user]
 |  |  +-BasicFetch [com.gomin_jungdok.gdgoc.comment.Comment.user.createdAt]
 |  |  +-BasicFetch [com.gomin_jungdok.gdgoc.comment.Comment.user.email]
 |  |  +-BasicFetch [com.gomin_jungdok.gdgoc.comment.Comment.user.nickname]
 |  |  +-BasicFetch [com.gomin_jungdok.gdgoc.comment.Comment.user.password]
 |  |  +-BasicFetch [com.gomin_jungdok.gdgoc.comment.Comment.user.profileImage]
 |  |  +-BasicFetch [com.gomin_jungdok.gdgoc.comment.Comment.user.socialId]
 |  |  +-BasicFetch [com.gomin_jungdok.gdgoc.comment.Comment.user.socialType]
 |  |  +-BasicFetch [com.gomin_jungdok.gdgoc.comment.Comment.user.uid]
 |  |  \-BasicFetch [com.gomin_jungdok.gdgoc.comment.Comment.user.userId]

2025-03-27T03:32:29.376Z DEBUG 845597 --- [gdgoc] [           main] org.hibernate.orm.sql.ast.tree           : SQL AST Tree:
    SelectStatement {
      FromClause {
        StandardTableGroup (c1 : com.gomin_jungdok.gdgoc.comment.Comment) {
          primaryTableReference : comment as c1_0
          TableGroupJoins {
            left  join LazyTableGroup (pc1 : com.gomin_jungdok.gdgoc.comment.Comment.parentComment) {
              primaryTableReference : comment as pc1_0
              TableGroupJoins {
                left  join LazyTableGroup (pc2 : com.gomin_jungdok.gdgoc.comment.Comment.parentComment.parentComment) {
                }
                left  join LazyTableGroup (p1 : com.gomin_jungdok.gdgoc.comment.Comment.parentComment.post) {
                  primaryTableReference : post as p1_0
                }
                left  join LazyTableGroup (u1 : com.gomin_jungdok.gdgoc.comment.Comment.parentComment.user) {
                  primaryTableReference : user as u1_0
                }
              }
            }
             join LazyTableGroup (p2 : com.gomin_jungdok.gdgoc.comment.Comment.post) {
              primaryTableReference : post as p2_0
            }
             join LazyTableGroup (u2 : com.gomin_jungdok.gdgoc.comment.Comment.user) {
              primaryTableReference : user as u2_0
            }
          }
        }
      }
    }

2025-03-27T03:32:29.381Z DEBUG 845597 --- [gdgoc] [           main] o.h.p.entity.AbstractEntityPersister     : Static SQL for entity: com.gomin_jungdok.gdgoc.comment.Comment
2025-03-27T03:32:29.382Z DEBUG 845597 --- [gdgoc] [           main] o.h.p.entity.AbstractEntityPersister     :  Version select: select comment_id from comment where comment_id=?
2025-03-27T03:32:29.382Z DEBUG 845597 --- [gdgoc] [           main] o.h.p.entity.AbstractEntityPersister     :  Insert (0): insert into comment (created_at,comment_desc,hierarchy,parent_comment_id,post_id,user_id) values (?,?,?,?,?,?)
2025-03-27T03:32:29.382Z DEBUG 845597 --- [gdgoc] [           main] o.h.p.entity.AbstractEntityPersister     :  Update (0): update comment set comment_desc=?,hierarchy=?,parent_comment_id=?,post_id=?,user_id=? where comment_id=?
2025-03-27T03:32:29.383Z DEBUG 845597 --- [gdgoc] [           main] o.h.p.entity.AbstractEntityPersister     :  Delete (0): delete from comment where comment_id=?
2025-03-27T03:32:29.383Z DEBUG 845597 --- [gdgoc] [           main] org.hibernate.orm.sql.ast.create         : Created new SQL alias : p1_0
2025-03-27T03:32:29.383Z DEBUG 845597 --- [gdgoc] [           main] org.hibernate.orm.sql.ast.create         : Registration of TableGroup [StandardTableGroup(com.gomin_jungdok.gdgoc.post.Post)] with identifierForTableGroup [com.gomin_jungdok.gdgoc.post.Post] for NavigablePath [com.gomin_jungdok.gdgoc.post.Post] 
2025-03-27T03:32:29.384Z DEBUG 845597 --- [gdgoc] [           main] org.hibernate.orm.results.graph.AST      : DomainResult Graph:
 \-EntityResultImpl [com.gomin_jungdok.gdgoc.post.Post]
 |  +-BasicFetch [com.gomin_jungdok.gdgoc.post.Post.bestPost]
 |  +-BasicFetch [com.gomin_jungdok.gdgoc.post.Post.createdAt]
 |  +-BasicFetch [com.gomin_jungdok.gdgoc.post.Post.description]
 |  +-BasicFetch [com.gomin_jungdok.gdgoc.post.Post.isAI]
 |  +-BasicFetch [com.gomin_jungdok.gdgoc.post.Post.title]
 |  +-BasicFetch [com.gomin_jungdok.gdgoc.post.Post.todayPost]
 |  \-BasicFetch [com.gomin_jungdok.gdgoc.post.Post.userId]

2025-03-27T03:32:29.385Z DEBUG 845597 --- [gdgoc] [           main] org.hibernate.orm.sql.ast.tree           : SQL AST Tree:
    SelectStatement {
      FromClause {
        StandardTableGroup (p1 : com.gomin_jungdok.gdgoc.post.Post) {
          primaryTableReference : post as p1_0
        }
      }
    }

2025-03-27T03:32:29.385Z DEBUG 845597 --- [gdgoc] [           main] o.h.p.entity.AbstractEntityPersister     : Static SQL for entity: com.gomin_jungdok.gdgoc.post.Post
2025-03-27T03:32:29.385Z DEBUG 845597 --- [gdgoc] [           main] o.h.p.entity.AbstractEntityPersister     :  Version select: select post_id from post where post_id=?
2025-03-27T03:32:29.386Z DEBUG 845597 --- [gdgoc] [           main] o.h.p.entity.AbstractEntityPersister     :  Insert (0): insert into post (best_post,created_at,post_desc,is_ai,post_title,today_post,user_id) values (?,?,?,?,?,?,?)
2025-03-27T03:32:29.386Z DEBUG 845597 --- [gdgoc] [           main] o.h.p.entity.AbstractEntityPersister     :  Update (0): update post set best_post=?,post_desc=?,is_ai=?,post_title=?,today_post=?,user_id=? where post_id=?
2025-03-27T03:32:29.386Z DEBUG 845597 --- [gdgoc] [           main] o.h.p.entity.AbstractEntityPersister     :  Delete (0): delete from post where post_id=?
2025-03-27T03:32:29.461Z  INFO 845597 --- [gdgoc] [           main] o.h.e.t.j.p.i.JtaPlatformInitiator       : HHH000489: No JTA platform available (set 'hibernate.transaction.jta.platform' to enable JTA platform integration)
2025-03-27T03:32:29.464Z DEBUG 845597 --- [gdgoc] [           main] o.h.type.spi.TypeConfiguration$Scope     : Scoping TypeConfiguration [org.hibernate.type.spi.TypeConfiguration@26aee0a6] to SessionFactoryImplementor [org.hibernate.internal.SessionFactoryImpl@7f09ff10]
2025-03-27T03:32:29.467Z DEBUG 845597 --- [gdgoc] [           main] o.h.query.named.NamedObjectRepository    : Checking 0 named HQL queries
2025-03-27T03:32:29.467Z DEBUG 845597 --- [gdgoc] [           main] o.h.query.named.NamedObjectRepository    : Checking 0 named SQL queries
2025-03-27T03:32:29.574Z DEBUG 845597 --- [gdgoc] [           main] org.hibernate.mapping.Table              : No alter strings for table : comment
2025-03-27T03:32:29.576Z DEBUG 845597 --- [gdgoc] [           main] org.hibernate.mapping.Table              : No alter strings for table : post
2025-03-27T03:32:29.576Z DEBUG 845597 --- [gdgoc] [           main] org.hibernate.mapping.Table              : No alter strings for table : post_image
2025-03-27T03:32:29.577Z DEBUG 845597 --- [gdgoc] [           main] org.hibernate.mapping.Table              : No alter strings for table : user
2025-03-27T03:32:29.577Z DEBUG 845597 --- [gdgoc] [           main] org.hibernate.mapping.Table              : No alter strings for table : vote
2025-03-27T03:32:29.578Z DEBUG 845597 --- [gdgoc] [           main] org.hibernate.mapping.Table              : No alter strings for table : vote_option
2025-03-27T03:32:29.687Z DEBUG 845597 --- [gdgoc] [           main] o.h.internal.SessionFactoryRegistry      : Initializing SessionFactoryRegistry : org.hibernate.internal.SessionFactoryRegistry@694c0ed1
2025-03-27T03:32:29.688Z DEBUG 845597 --- [gdgoc] [           main] o.h.internal.SessionFactoryRegistry      : Registering SessionFactory: 1d99b497-78ae-4fd0-9645-76714027913a (<unnamed>)
2025-03-27T03:32:29.688Z DEBUG 845597 --- [gdgoc] [           main] o.h.internal.SessionFactoryRegistry      : Not binding SessionFactory to JNDI, no JNDI name configured
2025-03-27T03:32:29.689Z DEBUG 845597 --- [gdgoc] [           main] o.hibernate.internal.SessionFactoryImpl  : Instantiated SessionFactory
2025-03-27T03:32:29.690Z  INFO 845597 --- [gdgoc] [           main] j.LocalContainerEntityManagerFactoryBean : Initialized JPA EntityManagerFactory for persistence unit 'default'
2025-03-27T03:32:29.946Z DEBUG 845597 --- [gdgoc] [           main] o.h.stat.internal.StatisticsInitiator    : Statistics initialized [enabled=false]
2025-03-27T03:32:30.193Z DEBUG 845597 --- [gdgoc] [           main] cResourceLocalTransactionCoordinatorImpl : JDBC transaction marked for rollback-only (exception provided for stack trace)

java.lang.Exception: exception just for purpose of providing stack trace
	at org.hibernate.resource.transaction.backend.jdbc.internal.JdbcResourceLocalTransactionCoordinatorImpl$TransactionDriverControlImpl.markRollbackOnly(JdbcResourceLocalTransactionCoordinatorImpl.java:309) ~[hibernate-core-6.6.5.Final.jar!/:6.6.5.Final]
	at org.hibernate.internal.AbstractSharedSessionContract.buildNamedQuery(AbstractSharedSessionContract.java:1141) ~[hibernate-core-6.6.5.Final.jar!/:6.6.5.Final]
	at org.hibernate.internal.AbstractSharedSessionContract.createNamedQuery(AbstractSharedSessionContract.java:1019) ~[hibernate-core-6.6.5.Final.jar!/:6.6.5.Final]
	at org.hibernate.internal.AbstractSharedSessionContract.createNamedQuery(AbstractSharedSessionContract.java:143) ~[hibernate-core-6.6.5.Final.jar!/:6.6.5.Final]
	at java.base/jdk.internal.reflect.NativeMethodAccessorImpl.invoke0(Native Method) ~[na:na]
	at java.base/jdk.internal.reflect.NativeMethodAccessorImpl.invoke(NativeMethodAccessorImpl.java:77) ~[na:na]
	at java.base/jdk.internal.reflect.DelegatingMethodAccessorImpl.invoke(DelegatingMethodAccessorImpl.java:43) ~[na:na]
	at java.base/java.lang.reflect.Method.invoke(Method.java:569) ~[na:na]
	at org.springframework.orm.jpa.ExtendedEntityManagerCreator$ExtendedEntityManagerInvocationHandler.invoke(ExtendedEntityManagerCreator.java:364) ~[spring-orm-6.2.2.jar!/:6.2.2]
	at jdk.proxy2/jdk.proxy2.$Proxy134.createNamedQuery(Unknown Source) ~[na:na]
	at org.springframework.data.jpa.repository.query.NamedQuery.hasNamedQuery(NamedQuery.java:114) ~[spring-data-jpa-3.4.2.jar!/:3.4.2]
	at org.springframework.data.jpa.repository.query.NamedQuery.lookupFrom(NamedQuery.java:140) ~[spring-data-jpa-3.4.2.jar!/:3.4.2]
	at org.springframework.data.jpa.repository.query.JpaQueryLookupStrategy$DeclaredQueryLookupStrategy.resolveQuery(JpaQueryLookupStrategy.java:184) ~[spring-data-jpa-3.4.2.jar!/:3.4.2]
	at org.springframework.data.jpa.repository.query.JpaQueryLookupStrategy$CreateIfNotFoundQueryLookupStrategy.resolveQuery(JpaQueryLookupStrategy.java:256) ~[spring-data-jpa-3.4.2.jar!/:3.4.2]
	at org.springframework.data.jpa.repository.query.JpaQueryLookupStrategy$AbstractQueryLookupStrategy.resolveQuery(JpaQueryLookupStrategy.java:99) ~[spring-data-jpa-3.4.2.jar!/:3.4.2]
	at org.springframework.data.repository.core.support.QueryExecutorMethodInterceptor.lookupQuery(QueryExecutorMethodInterceptor.java:116) ~[spring-data-commons-3.4.2.jar!/:3.4.2]
	at org.springframework.data.repository.core.support.QueryExecutorMethodInterceptor.mapMethodsToQuery(QueryExecutorMethodInterceptor.java:104) ~[spring-data-commons-3.4.2.jar!/:3.4.2]
	at org.springframework.data.repository.core.support.QueryExecutorMethodInterceptor.lambda$new$0(QueryExecutorMethodInterceptor.java:92) ~[spring-data-commons-3.4.2.jar!/:3.4.2]
	at java.base/java.util.Optional.map(Optional.java:260) ~[na:na]
	at org.springframework.data.repository.core.support.QueryExecutorMethodInterceptor.<init>(QueryExecutorMethodInterceptor.java:92) ~[spring-data-commons-3.4.2.jar!/:3.4.2]
	at org.springframework.data.repository.core.support.RepositoryFactorySupport.getRepository(RepositoryFactorySupport.java:440) ~[spring-data-commons-3.4.2.jar!/:3.4.2]
	at org.springframework.data.repository.core.support.RepositoryFactoryBeanSupport.lambda$afterPropertiesSet$4(RepositoryFactoryBeanSupport.java:350) ~[spring-data-commons-3.4.2.jar!/:3.4.2]
	at org.springframework.data.util.Lazy.getNullable(Lazy.java:135) ~[spring-data-commons-3.4.2.jar!/:3.4.2]
	at org.springframework.data.util.Lazy.get(Lazy.java:113) ~[spring-data-commons-3.4.2.jar!/:3.4.2]
	at org.springframework.data.repository.core.support.RepositoryFactoryBeanSupport.afterPropertiesSet(RepositoryFactoryBeanSupport.java:356) ~[spring-data-commons-3.4.2.jar!/:3.4.2]
	at org.springframework.data.jpa.repository.support.JpaRepositoryFactoryBean.afterPropertiesSet(JpaRepositoryFactoryBean.java:132) ~[spring-data-jpa-3.4.2.jar!/:3.4.2]
	at org.springframework.beans.factory.support.AbstractAutowireCapableBeanFactory.invokeInitMethods(AbstractAutowireCapableBeanFactory.java:1859) ~[spring-beans-6.2.2.jar!/:6.2.2]
	at org.springframework.beans.factory.support.AbstractAutowireCapableBeanFactory.initializeBean(AbstractAutowireCapableBeanFactory.java:1808) ~[spring-beans-6.2.2.jar!/:6.2.2]
	at org.springframework.beans.factory.support.AbstractAutowireCapableBeanFactory.doCreateBean(AbstractAutowireCapableBeanFactory.java:601) ~[spring-beans-6.2.2.jar!/:6.2.2]
	at org.springframework.beans.factory.support.AbstractAutowireCapableBeanFactory.createBean(AbstractAutowireCapableBeanFactory.java:523) ~[spring-beans-6.2.2.jar!/:6.2.2]
	at org.springframework.beans.factory.support.AbstractBeanFactory.lambda$doGetBean$0(AbstractBeanFactory.java:336) ~[spring-beans-6.2.2.jar!/:6.2.2]
	at org.springframework.beans.factory.support.DefaultSingletonBeanRegistry.getSingleton(DefaultSingletonBeanRegistry.java:307) ~[spring-beans-6.2.2.jar!/:6.2.2]
	at org.springframework.beans.factory.support.AbstractBeanFactory.doGetBean(AbstractBeanFactory.java:334) ~[spring-beans-6.2.2.jar!/:6.2.2]
	at org.springframework.beans.factory.support.AbstractBeanFactory.getBean(AbstractBeanFactory.java:199) ~[spring-beans-6.2.2.jar!/:6.2.2]
	at org.springframework.beans.factory.support.DefaultListableBeanFactory.doResolveDependency(DefaultListableBeanFactory.java:1573) ~[spring-beans-6.2.2.jar!/:6.2.2]
	at org.springframework.beans.factory.support.DefaultListableBeanFactory.resolveDependency(DefaultListableBeanFactory.java:1519) ~[spring-beans-6.2.2.jar!/:6.2.2]
	at org.springframework.beans.factory.support.ConstructorResolver.resolveAutowiredArgument(ConstructorResolver.java:913) ~[spring-beans-6.2.2.jar!/:6.2.2]
	at org.springframework.beans.factory.support.ConstructorResolver.createArgumentArray(ConstructorResolver.java:791) ~[spring-beans-6.2.2.jar!/:6.2.2]
	at org.springframework.beans.factory.support.ConstructorResolver.autowireConstructor(ConstructorResolver.java:240) ~[spring-beans-6.2.2.jar!/:6.2.2]
	at org.springframework.beans.factory.support.AbstractAutowireCapableBeanFactory.autowireConstructor(AbstractAutowireCapableBeanFactory.java:1381) ~[spring-beans-6.2.2.jar!/:6.2.2]
	at org.springframework.beans.factory.support.AbstractAutowireCapableBeanFactory.createBeanInstance(AbstractAutowireCapableBeanFactory.java:1218) ~[spring-beans-6.2.2.jar!/:6.2.2]
	at org.springframework.beans.factory.support.AbstractAutowireCapableBeanFactory.doCreateBean(AbstractAutowireCapableBeanFactory.java:563) ~[spring-beans-6.2.2.jar!/:6.2.2]
	at org.springframework.beans.factory.support.AbstractAutowireCapableBeanFactory.createBean(AbstractAutowireCapableBeanFactory.java:523) ~[spring-beans-6.2.2.jar!/:6.2.2]
	at org.springframework.beans.factory.support.AbstractBeanFactory.lambda$doGetBean$0(AbstractBeanFactory.java:336) ~[spring-beans-6.2.2.jar!/:6.2.2]
	at org.springframework.beans.factory.support.DefaultSingletonBeanRegistry.getSingleton(DefaultSingletonBeanRegistry.java:307) ~[spring-beans-6.2.2.jar!/:6.2.2]
	at org.springframework.beans.factory.support.AbstractBeanFactory.doGetBean(AbstractBeanFactory.java:334) ~[spring-beans-6.2.2.jar!/:6.2.2]
	at org.springframework.beans.factory.support.AbstractBeanFactory.getBean(AbstractBeanFactory.java:204) ~[spring-beans-6.2.2.jar!/:6.2.2]
	at org.springframework.boot.web.servlet.ServletContextInitializerBeans.getOrderedBeansOfType(ServletContextInitializerBeans.java:211) ~[spring-boot-3.4.2.jar!/:3.4.2]
	at org.springframework.boot.web.servlet.ServletContextInitializerBeans.addAsRegistrationBean(ServletContextInitializerBeans.java:174) ~[spring-boot-3.4.2.jar!/:3.4.2]
	at org.springframework.boot.web.servlet.ServletContextInitializerBeans.addAsRegistrationBean(ServletContextInitializerBeans.java:169) ~[spring-boot-3.4.2.jar!/:3.4.2]
	at org.springframework.boot.web.servlet.ServletContextInitializerBeans.addAdaptableBeans(ServletContextInitializerBeans.java:154) ~[spring-boot-3.4.2.jar!/:3.4.2]
	at org.springframework.boot.web.servlet.ServletContextInitializerBeans.<init>(ServletContextInitializerBeans.java:87) ~[spring-boot-3.4.2.jar!/:3.4.2]
	at org.springframework.boot.web.servlet.context.ServletWebServerApplicationContext.getServletContextInitializerBeans(ServletWebServerApplicationContext.java:266) ~[spring-boot-3.4.2.jar!/:3.4.2]
	at org.springframework.boot.web.servlet.context.ServletWebServerApplicationContext.selfInitialize(ServletWebServerApplicationContext.java:240) ~[spring-boot-3.4.2.jar!/:3.4.2]
	at org.springframework.boot.web.embedded.tomcat.TomcatStarter.onStartup(TomcatStarter.java:52) ~[spring-boot-3.4.2.jar!/:3.4.2]
	at org.apache.catalina.core.StandardContext.startInternal(StandardContext.java:4426) ~[tomcat-embed-core-10.1.34.jar!/:na]
	at org.apache.catalina.util.LifecycleBase.start(LifecycleBase.java:164) ~[tomcat-embed-core-10.1.34.jar!/:na]
	at org.apache.catalina.core.ContainerBase$StartChild.call(ContainerBase.java:1203) ~[tomcat-embed-core-10.1.34.jar!/:na]
	at org.apache.catalina.core.ContainerBase$StartChild.call(ContainerBase.java:1193) ~[tomcat-embed-core-10.1.34.jar!/:na]
	at java.base/java.util.concurrent.FutureTask.run(FutureTask.java:264) ~[na:na]
	at org.apache.tomcat.util.threads.InlineExecutorService.execute(InlineExecutorService.java:75) ~[tomcat-embed-core-10.1.34.jar!/:na]
	at java.base/java.util.concurrent.AbstractExecutorService.submit(AbstractExecutorService.java:145) ~[na:na]
	at org.apache.catalina.core.ContainerBase.startInternal(ContainerBase.java:749) ~[tomcat-embed-core-10.1.34.jar!/:na]
	at org.apache.catalina.core.StandardHost.startInternal(StandardHost.java:772) ~[tomcat-embed-core-10.1.34.jar!/:na]
	at org.apache.catalina.util.LifecycleBase.start(LifecycleBase.java:164) ~[tomcat-embed-core-10.1.34.jar!/:na]
	at org.apache.catalina.core.ContainerBase$StartChild.call(ContainerBase.java:1203) ~[tomcat-embed-core-10.1.34.jar!/:na]
	at org.apache.catalina.core.ContainerBase$StartChild.call(ContainerBase.java:1193) ~[tomcat-embed-core-10.1.34.jar!/:na]
	at java.base/java.util.concurrent.FutureTask.run(FutureTask.java:264) ~[na:na]
	at org.apache.tomcat.util.threads.InlineExecutorService.execute(InlineExecutorService.java:75) ~[tomcat-embed-core-10.1.34.jar!/:na]
	at java.base/java.util.concurrent.AbstractExecutorService.submit(AbstractExecutorService.java:145) ~[na:na]
	at org.apache.catalina.core.ContainerBase.startInternal(ContainerBase.java:749) ~[tomcat-embed-core-10.1.34.jar!/:na]
	at org.apache.catalina.core.StandardEngine.startInternal(StandardEngine.java:203) ~[tomcat-embed-core-10.1.34.jar!/:na]
	at org.apache.catalina.util.LifecycleBase.start(LifecycleBase.java:164) ~[tomcat-embed-core-10.1.34.jar!/:na]
	at org.apache.catalina.core.StandardService.startInternal(StandardService.java:415) ~[tomcat-embed-core-10.1.34.jar!/:na]
	at org.apache.catalina.util.LifecycleBase.start(LifecycleBase.java:164) ~[tomcat-embed-core-10.1.34.jar!/:na]
	at org.apache.catalina.core.StandardServer.startInternal(StandardServer.java:870) ~[tomcat-embed-core-10.1.34.jar!/:na]
	at org.apache.catalina.util.LifecycleBase.start(LifecycleBase.java:164) ~[tomcat-embed-core-10.1.34.jar!/:na]
	at org.apache.catalina.startup.Tomcat.start(Tomcat.java:437) ~[tomcat-embed-core-10.1.34.jar!/:na]
	at org.springframework.boot.web.embedded.tomcat.TomcatWebServer.initialize(TomcatWebServer.java:128) ~[spring-boot-3.4.2.jar!/:3.4.2]
	at org.springframework.boot.web.embedded.tomcat.TomcatWebServer.<init>(TomcatWebServer.java:107) ~[spring-boot-3.4.2.jar!/:3.4.2]
	at org.springframework.boot.web.embedded.tomcat.TomcatServletWebServerFactory.getTomcatWebServer(TomcatServletWebServerFactory.java:516) ~[spring-boot-3.4.2.jar!/:3.4.2]
	at org.springframework.boot.web.embedded.tomcat.TomcatServletWebServerFactory.getWebServer(TomcatServletWebServerFactory.java:222) ~[spring-boot-3.4.2.jar!/:3.4.2]
	at org.springframework.boot.web.servlet.context.ServletWebServerApplicationContext.createWebServer(ServletWebServerApplicationContext.java:188) ~[spring-boot-3.4.2.jar!/:3.4.2]
	at org.springframework.boot.web.servlet.context.ServletWebServerApplicationContext.onRefresh(ServletWebServerApplicationContext.java:162) ~[spring-boot-3.4.2.jar!/:3.4.2]
	at org.springframework.context.support.AbstractApplicationContext.refresh(AbstractApplicationContext.java:621) ~[spring-context-6.2.2.jar!/:6.2.2]
	at org.springframework.boot.web.servlet.context.ServletWebServerApplicationContext.refresh(ServletWebServerApplicationContext.java:146) ~[spring-boot-3.4.2.jar!/:3.4.2]
	at org.springframework.boot.SpringApplication.refresh(SpringApplication.java:752) ~[spring-boot-3.4.2.jar!/:3.4.2]
	at org.springframework.boot.SpringApplication.refreshContext(SpringApplication.java:439) ~[spring-boot-3.4.2.jar!/:3.4.2]
	at org.springframework.boot.SpringApplication.run(SpringApplication.java:318) ~[spring-boot-3.4.2.jar!/:3.4.2]
	at org.springframework.boot.SpringApplication.run(SpringApplication.java:1361) ~[spring-boot-3.4.2.jar!/:3.4.2]
	at org.springframework.boot.SpringApplication.run(SpringApplication.java:1350) ~[spring-boot-3.4.2.jar!/:3.4.2]
	at com.gomin_jungdok.gdgoc.GdgocApplication.main(GdgocApplication.java:10) ~[!/:0.0.1-SNAPSHOT]
	at java.base/jdk.internal.reflect.NativeMethodAccessorImpl.invoke0(Native Method) ~[na:na]
	at java.base/jdk.internal.reflect.NativeMethodAccessorImpl.invoke(NativeMethodAccessorImpl.java:77) ~[na:na]
	at java.base/jdk.internal.reflect.DelegatingMethodAccessorImpl.invoke(DelegatingMethodAccessorImpl.java:43) ~[na:na]
	at java.base/java.lang.reflect.Method.invoke(Method.java:569) ~[na:na]
	at org.springframework.boot.loader.launch.Launcher.launch(Launcher.java:102) ~[gdgoc-0.0.1-SNAPSHOT.jar:0.0.1-SNAPSHOT]
	at org.springframework.boot.loader.launch.Launcher.launch(Launcher.java:64) ~[gdgoc-0.0.1-SNAPSHOT.jar:0.0.1-SNAPSHOT]
	at org.springframework.boot.loader.launch.JarLauncher.main(JarLauncher.java:40) ~[gdgoc-0.0.1-SNAPSHOT.jar:0.0.1-SNAPSHOT]

2025-03-27T03:32:30.317Z DEBUG 845597 --- [gdgoc] [           main] cResourceLocalTransactionCoordinatorImpl : JDBC transaction marked for rollback-only (exception provided for stack trace)

java.lang.Exception: exception just for purpose of providing stack trace
	at org.hibernate.resource.transaction.backend.jdbc.internal.JdbcResourceLocalTransactionCoordinatorImpl$TransactionDriverControlImpl.markRollbackOnly(JdbcResourceLocalTransactionCoordinatorImpl.java:309) ~[hibernate-core-6.6.5.Final.jar!/:6.6.5.Final]
	at org.hibernate.internal.AbstractSharedSessionContract.buildNamedQuery(AbstractSharedSessionContract.java:1141) ~[hibernate-core-6.6.5.Final.jar!/:6.6.5.Final]
	at org.hibernate.internal.AbstractSharedSessionContract.createNamedQuery(AbstractSharedSessionContract.java:1019) ~[hibernate-core-6.6.5.Final.jar!/:6.6.5.Final]
	at org.hibernate.internal.AbstractSharedSessionContract.createNamedQuery(AbstractSharedSessionContract.java:143) ~[hibernate-core-6.6.5.Final.jar!/:6.6.5.Final]
	at java.base/jdk.internal.reflect.NativeMethodAccessorImpl.invoke0(Native Method) ~[na:na]
	at java.base/jdk.internal.reflect.NativeMethodAccessorImpl.invoke(NativeMethodAccessorImpl.java:77) ~[na:na]
	at java.base/jdk.internal.reflect.DelegatingMethodAccessorImpl.invoke(DelegatingMethodAccessorImpl.java:43) ~[na:na]
	at java.base/java.lang.reflect.Method.invoke(Method.java:569) ~[na:na]
	at org.springframework.orm.jpa.ExtendedEntityManagerCreator$ExtendedEntityManagerInvocationHandler.invoke(ExtendedEntityManagerCreator.java:364) ~[spring-orm-6.2.2.jar!/:6.2.2]
	at jdk.proxy2/jdk.proxy2.$Proxy134.createNamedQuery(Unknown Source) ~[na:na]
	at org.springframework.data.jpa.repository.query.NamedQuery.hasNamedQuery(NamedQuery.java:114) ~[spring-data-jpa-3.4.2.jar!/:3.4.2]
	at org.springframework.data.jpa.repository.query.NamedQuery.lookupFrom(NamedQuery.java:140) ~[spring-data-jpa-3.4.2.jar!/:3.4.2]
	at org.springframework.data.jpa.repository.query.JpaQueryLookupStrategy$DeclaredQueryLookupStrategy.resolveQuery(JpaQueryLookupStrategy.java:184) ~[spring-data-jpa-3.4.2.jar!/:3.4.2]
	at org.springframework.data.jpa.repository.query.JpaQueryLookupStrategy$CreateIfNotFoundQueryLookupStrategy.resolveQuery(JpaQueryLookupStrategy.java:256) ~[spring-data-jpa-3.4.2.jar!/:3.4.2]
	at org.springframework.data.jpa.repository.query.JpaQueryLookupStrategy$AbstractQueryLookupStrategy.resolveQuery(JpaQueryLookupStrategy.java:99) ~[spring-data-jpa-3.4.2.jar!/:3.4.2]
	at org.springframework.data.repository.core.support.QueryExecutorMethodInterceptor.lookupQuery(QueryExecutorMethodInterceptor.java:116) ~[spring-data-commons-3.4.2.jar!/:3.4.2]
	at org.springframework.data.repository.core.support.QueryExecutorMethodInterceptor.mapMethodsToQuery(QueryExecutorMethodInterceptor.java:104) ~[spring-data-commons-3.4.2.jar!/:3.4.2]
	at org.springframework.data.repository.core.support.QueryExecutorMethodInterceptor.lambda$new$0(QueryExecutorMethodInterceptor.java:92) ~[spring-data-commons-3.4.2.jar!/:3.4.2]
	at java.base/java.util.Optional.map(Optional.java:260) ~[na:na]
	at org.springframework.data.repository.core.support.QueryExecutorMethodInterceptor.<init>(QueryExecutorMethodInterceptor.java:92) ~[spring-data-commons-3.4.2.jar!/:3.4.2]
	at org.springframework.data.repository.core.support.RepositoryFactorySupport.getRepository(RepositoryFactorySupport.java:440) ~[spring-data-commons-3.4.2.jar!/:3.4.2]
	at org.springframework.data.repository.core.support.RepositoryFactoryBeanSupport.lambda$afterPropertiesSet$4(RepositoryFactoryBeanSupport.java:350) ~[spring-data-commons-3.4.2.jar!/:3.4.2]
	at org.springframework.data.util.Lazy.getNullable(Lazy.java:135) ~[spring-data-commons-3.4.2.jar!/:3.4.2]
	at org.springframework.data.util.Lazy.get(Lazy.java:113) ~[spring-data-commons-3.4.2.jar!/:3.4.2]
	at org.springframework.data.repository.core.support.RepositoryFactoryBeanSupport.afterPropertiesSet(RepositoryFactoryBeanSupport.java:356) ~[spring-data-commons-3.4.2.jar!/:3.4.2]
	at org.springframework.data.jpa.repository.support.JpaRepositoryFactoryBean.afterPropertiesSet(JpaRepositoryFactoryBean.java:132) ~[spring-data-jpa-3.4.2.jar!/:3.4.2]
	at org.springframework.beans.factory.support.AbstractAutowireCapableBeanFactory.invokeInitMethods(AbstractAutowireCapableBeanFactory.java:1859) ~[spring-beans-6.2.2.jar!/:6.2.2]
	at org.springframework.beans.factory.support.AbstractAutowireCapableBeanFactory.initializeBean(AbstractAutowireCapableBeanFactory.java:1808) ~[spring-beans-6.2.2.jar!/:6.2.2]
	at org.springframework.beans.factory.support.AbstractAutowireCapableBeanFactory.doCreateBean(AbstractAutowireCapableBeanFactory.java:601) ~[spring-beans-6.2.2.jar!/:6.2.2]
	at org.springframework.beans.factory.support.AbstractAutowireCapableBeanFactory.createBean(AbstractAutowireCapableBeanFactory.java:523) ~[spring-beans-6.2.2.jar!/:6.2.2]
	at org.springframework.beans.factory.support.AbstractBeanFactory.lambda$doGetBean$0(AbstractBeanFactory.java:336) ~[spring-beans-6.2.2.jar!/:6.2.2]
	at org.springframework.beans.factory.support.DefaultSingletonBeanRegistry.getSingleton(DefaultSingletonBeanRegistry.java:307) ~[spring-beans-6.2.2.jar!/:6.2.2]
	at org.springframework.beans.factory.support.AbstractBeanFactory.doGetBean(AbstractBeanFactory.java:334) ~[spring-beans-6.2.2.jar!/:6.2.2]
	at org.springframework.beans.factory.support.AbstractBeanFactory.getBean(AbstractBeanFactory.java:199) ~[spring-beans-6.2.2.jar!/:6.2.2]
	at org.springframework.beans.factory.support.DefaultListableBeanFactory.doResolveDependency(DefaultListableBeanFactory.java:1573) ~[spring-beans-6.2.2.jar!/:6.2.2]
	at org.springframework.beans.factory.support.DefaultListableBeanFactory.resolveDependency(DefaultListableBeanFactory.java:1519) ~[spring-beans-6.2.2.jar!/:6.2.2]
	at org.springframework.beans.factory.support.ConstructorResolver.resolveAutowiredArgument(ConstructorResolver.java:913) ~[spring-beans-6.2.2.jar!/:6.2.2]
	at org.springframework.beans.factory.support.ConstructorResolver.createArgumentArray(ConstructorResolver.java:791) ~[spring-beans-6.2.2.jar!/:6.2.2]
	at org.springframework.beans.factory.support.ConstructorResolver.autowireConstructor(ConstructorResolver.java:240) ~[spring-beans-6.2.2.jar!/:6.2.2]
	at org.springframework.beans.factory.support.AbstractAutowireCapableBeanFactory.autowireConstructor(AbstractAutowireCapableBeanFactory.java:1381) ~[spring-beans-6.2.2.jar!/:6.2.2]
	at org.springframework.beans.factory.support.AbstractAutowireCapableBeanFactory.createBeanInstance(AbstractAutowireCapableBeanFactory.java:1218) ~[spring-beans-6.2.2.jar!/:6.2.2]
	at org.springframework.beans.factory.support.AbstractAutowireCapableBeanFactory.doCreateBean(AbstractAutowireCapableBeanFactory.java:563) ~[spring-beans-6.2.2.jar!/:6.2.2]
	at org.springframework.beans.factory.support.AbstractAutowireCapableBeanFactory.createBean(AbstractAutowireCapableBeanFactory.java:523) ~[spring-beans-6.2.2.jar!/:6.2.2]
	at org.springframework.beans.factory.support.AbstractBeanFactory.lambda$doGetBean$0(AbstractBeanFactory.java:336) ~[spring-beans-6.2.2.jar!/:6.2.2]
	at org.springframework.beans.factory.support.DefaultSingletonBeanRegistry.getSingleton(DefaultSingletonBeanRegistry.java:307) ~[spring-beans-6.2.2.jar!/:6.2.2]
	at org.springframework.beans.factory.support.AbstractBeanFactory.doGetBean(AbstractBeanFactory.java:334) ~[spring-beans-6.2.2.jar!/:6.2.2]
	at org.springframework.beans.factory.support.AbstractBeanFactory.getBean(AbstractBeanFactory.java:204) ~[spring-beans-6.2.2.jar!/:6.2.2]
	at org.springframework.boot.web.servlet.ServletContextInitializerBeans.getOrderedBeansOfType(ServletContextInitializerBeans.java:211) ~[spring-boot-3.4.2.jar!/:3.4.2]
	at org.springframework.boot.web.servlet.ServletContextInitializerBeans.addAsRegistrationBean(ServletContextInitializerBeans.java:174) ~[spring-boot-3.4.2.jar!/:3.4.2]
	at org.springframework.boot.web.servlet.ServletContextInitializerBeans.addAsRegistrationBean(ServletContextInitializerBeans.java:169) ~[spring-boot-3.4.2.jar!/:3.4.2]
	at org.springframework.boot.web.servlet.ServletContextInitializerBeans.addAdaptableBeans(ServletContextInitializerBeans.java:154) ~[spring-boot-3.4.2.jar!/:3.4.2]
	at org.springframework.boot.web.servlet.ServletContextInitializerBeans.<init>(ServletContextInitializerBeans.java:87) ~[spring-boot-3.4.2.jar!/:3.4.2]
	at org.springframework.boot.web.servlet.context.ServletWebServerApplicationContext.getServletContextInitializerBeans(ServletWebServerApplicationContext.java:266) ~[spring-boot-3.4.2.jar!/:3.4.2]
	at org.springframework.boot.web.servlet.context.ServletWebServerApplicationContext.selfInitialize(ServletWebServerApplicationContext.java:240) ~[spring-boot-3.4.2.jar!/:3.4.2]
	at org.springframework.boot.web.embedded.tomcat.TomcatStarter.onStartup(TomcatStarter.java:52) ~[spring-boot-3.4.2.jar!/:3.4.2]
	at org.apache.catalina.core.StandardContext.startInternal(StandardContext.java:4426) ~[tomcat-embed-core-10.1.34.jar!/:na]
	at org.apache.catalina.util.LifecycleBase.start(LifecycleBase.java:164) ~[tomcat-embed-core-10.1.34.jar!/:na]
	at org.apache.catalina.core.ContainerBase$StartChild.call(ContainerBase.java:1203) ~[tomcat-embed-core-10.1.34.jar!/:na]
	at org.apache.catalina.core.ContainerBase$StartChild.call(ContainerBase.java:1193) ~[tomcat-embed-core-10.1.34.jar!/:na]
	at java.base/java.util.concurrent.FutureTask.run(FutureTask.java:264) ~[na:na]
	at org.apache.tomcat.util.threads.InlineExecutorService.execute(InlineExecutorService.java:75) ~[tomcat-embed-core-10.1.34.jar!/:na]
	at java.base/java.util.concurrent.AbstractExecutorService.submit(AbstractExecutorService.java:145) ~[na:na]
	at org.apache.catalina.core.ContainerBase.startInternal(ContainerBase.java:749) ~[tomcat-embed-core-10.1.34.jar!/:na]
	at org.apache.catalina.core.StandardHost.startInternal(StandardHost.java:772) ~[tomcat-embed-core-10.1.34.jar!/:na]
	at org.apache.catalina.util.LifecycleBase.start(LifecycleBase.java:164) ~[tomcat-embed-core-10.1.34.jar!/:na]
	at org.apache.catalina.core.ContainerBase$StartChild.call(ContainerBase.java:1203) ~[tomcat-embed-core-10.1.34.jar!/:na]
	at org.apache.catalina.core.ContainerBase$StartChild.call(ContainerBase.java:1193) ~[tomcat-embed-core-10.1.34.jar!/:na]
	at java.base/java.util.concurrent.FutureTask.run(FutureTask.java:264) ~[na:na]
	at org.apache.tomcat.util.threads.InlineExecutorService.execute(InlineExecutorService.java:75) ~[tomcat-embed-core-10.1.34.jar!/:na]
	at java.base/java.util.concurrent.AbstractExecutorService.submit(AbstractExecutorService.java:145) ~[na:na]
	at org.apache.catalina.core.ContainerBase.startInternal(ContainerBase.java:749) ~[tomcat-embed-core-10.1.34.jar!/:na]
	at org.apache.catalina.core.StandardEngine.startInternal(StandardEngine.java:203) ~[tomcat-embed-core-10.1.34.jar!/:na]
	at org.apache.catalina.util.LifecycleBase.start(LifecycleBase.java:164) ~[tomcat-embed-core-10.1.34.jar!/:na]
	at org.apache.catalina.core.StandardService.startInternal(StandardService.java:415) ~[tomcat-embed-core-10.1.34.jar!/:na]
	at org.apache.catalina.util.LifecycleBase.start(LifecycleBase.java:164) ~[tomcat-embed-core-10.1.34.jar!/:na]
	at org.apache.catalina.core.StandardServer.startInternal(StandardServer.java:870) ~[tomcat-embed-core-10.1.34.jar!/:na]
	at org.apache.catalina.util.LifecycleBase.start(LifecycleBase.java:164) ~[tomcat-embed-core-10.1.34.jar!/:na]
	at org.apache.catalina.startup.Tomcat.start(Tomcat.java:437) ~[tomcat-embed-core-10.1.34.jar!/:na]
	at org.springframework.boot.web.embedded.tomcat.TomcatWebServer.initialize(TomcatWebServer.java:128) ~[spring-boot-3.4.2.jar!/:3.4.2]
	at org.springframework.boot.web.embedded.tomcat.TomcatWebServer.<init>(TomcatWebServer.java:107) ~[spring-boot-3.4.2.jar!/:3.4.2]
	at org.springframework.boot.web.embedded.tomcat.TomcatServletWebServerFactory.getTomcatWebServer(TomcatServletWebServerFactory.java:516) ~[spring-boot-3.4.2.jar!/:3.4.2]
	at org.springframework.boot.web.embedded.tomcat.TomcatServletWebServerFactory.getWebServer(TomcatServletWebServerFactory.java:222) ~[spring-boot-3.4.2.jar!/:3.4.2]
	at org.springframework.boot.web.servlet.context.ServletWebServerApplicationContext.createWebServer(ServletWebServerApplicationContext.java:188) ~[spring-boot-3.4.2.jar!/:3.4.2]
	at org.springframework.boot.web.servlet.context.ServletWebServerApplicationContext.onRefresh(ServletWebServerApplicationContext.java:162) ~[spring-boot-3.4.2.jar!/:3.4.2]
	at org.springframework.context.support.AbstractApplicationContext.refresh(AbstractApplicationContext.java:621) ~[spring-context-6.2.2.jar!/:6.2.2]
	at org.springframework.boot.web.servlet.context.ServletWebServerApplicationContext.refresh(ServletWebServerApplicationContext.java:146) ~[spring-boot-3.4.2.jar!/:3.4.2]
	at org.springframework.boot.SpringApplication.refresh(SpringApplication.java:752) ~[spring-boot-3.4.2.jar!/:3.4.2]
	at org.springframework.boot.SpringApplication.refreshContext(SpringApplication.java:439) ~[spring-boot-3.4.2.jar!/:3.4.2]
	at org.springframework.boot.SpringApplication.run(SpringApplication.java:318) ~[spring-boot-3.4.2.jar!/:3.4.2]
	at org.springframework.boot.SpringApplication.run(SpringApplication.java:1361) ~[spring-boot-3.4.2.jar!/:3.4.2]
	at org.springframework.boot.SpringApplication.run(SpringApplication.java:1350) ~[spring-boot-3.4.2.jar!/:3.4.2]
	at com.gomin_jungdok.gdgoc.GdgocApplication.main(GdgocApplication.java:10) ~[!/:0.0.1-SNAPSHOT]
	at java.base/jdk.internal.reflect.NativeMethodAccessorImpl.invoke0(Native Method) ~[na:na]
	at java.base/jdk.internal.reflect.NativeMethodAccessorImpl.invoke(NativeMethodAccessorImpl.java:77) ~[na:na]
	at java.base/jdk.internal.reflect.DelegatingMethodAccessorImpl.invoke(DelegatingMethodAccessorImpl.java:43) ~[na:na]
	at java.base/java.lang.reflect.Method.invoke(Method.java:569) ~[na:na]
	at org.springframework.boot.loader.launch.Launcher.launch(Launcher.java:102) ~[gdgoc-0.0.1-SNAPSHOT.jar:0.0.1-SNAPSHOT]
	at org.springframework.boot.loader.launch.Launcher.launch(Launcher.java:64) ~[gdgoc-0.0.1-SNAPSHOT.jar:0.0.1-SNAPSHOT]
	at org.springframework.boot.loader.launch.JarLauncher.main(JarLauncher.java:40) ~[gdgoc-0.0.1-SNAPSHOT.jar:0.0.1-SNAPSHOT]

2025-03-27T03:32:30.332Z DEBUG 845597 --- [gdgoc] [           main] cResourceLocalTransactionCoordinatorImpl : JDBC transaction marked for rollback-only (exception provided for stack trace)

java.lang.Exception: exception just for purpose of providing stack trace
	at org.hibernate.resource.transaction.backend.jdbc.internal.JdbcResourceLocalTransactionCoordinatorImpl$TransactionDriverControlImpl.markRollbackOnly(JdbcResourceLocalTransactionCoordinatorImpl.java:309) ~[hibernate-core-6.6.5.Final.jar!/:6.6.5.Final]
	at org.hibernate.internal.AbstractSharedSessionContract.buildNamedQuery(AbstractSharedSessionContract.java:1141) ~[hibernate-core-6.6.5.Final.jar!/:6.6.5.Final]
	at org.hibernate.internal.AbstractSharedSessionContract.createNamedQuery(AbstractSharedSessionContract.java:1019) ~[hibernate-core-6.6.5.Final.jar!/:6.6.5.Final]
	at org.hibernate.internal.AbstractSharedSessionContract.createNamedQuery(AbstractSharedSessionContract.java:143) ~[hibernate-core-6.6.5.Final.jar!/:6.6.5.Final]
	at java.base/jdk.internal.reflect.NativeMethodAccessorImpl.invoke0(Native Method) ~[na:na]
	at java.base/jdk.internal.reflect.NativeMethodAccessorImpl.invoke(NativeMethodAccessorImpl.java:77) ~[na:na]
	at java.base/jdk.internal.reflect.DelegatingMethodAccessorImpl.invoke(DelegatingMethodAccessorImpl.java:43) ~[na:na]
	at java.base/java.lang.reflect.Method.invoke(Method.java:569) ~[na:na]
	at org.springframework.orm.jpa.ExtendedEntityManagerCreator$ExtendedEntityManagerInvocationHandler.invoke(ExtendedEntityManagerCreator.java:364) ~[spring-orm-6.2.2.jar!/:6.2.2]
	at jdk.proxy2/jdk.proxy2.$Proxy134.createNamedQuery(Unknown Source) ~[na:na]
	at org.springframework.data.jpa.repository.query.NamedQuery.hasNamedQuery(NamedQuery.java:114) ~[spring-data-jpa-3.4.2.jar!/:3.4.2]
	at org.springframework.data.jpa.repository.query.NamedQuery.lookupFrom(NamedQuery.java:140) ~[spring-data-jpa-3.4.2.jar!/:3.4.2]
	at org.springframework.data.jpa.repository.query.JpaQueryLookupStrategy$DeclaredQueryLookupStrategy.resolveQuery(JpaQueryLookupStrategy.java:184) ~[spring-data-jpa-3.4.2.jar!/:3.4.2]
	at org.springframework.data.jpa.repository.query.JpaQueryLookupStrategy$CreateIfNotFoundQueryLookupStrategy.resolveQuery(JpaQueryLookupStrategy.java:256) ~[spring-data-jpa-3.4.2.jar!/:3.4.2]
	at org.springframework.data.jpa.repository.query.JpaQueryLookupStrategy$AbstractQueryLookupStrategy.resolveQuery(JpaQueryLookupStrategy.java:99) ~[spring-data-jpa-3.4.2.jar!/:3.4.2]
	at org.springframework.data.repository.core.support.QueryExecutorMethodInterceptor.lookupQuery(QueryExecutorMethodInterceptor.java:116) ~[spring-data-commons-3.4.2.jar!/:3.4.2]
	at org.springframework.data.repository.core.support.QueryExecutorMethodInterceptor.mapMethodsToQuery(QueryExecutorMethodInterceptor.java:104) ~[spring-data-commons-3.4.2.jar!/:3.4.2]
	at org.springframework.data.repository.core.support.QueryExecutorMethodInterceptor.lambda$new$0(QueryExecutorMethodInterceptor.java:92) ~[spring-data-commons-3.4.2.jar!/:3.4.2]
	at java.base/java.util.Optional.map(Optional.java:260) ~[na:na]
	at org.springframework.data.repository.core.support.QueryExecutorMethodInterceptor.<init>(QueryExecutorMethodInterceptor.java:92) ~[spring-data-commons-3.4.2.jar!/:3.4.2]
	at org.springframework.data.repository.core.support.RepositoryFactorySupport.getRepository(RepositoryFactorySupport.java:440) ~[spring-data-commons-3.4.2.jar!/:3.4.2]
	at org.springframework.data.repository.core.support.RepositoryFactoryBeanSupport.lambda$afterPropertiesSet$4(RepositoryFactoryBeanSupport.java:350) ~[spring-data-commons-3.4.2.jar!/:3.4.2]
	at org.springframework.data.util.Lazy.getNullable(Lazy.java:135) ~[spring-data-commons-3.4.2.jar!/:3.4.2]
	at org.springframework.data.util.Lazy.get(Lazy.java:113) ~[spring-data-commons-3.4.2.jar!/:3.4.2]
	at org.springframework.data.repository.core.support.RepositoryFactoryBeanSupport.afterPropertiesSet(RepositoryFactoryBeanSupport.java:356) ~[spring-data-commons-3.4.2.jar!/:3.4.2]
	at org.springframework.data.jpa.repository.support.JpaRepositoryFactoryBean.afterPropertiesSet(JpaRepositoryFactoryBean.java:132) ~[spring-data-jpa-3.4.2.jar!/:3.4.2]
	at org.springframework.beans.factory.support.AbstractAutowireCapableBeanFactory.invokeInitMethods(AbstractAutowireCapableBeanFactory.java:1859) ~[spring-beans-6.2.2.jar!/:6.2.2]
	at org.springframework.beans.factory.support.AbstractAutowireCapableBeanFactory.initializeBean(AbstractAutowireCapableBeanFactory.java:1808) ~[spring-beans-6.2.2.jar!/:6.2.2]
	at org.springframework.beans.factory.support.AbstractAutowireCapableBeanFactory.doCreateBean(AbstractAutowireCapableBeanFactory.java:601) ~[spring-beans-6.2.2.jar!/:6.2.2]
	at org.springframework.beans.factory.support.AbstractAutowireCapableBeanFactory.createBean(AbstractAutowireCapableBeanFactory.java:523) ~[spring-beans-6.2.2.jar!/:6.2.2]
	at org.springframework.beans.factory.support.AbstractBeanFactory.lambda$doGetBean$0(AbstractBeanFactory.java:336) ~[spring-beans-6.2.2.jar!/:6.2.2]
	at org.springframework.beans.factory.support.DefaultSingletonBeanRegistry.getSingleton(DefaultSingletonBeanRegistry.java:307) ~[spring-beans-6.2.2.jar!/:6.2.2]
	at org.springframework.beans.factory.support.AbstractBeanFactory.doGetBean(AbstractBeanFactory.java:334) ~[spring-beans-6.2.2.jar!/:6.2.2]
	at org.springframework.beans.factory.support.AbstractBeanFactory.getBean(AbstractBeanFactory.java:199) ~[spring-beans-6.2.2.jar!/:6.2.2]
	at org.springframework.beans.factory.support.DefaultListableBeanFactory.doResolveDependency(DefaultListableBeanFactory.java:1573) ~[spring-beans-6.2.2.jar!/:6.2.2]
	at org.springframework.beans.factory.support.DefaultListableBeanFactory.resolveDependency(DefaultListableBeanFactory.java:1519) ~[spring-beans-6.2.2.jar!/:6.2.2]
	at org.springframework.beans.factory.support.ConstructorResolver.resolveAutowiredArgument(ConstructorResolver.java:913) ~[spring-beans-6.2.2.jar!/:6.2.2]
	at org.springframework.beans.factory.support.ConstructorResolver.createArgumentArray(ConstructorResolver.java:791) ~[spring-beans-6.2.2.jar!/:6.2.2]
	at org.springframework.beans.factory.support.ConstructorResolver.autowireConstructor(ConstructorResolver.java:240) ~[spring-beans-6.2.2.jar!/:6.2.2]
	at org.springframework.beans.factory.support.AbstractAutowireCapableBeanFactory.autowireConstructor(AbstractAutowireCapableBeanFactory.java:1381) ~[spring-beans-6.2.2.jar!/:6.2.2]
	at org.springframework.beans.factory.support.AbstractAutowireCapableBeanFactory.createBeanInstance(AbstractAutowireCapableBeanFactory.java:1218) ~[spring-beans-6.2.2.jar!/:6.2.2]
	at org.springframework.beans.factory.support.AbstractAutowireCapableBeanFactory.doCreateBean(AbstractAutowireCapableBeanFactory.java:563) ~[spring-beans-6.2.2.jar!/:6.2.2]
	at org.springframework.beans.factory.support.AbstractAutowireCapableBeanFactory.createBean(AbstractAutowireCapableBeanFactory.java:523) ~[spring-beans-6.2.2.jar!/:6.2.2]
	at org.springframework.beans.factory.support.AbstractBeanFactory.lambda$doGetBean$0(AbstractBeanFactory.java:336) ~[spring-beans-6.2.2.jar!/:6.2.2]
	at org.springframework.beans.factory.support.DefaultSingletonBeanRegistry.getSingleton(DefaultSingletonBeanRegistry.java:307) ~[spring-beans-6.2.2.jar!/:6.2.2]
	at org.springframework.beans.factory.support.AbstractBeanFactory.doGetBean(AbstractBeanFactory.java:334) ~[spring-beans-6.2.2.jar!/:6.2.2]
	at org.springframework.beans.factory.support.AbstractBeanFactory.getBean(AbstractBeanFactory.java:204) ~[spring-beans-6.2.2.jar!/:6.2.2]
	at org.springframework.boot.web.servlet.ServletContextInitializerBeans.getOrderedBeansOfType(ServletContextInitializerBeans.java:211) ~[spring-boot-3.4.2.jar!/:3.4.2]
	at org.springframework.boot.web.servlet.ServletContextInitializerBeans.addAsRegistrationBean(ServletContextInitializerBeans.java:174) ~[spring-boot-3.4.2.jar!/:3.4.2]
	at org.springframework.boot.web.servlet.ServletContextInitializerBeans.addAsRegistrationBean(ServletContextInitializerBeans.java:169) ~[spring-boot-3.4.2.jar!/:3.4.2]
	at org.springframework.boot.web.servlet.ServletContextInitializerBeans.addAdaptableBeans(ServletContextInitializerBeans.java:154) ~[spring-boot-3.4.2.jar!/:3.4.2]
	at org.springframework.boot.web.servlet.ServletContextInitializerBeans.<init>(ServletContextInitializerBeans.java:87) ~[spring-boot-3.4.2.jar!/:3.4.2]
	at org.springframework.boot.web.servlet.context.ServletWebServerApplicationContext.getServletContextInitializerBeans(ServletWebServerApplicationContext.java:266) ~[spring-boot-3.4.2.jar!/:3.4.2]
	at org.springframework.boot.web.servlet.context.ServletWebServerApplicationContext.selfInitialize(ServletWebServerApplicationContext.java:240) ~[spring-boot-3.4.2.jar!/:3.4.2]
	at org.springframework.boot.web.embedded.tomcat.TomcatStarter.onStartup(TomcatStarter.java:52) ~[spring-boot-3.4.2.jar!/:3.4.2]
	at org.apache.catalina.core.StandardContext.startInternal(StandardContext.java:4426) ~[tomcat-embed-core-10.1.34.jar!/:na]
	at org.apache.catalina.util.LifecycleBase.start(LifecycleBase.java:164) ~[tomcat-embed-core-10.1.34.jar!/:na]
	at org.apache.catalina.core.ContainerBase$StartChild.call(ContainerBase.java:1203) ~[tomcat-embed-core-10.1.34.jar!/:na]
	at org.apache.catalina.core.ContainerBase$StartChild.call(ContainerBase.java:1193) ~[tomcat-embed-core-10.1.34.jar!/:na]
	at java.base/java.util.concurrent.FutureTask.run(FutureTask.java:264) ~[na:na]
	at org.apache.tomcat.util.threads.InlineExecutorService.execute(InlineExecutorService.java:75) ~[tomcat-embed-core-10.1.34.jar!/:na]
	at java.base/java.util.concurrent.AbstractExecutorService.submit(AbstractExecutorService.java:145) ~[na:na]
	at org.apache.catalina.core.ContainerBase.startInternal(ContainerBase.java:749) ~[tomcat-embed-core-10.1.34.jar!/:na]
	at org.apache.catalina.core.StandardHost.startInternal(StandardHost.java:772) ~[tomcat-embed-core-10.1.34.jar!/:na]
	at org.apache.catalina.util.LifecycleBase.start(LifecycleBase.java:164) ~[tomcat-embed-core-10.1.34.jar!/:na]
	at org.apache.catalina.core.ContainerBase$StartChild.call(ContainerBase.java:1203) ~[tomcat-embed-core-10.1.34.jar!/:na]
	at org.apache.catalina.core.ContainerBase$StartChild.call(ContainerBase.java:1193) ~[tomcat-embed-core-10.1.34.jar!/:na]
	at java.base/java.util.concurrent.FutureTask.run(FutureTask.java:264) ~[na:na]
	at org.apache.tomcat.util.threads.InlineExecutorService.execute(InlineExecutorService.java:75) ~[tomcat-embed-core-10.1.34.jar!/:na]
	at java.base/java.util.concurrent.AbstractExecutorService.submit(AbstractExecutorService.java:145) ~[na:na]
	at org.apache.catalina.core.ContainerBase.startInternal(ContainerBase.java:749) ~[tomcat-embed-core-10.1.34.jar!/:na]
	at org.apache.catalina.core.StandardEngine.startInternal(StandardEngine.java:203) ~[tomcat-embed-core-10.1.34.jar!/:na]
	at org.apache.catalina.util.LifecycleBase.start(LifecycleBase.java:164) ~[tomcat-embed-core-10.1.34.jar!/:na]
	at org.apache.catalina.core.StandardService.startInternal(StandardService.java:415) ~[tomcat-embed-core-10.1.34.jar!/:na]
	at org.apache.catalina.util.LifecycleBase.start(LifecycleBase.java:164) ~[tomcat-embed-core-10.1.34.jar!/:na]
	at org.apache.catalina.core.StandardServer.startInternal(StandardServer.java:870) ~[tomcat-embed-core-10.1.34.jar!/:na]
	at org.apache.catalina.util.LifecycleBase.start(LifecycleBase.java:164) ~[tomcat-embed-core-10.1.34.jar!/:na]
	at org.apache.catalina.startup.Tomcat.start(Tomcat.java:437) ~[tomcat-embed-core-10.1.34.jar!/:na]
	at org.springframework.boot.web.embedded.tomcat.TomcatWebServer.initialize(TomcatWebServer.java:128) ~[spring-boot-3.4.2.jar!/:3.4.2]
	at org.springframework.boot.web.embedded.tomcat.TomcatWebServer.<init>(TomcatWebServer.java:107) ~[spring-boot-3.4.2.jar!/:3.4.2]
	at org.springframework.boot.web.embedded.tomcat.TomcatServletWebServerFactory.getTomcatWebServer(TomcatServletWebServerFactory.java:516) ~[spring-boot-3.4.2.jar!/:3.4.2]
	at org.springframework.boot.web.embedded.tomcat.TomcatServletWebServerFactory.getWebServer(TomcatServletWebServerFactory.java:222) ~[spring-boot-3.4.2.jar!/:3.4.2]
	at org.springframework.boot.web.servlet.context.ServletWebServerApplicationContext.createWebServer(ServletWebServerApplicationContext.java:188) ~[spring-boot-3.4.2.jar!/:3.4.2]
	at org.springframework.boot.web.servlet.context.ServletWebServerApplicationContext.onRefresh(ServletWebServerApplicationContext.java:162) ~[spring-boot-3.4.2.jar!/:3.4.2]
	at org.springframework.context.support.AbstractApplicationContext.refresh(AbstractApplicationContext.java:621) ~[spring-context-6.2.2.jar!/:6.2.2]
	at org.springframework.boot.web.servlet.context.ServletWebServerApplicationContext.refresh(ServletWebServerApplicationContext.java:146) ~[spring-boot-3.4.2.jar!/:3.4.2]
	at org.springframework.boot.SpringApplication.refresh(SpringApplication.java:752) ~[spring-boot-3.4.2.jar!/:3.4.2]
	at org.springframework.boot.SpringApplication.refreshContext(SpringApplication.java:439) ~[spring-boot-3.4.2.jar!/:3.4.2]
	at org.springframework.boot.SpringApplication.run(SpringApplication.java:318) ~[spring-boot-3.4.2.jar!/:3.4.2]
	at org.springframework.boot.SpringApplication.run(SpringApplication.java:1361) ~[spring-boot-3.4.2.jar!/:3.4.2]
	at org.springframework.boot.SpringApplication.run(SpringApplication.java:1350) ~[spring-boot-3.4.2.jar!/:3.4.2]
	at com.gomin_jungdok.gdgoc.GdgocApplication.main(GdgocApplication.java:10) ~[!/:0.0.1-SNAPSHOT]
	at java.base/jdk.internal.reflect.NativeMethodAccessorImpl.invoke0(Native Method) ~[na:na]
	at java.base/jdk.internal.reflect.NativeMethodAccessorImpl.invoke(NativeMethodAccessorImpl.java:77) ~[na:na]
	at java.base/jdk.internal.reflect.DelegatingMethodAccessorImpl.invoke(DelegatingMethodAccessorImpl.java:43) ~[na:na]
	at java.base/java.lang.reflect.Method.invoke(Method.java:569) ~[na:na]
	at org.springframework.boot.loader.launch.Launcher.launch(Launcher.java:102) ~[gdgoc-0.0.1-SNAPSHOT.jar:0.0.1-SNAPSHOT]
	at org.springframework.boot.loader.launch.Launcher.launch(Launcher.java:64) ~[gdgoc-0.0.1-SNAPSHOT.jar:0.0.1-SNAPSHOT]
	at org.springframework.boot.loader.launch.JarLauncher.main(JarLauncher.java:40) ~[gdgoc-0.0.1-SNAPSHOT.jar:0.0.1-SNAPSHOT]

2025-03-27T03:32:30.618Z DEBUG 845597 --- [gdgoc] [           main] cResourceLocalTransactionCoordinatorImpl : JDBC transaction marked for rollback-only (exception provided for stack trace)

java.lang.Exception: exception just for purpose of providing stack trace
	at org.hibernate.resource.transaction.backend.jdbc.internal.JdbcResourceLocalTransactionCoordinatorImpl$TransactionDriverControlImpl.markRollbackOnly(JdbcResourceLocalTransactionCoordinatorImpl.java:309) ~[hibernate-core-6.6.5.Final.jar!/:6.6.5.Final]
	at org.hibernate.internal.AbstractSharedSessionContract.buildNamedQuery(AbstractSharedSessionContract.java:1141) ~[hibernate-core-6.6.5.Final.jar!/:6.6.5.Final]
	at org.hibernate.internal.AbstractSharedSessionContract.createNamedQuery(AbstractSharedSessionContract.java:1019) ~[hibernate-core-6.6.5.Final.jar!/:6.6.5.Final]
	at org.hibernate.internal.AbstractSharedSessionContract.createNamedQuery(AbstractSharedSessionContract.java:143) ~[hibernate-core-6.6.5.Final.jar!/:6.6.5.Final]
	at java.base/jdk.internal.reflect.NativeMethodAccessorImpl.invoke0(Native Method) ~[na:na]
	at java.base/jdk.internal.reflect.NativeMethodAccessorImpl.invoke(NativeMethodAccessorImpl.java:77) ~[na:na]
	at java.base/jdk.internal.reflect.DelegatingMethodAccessorImpl.invoke(DelegatingMethodAccessorImpl.java:43) ~[na:na]
	at java.base/java.lang.reflect.Method.invoke(Method.java:569) ~[na:na]
	at org.springframework.orm.jpa.ExtendedEntityManagerCreator$ExtendedEntityManagerInvocationHandler.invoke(ExtendedEntityManagerCreator.java:364) ~[spring-orm-6.2.2.jar!/:6.2.2]
	at jdk.proxy2/jdk.proxy2.$Proxy134.createNamedQuery(Unknown Source) ~[na:na]
	at org.springframework.data.jpa.repository.query.NamedQuery.hasNamedQuery(NamedQuery.java:114) ~[spring-data-jpa-3.4.2.jar!/:3.4.2]
	at org.springframework.data.jpa.repository.query.NamedQuery.lookupFrom(NamedQuery.java:140) ~[spring-data-jpa-3.4.2.jar!/:3.4.2]
	at org.springframework.data.jpa.repository.query.JpaQueryLookupStrategy$DeclaredQueryLookupStrategy.resolveQuery(JpaQueryLookupStrategy.java:184) ~[spring-data-jpa-3.4.2.jar!/:3.4.2]
	at org.springframework.data.jpa.repository.query.JpaQueryLookupStrategy$CreateIfNotFoundQueryLookupStrategy.resolveQuery(JpaQueryLookupStrategy.java:256) ~[spring-data-jpa-3.4.2.jar!/:3.4.2]
	at org.springframework.data.jpa.repository.query.JpaQueryLookupStrategy$AbstractQueryLookupStrategy.resolveQuery(JpaQueryLookupStrategy.java:99) ~[spring-data-jpa-3.4.2.jar!/:3.4.2]
	at org.springframework.data.repository.core.support.QueryExecutorMethodInterceptor.lookupQuery(QueryExecutorMethodInterceptor.java:116) ~[spring-data-commons-3.4.2.jar!/:3.4.2]
	at org.springframework.data.repository.core.support.QueryExecutorMethodInterceptor.mapMethodsToQuery(QueryExecutorMethodInterceptor.java:104) ~[spring-data-commons-3.4.2.jar!/:3.4.2]
	at org.springframework.data.repository.core.support.QueryExecutorMethodInterceptor.lambda$new$0(QueryExecutorMethodInterceptor.java:92) ~[spring-data-commons-3.4.2.jar!/:3.4.2]
	at java.base/java.util.Optional.map(Optional.java:260) ~[na:na]
	at org.springframework.data.repository.core.support.QueryExecutorMethodInterceptor.<init>(QueryExecutorMethodInterceptor.java:92) ~[spring-data-commons-3.4.2.jar!/:3.4.2]
	at org.springframework.data.repository.core.support.RepositoryFactorySupport.getRepository(RepositoryFactorySupport.java:440) ~[spring-data-commons-3.4.2.jar!/:3.4.2]
	at org.springframework.data.repository.core.support.RepositoryFactoryBeanSupport.lambda$afterPropertiesSet$4(RepositoryFactoryBeanSupport.java:350) ~[spring-data-commons-3.4.2.jar!/:3.4.2]
	at org.springframework.data.util.Lazy.getNullable(Lazy.java:135) ~[spring-data-commons-3.4.2.jar!/:3.4.2]
	at org.springframework.data.util.Lazy.get(Lazy.java:113) ~[spring-data-commons-3.4.2.jar!/:3.4.2]
	at org.springframework.data.repository.core.support.RepositoryFactoryBeanSupport.afterPropertiesSet(RepositoryFactoryBeanSupport.java:356) ~[spring-data-commons-3.4.2.jar!/:3.4.2]
	at org.springframework.data.jpa.repository.support.JpaRepositoryFactoryBean.afterPropertiesSet(JpaRepositoryFactoryBean.java:132) ~[spring-data-jpa-3.4.2.jar!/:3.4.2]
	at org.springframework.beans.factory.support.AbstractAutowireCapableBeanFactory.invokeInitMethods(AbstractAutowireCapableBeanFactory.java:1859) ~[spring-beans-6.2.2.jar!/:6.2.2]
	at org.springframework.beans.factory.support.AbstractAutowireCapableBeanFactory.initializeBean(AbstractAutowireCapableBeanFactory.java:1808) ~[spring-beans-6.2.2.jar!/:6.2.2]
	at org.springframework.beans.factory.support.AbstractAutowireCapableBeanFactory.doCreateBean(AbstractAutowireCapableBeanFactory.java:601) ~[spring-beans-6.2.2.jar!/:6.2.2]
	at org.springframework.beans.factory.support.AbstractAutowireCapableBeanFactory.createBean(AbstractAutowireCapableBeanFactory.java:523) ~[spring-beans-6.2.2.jar!/:6.2.2]
	at org.springframework.beans.factory.support.AbstractBeanFactory.lambda$doGetBean$0(AbstractBeanFactory.java:336) ~[spring-beans-6.2.2.jar!/:6.2.2]
	at org.springframework.beans.factory.support.DefaultSingletonBeanRegistry.getSingleton(DefaultSingletonBeanRegistry.java:307) ~[spring-beans-6.2.2.jar!/:6.2.2]
	at org.springframework.beans.factory.support.AbstractBeanFactory.doGetBean(AbstractBeanFactory.java:334) ~[spring-beans-6.2.2.jar!/:6.2.2]
	at org.springframework.beans.factory.support.AbstractBeanFactory.getBean(AbstractBeanFactory.java:199) ~[spring-beans-6.2.2.jar!/:6.2.2]
	at org.springframework.beans.factory.support.DefaultListableBeanFactory.doResolveDependency(DefaultListableBeanFactory.java:1573) ~[spring-beans-6.2.2.jar!/:6.2.2]
	at org.springframework.beans.factory.support.DefaultListableBeanFactory.resolveDependency(DefaultListableBeanFactory.java:1519) ~[spring-beans-6.2.2.jar!/:6.2.2]
	at org.springframework.beans.factory.support.ConstructorResolver.resolveAutowiredArgument(ConstructorResolver.java:913) ~[spring-beans-6.2.2.jar!/:6.2.2]
	at org.springframework.beans.factory.support.ConstructorResolver.createArgumentArray(ConstructorResolver.java:791) ~[spring-beans-6.2.2.jar!/:6.2.2]
	at org.springframework.beans.factory.support.ConstructorResolver.autowireConstructor(ConstructorResolver.java:240) ~[spring-beans-6.2.2.jar!/:6.2.2]
	at org.springframework.beans.factory.support.AbstractAutowireCapableBeanFactory.autowireConstructor(AbstractAutowireCapableBeanFactory.java:1381) ~[spring-beans-6.2.2.jar!/:6.2.2]
	at org.springframework.beans.factory.support.AbstractAutowireCapableBeanFactory.createBeanInstance(AbstractAutowireCapableBeanFactory.java:1218) ~[spring-beans-6.2.2.jar!/:6.2.2]
	at org.springframework.beans.factory.support.AbstractAutowireCapableBeanFactory.doCreateBean(AbstractAutowireCapableBeanFactory.java:563) ~[spring-beans-6.2.2.jar!/:6.2.2]
	at org.springframework.beans.factory.support.AbstractAutowireCapableBeanFactory.createBean(AbstractAutowireCapableBeanFactory.java:523) ~[spring-beans-6.2.2.jar!/:6.2.2]
	at org.springframework.beans.factory.support.AbstractBeanFactory.lambda$doGetBean$0(AbstractBeanFactory.java:336) ~[spring-beans-6.2.2.jar!/:6.2.2]
	at org.springframework.beans.factory.support.DefaultSingletonBeanRegistry.getSingleton(DefaultSingletonBeanRegistry.java:307) ~[spring-beans-6.2.2.jar!/:6.2.2]
	at org.springframework.beans.factory.support.AbstractBeanFactory.doGetBean(AbstractBeanFactory.java:334) ~[spring-beans-6.2.2.jar!/:6.2.2]
	at org.springframework.beans.factory.support.AbstractBeanFactory.getBean(AbstractBeanFactory.java:199) ~[spring-beans-6.2.2.jar!/:6.2.2]
	at org.springframework.beans.factory.support.DefaultListableBeanFactory.doResolveDependency(DefaultListableBeanFactory.java:1573) ~[spring-beans-6.2.2.jar!/:6.2.2]
	at org.springframework.beans.factory.support.DefaultListableBeanFactory.resolveDependency(DefaultListableBeanFactory.java:1519) ~[spring-beans-6.2.2.jar!/:6.2.2]
	at org.springframework.beans.factory.support.ConstructorResolver.resolveAutowiredArgument(ConstructorResolver.java:913) ~[spring-beans-6.2.2.jar!/:6.2.2]
	at org.springframework.beans.factory.support.ConstructorResolver.createArgumentArray(ConstructorResolver.java:791) ~[spring-beans-6.2.2.jar!/:6.2.2]
	at org.springframework.beans.factory.support.ConstructorResolver.autowireConstructor(ConstructorResolver.java:240) ~[spring-beans-6.2.2.jar!/:6.2.2]
	at org.springframework.beans.factory.support.AbstractAutowireCapableBeanFactory.autowireConstructor(AbstractAutowireCapableBeanFactory.java:1381) ~[spring-beans-6.2.2.jar!/:6.2.2]
	at org.springframework.beans.factory.support.AbstractAutowireCapableBeanFactory.createBeanInstance(AbstractAutowireCapableBeanFactory.java:1218) ~[spring-beans-6.2.2.jar!/:6.2.2]
	at org.springframework.beans.factory.support.AbstractAutowireCapableBeanFactory.doCreateBean(AbstractAutowireCapableBeanFactory.java:563) ~[spring-beans-6.2.2.jar!/:6.2.2]
	at org.springframework.beans.factory.support.AbstractAutowireCapableBeanFactory.createBean(AbstractAutowireCapableBeanFactory.java:523) ~[spring-beans-6.2.2.jar!/:6.2.2]
	at org.springframework.beans.factory.support.AbstractBeanFactory.lambda$doGetBean$0(AbstractBeanFactory.java:336) ~[spring-beans-6.2.2.jar!/:6.2.2]
	at org.springframework.beans.factory.support.DefaultSingletonBeanRegistry.getSingleton(DefaultSingletonBeanRegistry.java:307) ~[spring-beans-6.2.2.jar!/:6.2.2]
	at org.springframework.beans.factory.support.AbstractBeanFactory.doGetBean(AbstractBeanFactory.java:334) ~[spring-beans-6.2.2.jar!/:6.2.2]
	at org.springframework.beans.factory.support.AbstractBeanFactory.getBean(AbstractBeanFactory.java:199) ~[spring-beans-6.2.2.jar!/:6.2.2]
	at org.springframework.beans.factory.support.DefaultListableBeanFactory.instantiateSingleton(DefaultListableBeanFactory.java:1122) ~[spring-beans-6.2.2.jar!/:6.2.2]
	at org.springframework.beans.factory.support.DefaultListableBeanFactory.preInstantiateSingleton(DefaultListableBeanFactory.java:1093) ~[spring-beans-6.2.2.jar!/:6.2.2]
	at org.springframework.beans.factory.support.DefaultListableBeanFactory.preInstantiateSingletons(DefaultListableBeanFactory.java:1030) ~[spring-beans-6.2.2.jar!/:6.2.2]
	at org.springframework.context.support.AbstractApplicationContext.finishBeanFactoryInitialization(AbstractApplicationContext.java:987) ~[spring-context-6.2.2.jar!/:6.2.2]
	at org.springframework.context.support.AbstractApplicationContext.refresh(AbstractApplicationContext.java:627) ~[spring-context-6.2.2.jar!/:6.2.2]
	at org.springframework.boot.web.servlet.context.ServletWebServerApplicationContext.refresh(ServletWebServerApplicationContext.java:146) ~[spring-boot-3.4.2.jar!/:3.4.2]
	at org.springframework.boot.SpringApplication.refresh(SpringApplication.java:752) ~[spring-boot-3.4.2.jar!/:3.4.2]
	at org.springframework.boot.SpringApplication.refreshContext(SpringApplication.java:439) ~[spring-boot-3.4.2.jar!/:3.4.2]
	at org.springframework.boot.SpringApplication.run(SpringApplication.java:318) ~[spring-boot-3.4.2.jar!/:3.4.2]
	at org.springframework.boot.SpringApplication.run(SpringApplication.java:1361) ~[spring-boot-3.4.2.jar!/:3.4.2]
	at org.springframework.boot.SpringApplication.run(SpringApplication.java:1350) ~[spring-boot-3.4.2.jar!/:3.4.2]
	at com.gomin_jungdok.gdgoc.GdgocApplication.main(GdgocApplication.java:10) ~[!/:0.0.1-SNAPSHOT]
	at java.base/jdk.internal.reflect.NativeMethodAccessorImpl.invoke0(Native Method) ~[na:na]
	at java.base/jdk.internal.reflect.NativeMethodAccessorImpl.invoke(NativeMethodAccessorImpl.java:77) ~[na:na]
	at java.base/jdk.internal.reflect.DelegatingMethodAccessorImpl.invoke(DelegatingMethodAccessorImpl.java:43) ~[na:na]
	at java.base/java.lang.reflect.Method.invoke(Method.java:569) ~[na:na]
	at org.springframework.boot.loader.launch.Launcher.launch(Launcher.java:102) ~[gdgoc-0.0.1-SNAPSHOT.jar:0.0.1-SNAPSHOT]
	at org.springframework.boot.loader.launch.Launcher.launch(Launcher.java:64) ~[gdgoc-0.0.1-SNAPSHOT.jar:0.0.1-SNAPSHOT]
	at org.springframework.boot.loader.launch.JarLauncher.main(JarLauncher.java:40) ~[gdgoc-0.0.1-SNAPSHOT.jar:0.0.1-SNAPSHOT]

2025-03-27T03:32:30.748Z DEBUG 845597 --- [gdgoc] [           main] cResourceLocalTransactionCoordinatorImpl : JDBC transaction marked for rollback-only (exception provided for stack trace)

java.lang.Exception: exception just for purpose of providing stack trace
	at org.hibernate.resource.transaction.backend.jdbc.internal.JdbcResourceLocalTransactionCoordinatorImpl$TransactionDriverControlImpl.markRollbackOnly(JdbcResourceLocalTransactionCoordinatorImpl.java:309) ~[hibernate-core-6.6.5.Final.jar!/:6.6.5.Final]
	at org.hibernate.internal.AbstractSharedSessionContract.buildNamedQuery(AbstractSharedSessionContract.java:1141) ~[hibernate-core-6.6.5.Final.jar!/:6.6.5.Final]
	at org.hibernate.internal.AbstractSharedSessionContract.createNamedQuery(AbstractSharedSessionContract.java:1019) ~[hibernate-core-6.6.5.Final.jar!/:6.6.5.Final]
	at org.hibernate.internal.AbstractSharedSessionContract.createNamedQuery(AbstractSharedSessionContract.java:143) ~[hibernate-core-6.6.5.Final.jar!/:6.6.5.Final]
	at java.base/jdk.internal.reflect.NativeMethodAccessorImpl.invoke0(Native Method) ~[na:na]
	at java.base/jdk.internal.reflect.NativeMethodAccessorImpl.invoke(NativeMethodAccessorImpl.java:77) ~[na:na]
	at java.base/jdk.internal.reflect.DelegatingMethodAccessorImpl.invoke(DelegatingMethodAccessorImpl.java:43) ~[na:na]
	at java.base/java.lang.reflect.Method.invoke(Method.java:569) ~[na:na]
	at org.springframework.orm.jpa.ExtendedEntityManagerCreator$ExtendedEntityManagerInvocationHandler.invoke(ExtendedEntityManagerCreator.java:364) ~[spring-orm-6.2.2.jar!/:6.2.2]
	at jdk.proxy2/jdk.proxy2.$Proxy134.createNamedQuery(Unknown Source) ~[na:na]
	at org.springframework.data.jpa.repository.query.NamedQuery.hasNamedQuery(NamedQuery.java:114) ~[spring-data-jpa-3.4.2.jar!/:3.4.2]
	at org.springframework.data.jpa.repository.query.JpaQueryLookupStrategy$DeclaredQueryLookupStrategy.getCountQuery(JpaQueryLookupStrategy.java:208) ~[spring-data-jpa-3.4.2.jar!/:3.4.2]
	at org.springframework.data.jpa.repository.query.JpaQueryLookupStrategy$DeclaredQueryLookupStrategy.resolveQuery(JpaQueryLookupStrategy.java:175) ~[spring-data-jpa-3.4.2.jar!/:3.4.2]
	at org.springframework.data.jpa.repository.query.JpaQueryLookupStrategy$CreateIfNotFoundQueryLookupStrategy.resolveQuery(JpaQueryLookupStrategy.java:256) ~[spring-data-jpa-3.4.2.jar!/:3.4.2]
	at org.springframework.data.jpa.repository.query.JpaQueryLookupStrategy$AbstractQueryLookupStrategy.resolveQuery(JpaQueryLookupStrategy.java:99) ~[spring-data-jpa-3.4.2.jar!/:3.4.2]
	at org.springframework.data.repository.core.support.QueryExecutorMethodInterceptor.lookupQuery(QueryExecutorMethodInterceptor.java:116) ~[spring-data-commons-3.4.2.jar!/:3.4.2]
	at org.springframework.data.repository.core.support.QueryExecutorMethodInterceptor.mapMethodsToQuery(QueryExecutorMethodInterceptor.java:104) ~[spring-data-commons-3.4.2.jar!/:3.4.2]
	at org.springframework.data.repository.core.support.QueryExecutorMethodInterceptor.lambda$new$0(QueryExecutorMethodInterceptor.java:92) ~[spring-data-commons-3.4.2.jar!/:3.4.2]
	at java.base/java.util.Optional.map(Optional.java:260) ~[na:na]
	at org.springframework.data.repository.core.support.QueryExecutorMethodInterceptor.<init>(QueryExecutorMethodInterceptor.java:92) ~[spring-data-commons-3.4.2.jar!/:3.4.2]
	at org.springframework.data.repository.core.support.RepositoryFactorySupport.getRepository(RepositoryFactorySupport.java:440) ~[spring-data-commons-3.4.2.jar!/:3.4.2]
	at org.springframework.data.repository.core.support.RepositoryFactoryBeanSupport.lambda$afterPropertiesSet$4(RepositoryFactoryBeanSupport.java:350) ~[spring-data-commons-3.4.2.jar!/:3.4.2]
	at org.springframework.data.util.Lazy.getNullable(Lazy.java:135) ~[spring-data-commons-3.4.2.jar!/:3.4.2]
	at org.springframework.data.util.Lazy.get(Lazy.java:113) ~[spring-data-commons-3.4.2.jar!/:3.4.2]
	at org.springframework.data.repository.core.support.RepositoryFactoryBeanSupport.afterPropertiesSet(RepositoryFactoryBeanSupport.java:356) ~[spring-data-commons-3.4.2.jar!/:3.4.2]
	at org.springframework.data.jpa.repository.support.JpaRepositoryFactoryBean.afterPropertiesSet(JpaRepositoryFactoryBean.java:132) ~[spring-data-jpa-3.4.2.jar!/:3.4.2]
	at org.springframework.beans.factory.support.AbstractAutowireCapableBeanFactory.invokeInitMethods(AbstractAutowireCapableBeanFactory.java:1859) ~[spring-beans-6.2.2.jar!/:6.2.2]
	at org.springframework.beans.factory.support.AbstractAutowireCapableBeanFactory.initializeBean(AbstractAutowireCapableBeanFactory.java:1808) ~[spring-beans-6.2.2.jar!/:6.2.2]
	at org.springframework.beans.factory.support.AbstractAutowireCapableBeanFactory.doCreateBean(AbstractAutowireCapableBeanFactory.java:601) ~[spring-beans-6.2.2.jar!/:6.2.2]
	at org.springframework.beans.factory.support.AbstractAutowireCapableBeanFactory.createBean(AbstractAutowireCapableBeanFactory.java:523) ~[spring-beans-6.2.2.jar!/:6.2.2]
	at org.springframework.beans.factory.support.AbstractBeanFactory.lambda$doGetBean$0(AbstractBeanFactory.java:336) ~[spring-beans-6.2.2.jar!/:6.2.2]
	at org.springframework.beans.factory.support.DefaultSingletonBeanRegistry.getSingleton(DefaultSingletonBeanRegistry.java:307) ~[spring-beans-6.2.2.jar!/:6.2.2]
	at org.springframework.beans.factory.support.AbstractBeanFactory.doGetBean(AbstractBeanFactory.java:334) ~[spring-beans-6.2.2.jar!/:6.2.2]
	at org.springframework.beans.factory.support.AbstractBeanFactory.getBean(AbstractBeanFactory.java:199) ~[spring-beans-6.2.2.jar!/:6.2.2]
	at org.springframework.beans.factory.support.DefaultListableBeanFactory.doResolveDependency(DefaultListableBeanFactory.java:1573) ~[spring-beans-6.2.2.jar!/:6.2.2]
	at org.springframework.beans.factory.support.DefaultListableBeanFactory.resolveDependency(DefaultListableBeanFactory.java:1519) ~[spring-beans-6.2.2.jar!/:6.2.2]
	at org.springframework.beans.factory.support.ConstructorResolver.resolveAutowiredArgument(ConstructorResolver.java:913) ~[spring-beans-6.2.2.jar!/:6.2.2]
	at org.springframework.beans.factory.support.ConstructorResolver.createArgumentArray(ConstructorResolver.java:791) ~[spring-beans-6.2.2.jar!/:6.2.2]
	at org.springframework.beans.factory.support.ConstructorResolver.autowireConstructor(ConstructorResolver.java:240) ~[spring-beans-6.2.2.jar!/:6.2.2]
	at org.springframework.beans.factory.support.AbstractAutowireCapableBeanFactory.autowireConstructor(AbstractAutowireCapableBeanFactory.java:1381) ~[spring-beans-6.2.2.jar!/:6.2.2]
	at org.springframework.beans.factory.support.AbstractAutowireCapableBeanFactory.createBeanInstance(AbstractAutowireCapableBeanFactory.java:1218) ~[spring-beans-6.2.2.jar!/:6.2.2]
	at org.springframework.beans.factory.support.AbstractAutowireCapableBeanFactory.doCreateBean(AbstractAutowireCapableBeanFactory.java:563) ~[spring-beans-6.2.2.jar!/:6.2.2]
	at org.springframework.beans.factory.support.AbstractAutowireCapableBeanFactory.createBean(AbstractAutowireCapableBeanFactory.java:523) ~[spring-beans-6.2.2.jar!/:6.2.2]
	at org.springframework.beans.factory.support.AbstractBeanFactory.lambda$doGetBean$0(AbstractBeanFactory.java:336) ~[spring-beans-6.2.2.jar!/:6.2.2]
	at org.springframework.beans.factory.support.DefaultSingletonBeanRegistry.getSingleton(DefaultSingletonBeanRegistry.java:307) ~[spring-beans-6.2.2.jar!/:6.2.2]
	at org.springframework.beans.factory.support.AbstractBeanFactory.doGetBean(AbstractBeanFactory.java:334) ~[spring-beans-6.2.2.jar!/:6.2.2]
	at org.springframework.beans.factory.support.AbstractBeanFactory.getBean(AbstractBeanFactory.java:199) ~[spring-beans-6.2.2.jar!/:6.2.2]
	at org.springframework.beans.factory.support.DefaultListableBeanFactory.doResolveDependency(DefaultListableBeanFactory.java:1573) ~[spring-beans-6.2.2.jar!/:6.2.2]
	at org.springframework.beans.factory.support.DefaultListableBeanFactory.resolveDependency(DefaultListableBeanFactory.java:1519) ~[spring-beans-6.2.2.jar!/:6.2.2]
	at org.springframework.beans.factory.support.ConstructorResolver.resolveAutowiredArgument(ConstructorResolver.java:913) ~[spring-beans-6.2.2.jar!/:6.2.2]
	at org.springframework.beans.factory.support.ConstructorResolver.createArgumentArray(ConstructorResolver.java:791) ~[spring-beans-6.2.2.jar!/:6.2.2]
	at org.springframework.beans.factory.support.ConstructorResolver.autowireConstructor(ConstructorResolver.java:240) ~[spring-beans-6.2.2.jar!/:6.2.2]
	at org.springframework.beans.factory.support.AbstractAutowireCapableBeanFactory.autowireConstructor(AbstractAutowireCapableBeanFactory.java:1381) ~[spring-beans-6.2.2.jar!/:6.2.2]
	at org.springframework.beans.factory.support.AbstractAutowireCapableBeanFactory.createBeanInstance(AbstractAutowireCapableBeanFactory.java:1218) ~[spring-beans-6.2.2.jar!/:6.2.2]
	at org.springframework.beans.factory.support.AbstractAutowireCapableBeanFactory.doCreateBean(AbstractAutowireCapableBeanFactory.java:563) ~[spring-beans-6.2.2.jar!/:6.2.2]
	at org.springframework.beans.factory.support.AbstractAutowireCapableBeanFactory.createBean(AbstractAutowireCapableBeanFactory.java:523) ~[spring-beans-6.2.2.jar!/:6.2.2]
	at org.springframework.beans.factory.support.AbstractBeanFactory.lambda$doGetBean$0(AbstractBeanFactory.java:336) ~[spring-beans-6.2.2.jar!/:6.2.2]
	at org.springframework.beans.factory.support.DefaultSingletonBeanRegistry.getSingleton(DefaultSingletonBeanRegistry.java:307) ~[spring-beans-6.2.2.jar!/:6.2.2]
	at org.springframework.beans.factory.support.AbstractBeanFactory.doGetBean(AbstractBeanFactory.java:334) ~[spring-beans-6.2.2.jar!/:6.2.2]
	at org.springframework.beans.factory.support.AbstractBeanFactory.getBean(AbstractBeanFactory.java:199) ~[spring-beans-6.2.2.jar!/:6.2.2]
	at org.springframework.beans.factory.support.DefaultListableBeanFactory.instantiateSingleton(DefaultListableBeanFactory.java:1122) ~[spring-beans-6.2.2.jar!/:6.2.2]
	at org.springframework.beans.factory.support.DefaultListableBeanFactory.preInstantiateSingleton(DefaultListableBeanFactory.java:1093) ~[spring-beans-6.2.2.jar!/:6.2.2]
	at org.springframework.beans.factory.support.DefaultListableBeanFactory.preInstantiateSingletons(DefaultListableBeanFactory.java:1030) ~[spring-beans-6.2.2.jar!/:6.2.2]
	at org.springframework.context.support.AbstractApplicationContext.finishBeanFactoryInitialization(AbstractApplicationContext.java:987) ~[spring-context-6.2.2.jar!/:6.2.2]
	at org.springframework.context.support.AbstractApplicationContext.refresh(AbstractApplicationContext.java:627) ~[spring-context-6.2.2.jar!/:6.2.2]
	at org.springframework.boot.web.servlet.context.ServletWebServerApplicationContext.refresh(ServletWebServerApplicationContext.java:146) ~[spring-boot-3.4.2.jar!/:3.4.2]
	at org.springframework.boot.SpringApplication.refresh(SpringApplication.java:752) ~[spring-boot-3.4.2.jar!/:3.4.2]
	at org.springframework.boot.SpringApplication.refreshContext(SpringApplication.java:439) ~[spring-boot-3.4.2.jar!/:3.4.2]
	at org.springframework.boot.SpringApplication.run(SpringApplication.java:318) ~[spring-boot-3.4.2.jar!/:3.4.2]
	at org.springframework.boot.SpringApplication.run(SpringApplication.java:1361) ~[spring-boot-3.4.2.jar!/:3.4.2]
	at org.springframework.boot.SpringApplication.run(SpringApplication.java:1350) ~[spring-boot-3.4.2.jar!/:3.4.2]
	at com.gomin_jungdok.gdgoc.GdgocApplication.main(GdgocApplication.java:10) ~[!/:0.0.1-SNAPSHOT]
	at java.base/jdk.internal.reflect.NativeMethodAccessorImpl.invoke0(Native Method) ~[na:na]
	at java.base/jdk.internal.reflect.NativeMethodAccessorImpl.invoke(NativeMethodAccessorImpl.java:77) ~[na:na]
	at java.base/jdk.internal.reflect.DelegatingMethodAccessorImpl.invoke(DelegatingMethodAccessorImpl.java:43) ~[na:na]
	at java.base/java.lang.reflect.Method.invoke(Method.java:569) ~[na:na]
	at org.springframework.boot.loader.launch.Launcher.launch(Launcher.java:102) ~[gdgoc-0.0.1-SNAPSHOT.jar:0.0.1-SNAPSHOT]
	at org.springframework.boot.loader.launch.Launcher.launch(Launcher.java:64) ~[gdgoc-0.0.1-SNAPSHOT.jar:0.0.1-SNAPSHOT]
	at org.springframework.boot.loader.launch.JarLauncher.main(JarLauncher.java:40) ~[gdgoc-0.0.1-SNAPSHOT.jar:0.0.1-SNAPSHOT]

2025-03-27T03:32:30.780Z  INFO 845597 --- [gdgoc] [           main] o.s.d.j.r.query.QueryEnhancerFactory     : Hibernate is in classpath; If applicable, HQL parser will be used.
2025-03-27T03:32:31.884Z DEBUG 845597 --- [gdgoc] [           main] org.hibernate.orm.query.hql              : HQL : SELECT p FROM Post p WHERE (:lastId IS NULL OR p.id < :lastId) AND DATE(p.createdAt) = CURRENT_DATE ORDER BY p.id DESC
2025-03-27T03:32:32.925Z DEBUG 845597 --- [gdgoc] [           main] o.h.o.q.hql.reservedWordAsIdentifier     : Encountered use of reserved word as identifier : <
2025-03-27T03:32:33.226Z DEBUG 845597 --- [gdgoc] [           main] o.h.o.q.hql.reservedWordAsIdentifier     : Encountered use of reserved word as identifier : (
2025-03-27T03:32:33.291Z DEBUG 845597 --- [gdgoc] [           main] o.h.o.q.hql.reservedWordAsIdentifier     : Encountered use of reserved word as identifier : DESC
2025-03-27T03:32:33.348Z DEBUG 845597 --- [gdgoc] [           main] org.hibernate.orm.query.sqm.creation     : Applying inferable type to SqmExpression [SqmNamedParameter(lastId)] : null -> SqmBasicValuedSimplePath(com.gomin_jungdok.gdgoc.post.Post(p).id)
2025-03-27T03:32:33.389Z DEBUG 845597 --- [gdgoc] [           main] org.hibernate.orm.query.sqm.ast          : SqmStatement Tree :
    -> [select]
      -> [query-spec]
        -> [select]
          -> [selection]
            -> [root] - `com.gomin_jungdok.gdgoc.post.Post(p)`
            <- [root] - `com.gomin_jungdok.gdgoc.post.Post(p)`
          <- [selection]
        <- [select]
        -> [from]
          -> [root] - `com.gomin_jungdok.gdgoc.post.Post(p)`
          <- [root] - `com.gomin_jungdok.gdgoc.post.Post(p)`
        <- [from]
        -> [where]
          -> [and]
            -> [grouped]
                -> [or]
                  -> [is-null]
                      :lastId
                  <- [is-null]
                  -> [LESS_THAN]
                      -> [basic-path] - `com.gomin_jungdok.gdgoc.post.Post(p).id`
                      :lastId
                  <- [LESS_THAN]
                <- [or]
            <- [grouped]
            -> [EQUAL]
            <- [EQUAL]
          <- [and]
        <- [where]
      <- [query-spec]
    <- [select]

2025-03-27T03:32:33.441Z DEBUG 845597 --- [gdgoc] [           main] cResourceLocalTransactionCoordinatorImpl : JDBC transaction marked for rollback-only (exception provided for stack trace)

java.lang.Exception: exception just for purpose of providing stack trace
	at org.hibernate.resource.transaction.backend.jdbc.internal.JdbcResourceLocalTransactionCoordinatorImpl$TransactionDriverControlImpl.markRollbackOnly(JdbcResourceLocalTransactionCoordinatorImpl.java:309) ~[hibernate-core-6.6.5.Final.jar!/:6.6.5.Final]
	at org.hibernate.internal.AbstractSharedSessionContract.buildNamedQuery(AbstractSharedSessionContract.java:1141) ~[hibernate-core-6.6.5.Final.jar!/:6.6.5.Final]
	at org.hibernate.internal.AbstractSharedSessionContract.createNamedQuery(AbstractSharedSessionContract.java:1019) ~[hibernate-core-6.6.5.Final.jar!/:6.6.5.Final]
	at org.hibernate.internal.AbstractSharedSessionContract.createNamedQuery(AbstractSharedSessionContract.java:143) ~[hibernate-core-6.6.5.Final.jar!/:6.6.5.Final]
	at java.base/jdk.internal.reflect.NativeMethodAccessorImpl.invoke0(Native Method) ~[na:na]
	at java.base/jdk.internal.reflect.NativeMethodAccessorImpl.invoke(NativeMethodAccessorImpl.java:77) ~[na:na]
	at java.base/jdk.internal.reflect.DelegatingMethodAccessorImpl.invoke(DelegatingMethodAccessorImpl.java:43) ~[na:na]
	at java.base/java.lang.reflect.Method.invoke(Method.java:569) ~[na:na]
	at org.springframework.orm.jpa.ExtendedEntityManagerCreator$ExtendedEntityManagerInvocationHandler.invoke(ExtendedEntityManagerCreator.java:364) ~[spring-orm-6.2.2.jar!/:6.2.2]
	at jdk.proxy2/jdk.proxy2.$Proxy134.createNamedQuery(Unknown Source) ~[na:na]
	at org.springframework.data.jpa.repository.query.NamedQuery.hasNamedQuery(NamedQuery.java:114) ~[spring-data-jpa-3.4.2.jar!/:3.4.2]
	at org.springframework.data.jpa.repository.query.JpaQueryLookupStrategy$DeclaredQueryLookupStrategy.getCountQuery(JpaQueryLookupStrategy.java:208) ~[spring-data-jpa-3.4.2.jar!/:3.4.2]
	at org.springframework.data.jpa.repository.query.JpaQueryLookupStrategy$DeclaredQueryLookupStrategy.resolveQuery(JpaQueryLookupStrategy.java:175) ~[spring-data-jpa-3.4.2.jar!/:3.4.2]
	at org.springframework.data.jpa.repository.query.JpaQueryLookupStrategy$CreateIfNotFoundQueryLookupStrategy.resolveQuery(JpaQueryLookupStrategy.java:256) ~[spring-data-jpa-3.4.2.jar!/:3.4.2]
	at org.springframework.data.jpa.repository.query.JpaQueryLookupStrategy$AbstractQueryLookupStrategy.resolveQuery(JpaQueryLookupStrategy.java:99) ~[spring-data-jpa-3.4.2.jar!/:3.4.2]
	at org.springframework.data.repository.core.support.QueryExecutorMethodInterceptor.lookupQuery(QueryExecutorMethodInterceptor.java:116) ~[spring-data-commons-3.4.2.jar!/:3.4.2]
	at org.springframework.data.repository.core.support.QueryExecutorMethodInterceptor.mapMethodsToQuery(QueryExecutorMethodInterceptor.java:104) ~[spring-data-commons-3.4.2.jar!/:3.4.2]
	at org.springframework.data.repository.core.support.QueryExecutorMethodInterceptor.lambda$new$0(QueryExecutorMethodInterceptor.java:92) ~[spring-data-commons-3.4.2.jar!/:3.4.2]
	at java.base/java.util.Optional.map(Optional.java:260) ~[na:na]
	at org.springframework.data.repository.core.support.QueryExecutorMethodInterceptor.<init>(QueryExecutorMethodInterceptor.java:92) ~[spring-data-commons-3.4.2.jar!/:3.4.2]
	at org.springframework.data.repository.core.support.RepositoryFactorySupport.getRepository(RepositoryFactorySupport.java:440) ~[spring-data-commons-3.4.2.jar!/:3.4.2]
	at org.springframework.data.repository.core.support.RepositoryFactoryBeanSupport.lambda$afterPropertiesSet$4(RepositoryFactoryBeanSupport.java:350) ~[spring-data-commons-3.4.2.jar!/:3.4.2]
	at org.springframework.data.util.Lazy.getNullable(Lazy.java:135) ~[spring-data-commons-3.4.2.jar!/:3.4.2]
	at org.springframework.data.util.Lazy.get(Lazy.java:113) ~[spring-data-commons-3.4.2.jar!/:3.4.2]
	at org.springframework.data.repository.core.support.RepositoryFactoryBeanSupport.afterPropertiesSet(RepositoryFactoryBeanSupport.java:356) ~[spring-data-commons-3.4.2.jar!/:3.4.2]
	at org.springframework.data.jpa.repository.support.JpaRepositoryFactoryBean.afterPropertiesSet(JpaRepositoryFactoryBean.java:132) ~[spring-data-jpa-3.4.2.jar!/:3.4.2]
	at org.springframework.beans.factory.support.AbstractAutowireCapableBeanFactory.invokeInitMethods(AbstractAutowireCapableBeanFactory.java:1859) ~[spring-beans-6.2.2.jar!/:6.2.2]
	at org.springframework.beans.factory.support.AbstractAutowireCapableBeanFactory.initializeBean(AbstractAutowireCapableBeanFactory.java:1808) ~[spring-beans-6.2.2.jar!/:6.2.2]
	at org.springframework.beans.factory.support.AbstractAutowireCapableBeanFactory.doCreateBean(AbstractAutowireCapableBeanFactory.java:601) ~[spring-beans-6.2.2.jar!/:6.2.2]
	at org.springframework.beans.factory.support.AbstractAutowireCapableBeanFactory.createBean(AbstractAutowireCapableBeanFactory.java:523) ~[spring-beans-6.2.2.jar!/:6.2.2]
	at org.springframework.beans.factory.support.AbstractBeanFactory.lambda$doGetBean$0(AbstractBeanFactory.java:336) ~[spring-beans-6.2.2.jar!/:6.2.2]
	at org.springframework.beans.factory.support.DefaultSingletonBeanRegistry.getSingleton(DefaultSingletonBeanRegistry.java:307) ~[spring-beans-6.2.2.jar!/:6.2.2]
	at org.springframework.beans.factory.support.AbstractBeanFactory.doGetBean(AbstractBeanFactory.java:334) ~[spring-beans-6.2.2.jar!/:6.2.2]
	at org.springframework.beans.factory.support.AbstractBeanFactory.getBean(AbstractBeanFactory.java:199) ~[spring-beans-6.2.2.jar!/:6.2.2]
	at org.springframework.beans.factory.support.DefaultListableBeanFactory.doResolveDependency(DefaultListableBeanFactory.java:1573) ~[spring-beans-6.2.2.jar!/:6.2.2]
	at org.springframework.beans.factory.support.DefaultListableBeanFactory.resolveDependency(DefaultListableBeanFactory.java:1519) ~[spring-beans-6.2.2.jar!/:6.2.2]
	at org.springframework.beans.factory.support.ConstructorResolver.resolveAutowiredArgument(ConstructorResolver.java:913) ~[spring-beans-6.2.2.jar!/:6.2.2]
	at org.springframework.beans.factory.support.ConstructorResolver.createArgumentArray(ConstructorResolver.java:791) ~[spring-beans-6.2.2.jar!/:6.2.2]
	at org.springframework.beans.factory.support.ConstructorResolver.autowireConstructor(ConstructorResolver.java:240) ~[spring-beans-6.2.2.jar!/:6.2.2]
	at org.springframework.beans.factory.support.AbstractAutowireCapableBeanFactory.autowireConstructor(AbstractAutowireCapableBeanFactory.java:1381) ~[spring-beans-6.2.2.jar!/:6.2.2]
	at org.springframework.beans.factory.support.AbstractAutowireCapableBeanFactory.createBeanInstance(AbstractAutowireCapableBeanFactory.java:1218) ~[spring-beans-6.2.2.jar!/:6.2.2]
	at org.springframework.beans.factory.support.AbstractAutowireCapableBeanFactory.doCreateBean(AbstractAutowireCapableBeanFactory.java:563) ~[spring-beans-6.2.2.jar!/:6.2.2]
	at org.springframework.beans.factory.support.AbstractAutowireCapableBeanFactory.createBean(AbstractAutowireCapableBeanFactory.java:523) ~[spring-beans-6.2.2.jar!/:6.2.2]
	at org.springframework.beans.factory.support.AbstractBeanFactory.lambda$doGetBean$0(AbstractBeanFactory.java:336) ~[spring-beans-6.2.2.jar!/:6.2.2]
	at org.springframework.beans.factory.support.DefaultSingletonBeanRegistry.getSingleton(DefaultSingletonBeanRegistry.java:307) ~[spring-beans-6.2.2.jar!/:6.2.2]
	at org.springframework.beans.factory.support.AbstractBeanFactory.doGetBean(AbstractBeanFactory.java:334) ~[spring-beans-6.2.2.jar!/:6.2.2]
	at org.springframework.beans.factory.support.AbstractBeanFactory.getBean(AbstractBeanFactory.java:199) ~[spring-beans-6.2.2.jar!/:6.2.2]
	at org.springframework.beans.factory.support.DefaultListableBeanFactory.doResolveDependency(DefaultListableBeanFactory.java:1573) ~[spring-beans-6.2.2.jar!/:6.2.2]
	at org.springframework.beans.factory.support.DefaultListableBeanFactory.resolveDependency(DefaultListableBeanFactory.java:1519) ~[spring-beans-6.2.2.jar!/:6.2.2]
	at org.springframework.beans.factory.support.ConstructorResolver.resolveAutowiredArgument(ConstructorResolver.java:913) ~[spring-beans-6.2.2.jar!/:6.2.2]
	at org.springframework.beans.factory.support.ConstructorResolver.createArgumentArray(ConstructorResolver.java:791) ~[spring-beans-6.2.2.jar!/:6.2.2]
	at org.springframework.beans.factory.support.ConstructorResolver.autowireConstructor(ConstructorResolver.java:240) ~[spring-beans-6.2.2.jar!/:6.2.2]
	at org.springframework.beans.factory.support.AbstractAutowireCapableBeanFactory.autowireConstructor(AbstractAutowireCapableBeanFactory.java:1381) ~[spring-beans-6.2.2.jar!/:6.2.2]
	at org.springframework.beans.factory.support.AbstractAutowireCapableBeanFactory.createBeanInstance(AbstractAutowireCapableBeanFactory.java:1218) ~[spring-beans-6.2.2.jar!/:6.2.2]
	at org.springframework.beans.factory.support.AbstractAutowireCapableBeanFactory.doCreateBean(AbstractAutowireCapableBeanFactory.java:563) ~[spring-beans-6.2.2.jar!/:6.2.2]
	at org.springframework.beans.factory.support.AbstractAutowireCapableBeanFactory.createBean(AbstractAutowireCapableBeanFactory.java:523) ~[spring-beans-6.2.2.jar!/:6.2.2]
	at org.springframework.beans.factory.support.AbstractBeanFactory.lambda$doGetBean$0(AbstractBeanFactory.java:336) ~[spring-beans-6.2.2.jar!/:6.2.2]
	at org.springframework.beans.factory.support.DefaultSingletonBeanRegistry.getSingleton(DefaultSingletonBeanRegistry.java:307) ~[spring-beans-6.2.2.jar!/:6.2.2]
	at org.springframework.beans.factory.support.AbstractBeanFactory.doGetBean(AbstractBeanFactory.java:334) ~[spring-beans-6.2.2.jar!/:6.2.2]
	at org.springframework.beans.factory.support.AbstractBeanFactory.getBean(AbstractBeanFactory.java:199) ~[spring-beans-6.2.2.jar!/:6.2.2]
	at org.springframework.beans.factory.support.DefaultListableBeanFactory.instantiateSingleton(DefaultListableBeanFactory.java:1122) ~[spring-beans-6.2.2.jar!/:6.2.2]
	at org.springframework.beans.factory.support.DefaultListableBeanFactory.preInstantiateSingleton(DefaultListableBeanFactory.java:1093) ~[spring-beans-6.2.2.jar!/:6.2.2]
	at org.springframework.beans.factory.support.DefaultListableBeanFactory.preInstantiateSingletons(DefaultListableBeanFactory.java:1030) ~[spring-beans-6.2.2.jar!/:6.2.2]
	at org.springframework.context.support.AbstractApplicationContext.finishBeanFactoryInitialization(AbstractApplicationContext.java:987) ~[spring-context-6.2.2.jar!/:6.2.2]
	at org.springframework.context.support.AbstractApplicationContext.refresh(AbstractApplicationContext.java:627) ~[spring-context-6.2.2.jar!/:6.2.2]
	at org.springframework.boot.web.servlet.context.ServletWebServerApplicationContext.refresh(ServletWebServerApplicationContext.java:146) ~[spring-boot-3.4.2.jar!/:3.4.2]
	at org.springframework.boot.SpringApplication.refresh(SpringApplication.java:752) ~[spring-boot-3.4.2.jar!/:3.4.2]
	at org.springframework.boot.SpringApplication.refreshContext(SpringApplication.java:439) ~[spring-boot-3.4.2.jar!/:3.4.2]
	at org.springframework.boot.SpringApplication.run(SpringApplication.java:318) ~[spring-boot-3.4.2.jar!/:3.4.2]
	at org.springframework.boot.SpringApplication.run(SpringApplication.java:1361) ~[spring-boot-3.4.2.jar!/:3.4.2]
	at org.springframework.boot.SpringApplication.run(SpringApplication.java:1350) ~[spring-boot-3.4.2.jar!/:3.4.2]
	at com.gomin_jungdok.gdgoc.GdgocApplication.main(GdgocApplication.java:10) ~[!/:0.0.1-SNAPSHOT]
	at java.base/jdk.internal.reflect.NativeMethodAccessorImpl.invoke0(Native Method) ~[na:na]
	at java.base/jdk.internal.reflect.NativeMethodAccessorImpl.invoke(NativeMethodAccessorImpl.java:77) ~[na:na]
	at java.base/jdk.internal.reflect.DelegatingMethodAccessorImpl.invoke(DelegatingMethodAccessorImpl.java:43) ~[na:na]
	at java.base/java.lang.reflect.Method.invoke(Method.java:569) ~[na:na]
	at org.springframework.boot.loader.launch.Launcher.launch(Launcher.java:102) ~[gdgoc-0.0.1-SNAPSHOT.jar:0.0.1-SNAPSHOT]
	at org.springframework.boot.loader.launch.Launcher.launch(Launcher.java:64) ~[gdgoc-0.0.1-SNAPSHOT.jar:0.0.1-SNAPSHOT]
	at org.springframework.boot.loader.launch.JarLauncher.main(JarLauncher.java:40) ~[gdgoc-0.0.1-SNAPSHOT.jar:0.0.1-SNAPSHOT]

2025-03-27T03:32:33.523Z DEBUG 845597 --- [gdgoc] [           main] org.hibernate.orm.query.hql              : HQL : UPDATE Post p SET p.todayPost = :status WHERE p.id IN :todayPosts
2025-03-27T03:32:33.593Z DEBUG 845597 --- [gdgoc] [           main] o.h.o.q.hql.reservedWordAsIdentifier     : Encountered use of reserved word as identifier : IN
2025-03-27T03:32:33.604Z DEBUG 845597 --- [gdgoc] [           main] org.hibernate.orm.query.sqm.creation     : Applying inferable type to SqmExpression [SqmNamedParameter(status)] : null -> BasicSqmPathSource(todayPost : Boolean)
2025-03-27T03:32:33.611Z DEBUG 845597 --- [gdgoc] [           main] org.hibernate.orm.query.sqm.creation     : Applying inferable type to SqmExpression [SqmNamedParameter(todayPosts)] : null -> SqmBasicValuedSimplePath(com.gomin_jungdok.gdgoc.post.Post(p).id)
2025-03-27T03:32:33.614Z DEBUG 845597 --- [gdgoc] [           main] org.hibernate.orm.query.sqm.ast          : SqmStatement Tree :
    -> [update]
      [target = com.gomin_jungdok.gdgoc.post.Post(p)]
      -> [set]
        -> [assignment]
          =
            [com.gomin_jungdok.gdgoc.post.Post(p).todayPost]
            :status
        <- [assignment]
      <- [set]
      -> [where]
      <- [where]
    <- [update]

2025-03-27T03:32:33.675Z DEBUG 845597 --- [gdgoc] [           main] cResourceLocalTransactionCoordinatorImpl : JDBC transaction marked for rollback-only (exception provided for stack trace)

java.lang.Exception: exception just for purpose of providing stack trace
	at org.hibernate.resource.transaction.backend.jdbc.internal.JdbcResourceLocalTransactionCoordinatorImpl$TransactionDriverControlImpl.markRollbackOnly(JdbcResourceLocalTransactionCoordinatorImpl.java:309) ~[hibernate-core-6.6.5.Final.jar!/:6.6.5.Final]
	at org.hibernate.internal.AbstractSharedSessionContract.buildNamedQuery(AbstractSharedSessionContract.java:1141) ~[hibernate-core-6.6.5.Final.jar!/:6.6.5.Final]
	at org.hibernate.internal.AbstractSharedSessionContract.createNamedQuery(AbstractSharedSessionContract.java:1019) ~[hibernate-core-6.6.5.Final.jar!/:6.6.5.Final]
	at org.hibernate.internal.AbstractSharedSessionContract.createNamedQuery(AbstractSharedSessionContract.java:143) ~[hibernate-core-6.6.5.Final.jar!/:6.6.5.Final]
	at java.base/jdk.internal.reflect.NativeMethodAccessorImpl.invoke0(Native Method) ~[na:na]
	at java.base/jdk.internal.reflect.NativeMethodAccessorImpl.invoke(NativeMethodAccessorImpl.java:77) ~[na:na]
	at java.base/jdk.internal.reflect.DelegatingMethodAccessorImpl.invoke(DelegatingMethodAccessorImpl.java:43) ~[na:na]
	at java.base/java.lang.reflect.Method.invoke(Method.java:569) ~[na:na]
	at org.springframework.orm.jpa.ExtendedEntityManagerCreator$ExtendedEntityManagerInvocationHandler.invoke(ExtendedEntityManagerCreator.java:364) ~[spring-orm-6.2.2.jar!/:6.2.2]
	at jdk.proxy2/jdk.proxy2.$Proxy134.createNamedQuery(Unknown Source) ~[na:na]
	at org.springframework.data.jpa.repository.query.NamedQuery.hasNamedQuery(NamedQuery.java:114) ~[spring-data-jpa-3.4.2.jar!/:3.4.2]
	at org.springframework.data.jpa.repository.query.NamedQuery.lookupFrom(NamedQuery.java:140) ~[spring-data-jpa-3.4.2.jar!/:3.4.2]
	at org.springframework.data.jpa.repository.query.JpaQueryLookupStrategy$DeclaredQueryLookupStrategy.resolveQuery(JpaQueryLookupStrategy.java:184) ~[spring-data-jpa-3.4.2.jar!/:3.4.2]
	at org.springframework.data.jpa.repository.query.JpaQueryLookupStrategy$CreateIfNotFoundQueryLookupStrategy.resolveQuery(JpaQueryLookupStrategy.java:256) ~[spring-data-jpa-3.4.2.jar!/:3.4.2]
	at org.springframework.data.jpa.repository.query.JpaQueryLookupStrategy$AbstractQueryLookupStrategy.resolveQuery(JpaQueryLookupStrategy.java:99) ~[spring-data-jpa-3.4.2.jar!/:3.4.2]
	at org.springframework.data.repository.core.support.QueryExecutorMethodInterceptor.lookupQuery(QueryExecutorMethodInterceptor.java:116) ~[spring-data-commons-3.4.2.jar!/:3.4.2]
	at org.springframework.data.repository.core.support.QueryExecutorMethodInterceptor.mapMethodsToQuery(QueryExecutorMethodInterceptor.java:104) ~[spring-data-commons-3.4.2.jar!/:3.4.2]
	at org.springframework.data.repository.core.support.QueryExecutorMethodInterceptor.lambda$new$0(QueryExecutorMethodInterceptor.java:92) ~[spring-data-commons-3.4.2.jar!/:3.4.2]
	at java.base/java.util.Optional.map(Optional.java:260) ~[na:na]
	at org.springframework.data.repository.core.support.QueryExecutorMethodInterceptor.<init>(QueryExecutorMethodInterceptor.java:92) ~[spring-data-commons-3.4.2.jar!/:3.4.2]
	at org.springframework.data.repository.core.support.RepositoryFactorySupport.getRepository(RepositoryFactorySupport.java:440) ~[spring-data-commons-3.4.2.jar!/:3.4.2]
	at org.springframework.data.repository.core.support.RepositoryFactoryBeanSupport.lambda$afterPropertiesSet$4(RepositoryFactoryBeanSupport.java:350) ~[spring-data-commons-3.4.2.jar!/:3.4.2]
	at org.springframework.data.util.Lazy.getNullable(Lazy.java:135) ~[spring-data-commons-3.4.2.jar!/:3.4.2]
	at org.springframework.data.util.Lazy.get(Lazy.java:113) ~[spring-data-commons-3.4.2.jar!/:3.4.2]
	at org.springframework.data.repository.core.support.RepositoryFactoryBeanSupport.afterPropertiesSet(RepositoryFactoryBeanSupport.java:356) ~[spring-data-commons-3.4.2.jar!/:3.4.2]
	at org.springframework.data.jpa.repository.support.JpaRepositoryFactoryBean.afterPropertiesSet(JpaRepositoryFactoryBean.java:132) ~[spring-data-jpa-3.4.2.jar!/:3.4.2]
	at org.springframework.beans.factory.support.AbstractAutowireCapableBeanFactory.invokeInitMethods(AbstractAutowireCapableBeanFactory.java:1859) ~[spring-beans-6.2.2.jar!/:6.2.2]
	at org.springframework.beans.factory.support.AbstractAutowireCapableBeanFactory.initializeBean(AbstractAutowireCapableBeanFactory.java:1808) ~[spring-beans-6.2.2.jar!/:6.2.2]
	at org.springframework.beans.factory.support.AbstractAutowireCapableBeanFactory.doCreateBean(AbstractAutowireCapableBeanFactory.java:601) ~[spring-beans-6.2.2.jar!/:6.2.2]
	at org.springframework.beans.factory.support.AbstractAutowireCapableBeanFactory.createBean(AbstractAutowireCapableBeanFactory.java:523) ~[spring-beans-6.2.2.jar!/:6.2.2]
	at org.springframework.beans.factory.support.AbstractBeanFactory.lambda$doGetBean$0(AbstractBeanFactory.java:336) ~[spring-beans-6.2.2.jar!/:6.2.2]
	at org.springframework.beans.factory.support.DefaultSingletonBeanRegistry.getSingleton(DefaultSingletonBeanRegistry.java:307) ~[spring-beans-6.2.2.jar!/:6.2.2]
	at org.springframework.beans.factory.support.AbstractBeanFactory.doGetBean(AbstractBeanFactory.java:334) ~[spring-beans-6.2.2.jar!/:6.2.2]
	at org.springframework.beans.factory.support.AbstractBeanFactory.getBean(AbstractBeanFactory.java:199) ~[spring-beans-6.2.2.jar!/:6.2.2]
	at org.springframework.beans.factory.support.DefaultListableBeanFactory.doResolveDependency(DefaultListableBeanFactory.java:1573) ~[spring-beans-6.2.2.jar!/:6.2.2]
	at org.springframework.beans.factory.support.DefaultListableBeanFactory.resolveDependency(DefaultListableBeanFactory.java:1519) ~[spring-beans-6.2.2.jar!/:6.2.2]
	at org.springframework.beans.factory.support.ConstructorResolver.resolveAutowiredArgument(ConstructorResolver.java:913) ~[spring-beans-6.2.2.jar!/:6.2.2]
	at org.springframework.beans.factory.support.ConstructorResolver.createArgumentArray(ConstructorResolver.java:791) ~[spring-beans-6.2.2.jar!/:6.2.2]
	at org.springframework.beans.factory.support.ConstructorResolver.autowireConstructor(ConstructorResolver.java:240) ~[spring-beans-6.2.2.jar!/:6.2.2]
	at org.springframework.beans.factory.support.AbstractAutowireCapableBeanFactory.autowireConstructor(AbstractAutowireCapableBeanFactory.java:1381) ~[spring-beans-6.2.2.jar!/:6.2.2]
	at org.springframework.beans.factory.support.AbstractAutowireCapableBeanFactory.createBeanInstance(AbstractAutowireCapableBeanFactory.java:1218) ~[spring-beans-6.2.2.jar!/:6.2.2]
	at org.springframework.beans.factory.support.AbstractAutowireCapableBeanFactory.doCreateBean(AbstractAutowireCapableBeanFactory.java:563) ~[spring-beans-6.2.2.jar!/:6.2.2]
	at org.springframework.beans.factory.support.AbstractAutowireCapableBeanFactory.createBean(AbstractAutowireCapableBeanFactory.java:523) ~[spring-beans-6.2.2.jar!/:6.2.2]
	at org.springframework.beans.factory.support.AbstractBeanFactory.lambda$doGetBean$0(AbstractBeanFactory.java:336) ~[spring-beans-6.2.2.jar!/:6.2.2]
	at org.springframework.beans.factory.support.DefaultSingletonBeanRegistry.getSingleton(DefaultSingletonBeanRegistry.java:307) ~[spring-beans-6.2.2.jar!/:6.2.2]
	at org.springframework.beans.factory.support.AbstractBeanFactory.doGetBean(AbstractBeanFactory.java:334) ~[spring-beans-6.2.2.jar!/:6.2.2]
	at org.springframework.beans.factory.support.AbstractBeanFactory.getBean(AbstractBeanFactory.java:199) ~[spring-beans-6.2.2.jar!/:6.2.2]
	at org.springframework.beans.factory.support.DefaultListableBeanFactory.doResolveDependency(DefaultListableBeanFactory.java:1573) ~[spring-beans-6.2.2.jar!/:6.2.2]
	at org.springframework.beans.factory.support.DefaultListableBeanFactory.resolveDependency(DefaultListableBeanFactory.java:1519) ~[spring-beans-6.2.2.jar!/:6.2.2]
	at org.springframework.beans.factory.support.ConstructorResolver.resolveAutowiredArgument(ConstructorResolver.java:913) ~[spring-beans-6.2.2.jar!/:6.2.2]
	at org.springframework.beans.factory.support.ConstructorResolver.createArgumentArray(ConstructorResolver.java:791) ~[spring-beans-6.2.2.jar!/:6.2.2]
	at org.springframework.beans.factory.support.ConstructorResolver.autowireConstructor(ConstructorResolver.java:240) ~[spring-beans-6.2.2.jar!/:6.2.2]
	at org.springframework.beans.factory.support.AbstractAutowireCapableBeanFactory.autowireConstructor(AbstractAutowireCapableBeanFactory.java:1381) ~[spring-beans-6.2.2.jar!/:6.2.2]
	at org.springframework.beans.factory.support.AbstractAutowireCapableBeanFactory.createBeanInstance(AbstractAutowireCapableBeanFactory.java:1218) ~[spring-beans-6.2.2.jar!/:6.2.2]
	at org.springframework.beans.factory.support.AbstractAutowireCapableBeanFactory.doCreateBean(AbstractAutowireCapableBeanFactory.java:563) ~[spring-beans-6.2.2.jar!/:6.2.2]
	at org.springframework.beans.factory.support.AbstractAutowireCapableBeanFactory.createBean(AbstractAutowireCapableBeanFactory.java:523) ~[spring-beans-6.2.2.jar!/:6.2.2]
	at org.springframework.beans.factory.support.AbstractBeanFactory.lambda$doGetBean$0(AbstractBeanFactory.java:336) ~[spring-beans-6.2.2.jar!/:6.2.2]
	at org.springframework.beans.factory.support.DefaultSingletonBeanRegistry.getSingleton(DefaultSingletonBeanRegistry.java:307) ~[spring-beans-6.2.2.jar!/:6.2.2]
	at org.springframework.beans.factory.support.AbstractBeanFactory.doGetBean(AbstractBeanFactory.java:334) ~[spring-beans-6.2.2.jar!/:6.2.2]
	at org.springframework.beans.factory.support.AbstractBeanFactory.getBean(AbstractBeanFactory.java:199) ~[spring-beans-6.2.2.jar!/:6.2.2]
	at org.springframework.beans.factory.support.DefaultListableBeanFactory.instantiateSingleton(DefaultListableBeanFactory.java:1122) ~[spring-beans-6.2.2.jar!/:6.2.2]
	at org.springframework.beans.factory.support.DefaultListableBeanFactory.preInstantiateSingleton(DefaultListableBeanFactory.java:1093) ~[spring-beans-6.2.2.jar!/:6.2.2]
	at org.springframework.beans.factory.support.DefaultListableBeanFactory.preInstantiateSingletons(DefaultListableBeanFactory.java:1030) ~[spring-beans-6.2.2.jar!/:6.2.2]
	at org.springframework.context.support.AbstractApplicationContext.finishBeanFactoryInitialization(AbstractApplicationContext.java:987) ~[spring-context-6.2.2.jar!/:6.2.2]
	at org.springframework.context.support.AbstractApplicationContext.refresh(AbstractApplicationContext.java:627) ~[spring-context-6.2.2.jar!/:6.2.2]
	at org.springframework.boot.web.servlet.context.ServletWebServerApplicationContext.refresh(ServletWebServerApplicationContext.java:146) ~[spring-boot-3.4.2.jar!/:3.4.2]
	at org.springframework.boot.SpringApplication.refresh(SpringApplication.java:752) ~[spring-boot-3.4.2.jar!/:3.4.2]
	at org.springframework.boot.SpringApplication.refreshContext(SpringApplication.java:439) ~[spring-boot-3.4.2.jar!/:3.4.2]
	at org.springframework.boot.SpringApplication.run(SpringApplication.java:318) ~[spring-boot-3.4.2.jar!/:3.4.2]
	at org.springframework.boot.SpringApplication.run(SpringApplication.java:1361) ~[spring-boot-3.4.2.jar!/:3.4.2]
	at org.springframework.boot.SpringApplication.run(SpringApplication.java:1350) ~[spring-boot-3.4.2.jar!/:3.4.2]
	at com.gomin_jungdok.gdgoc.GdgocApplication.main(GdgocApplication.java:10) ~[!/:0.0.1-SNAPSHOT]
	at java.base/jdk.internal.reflect.NativeMethodAccessorImpl.invoke0(Native Method) ~[na:na]
	at java.base/jdk.internal.reflect.NativeMethodAccessorImpl.invoke(NativeMethodAccessorImpl.java:77) ~[na:na]
	at java.base/jdk.internal.reflect.DelegatingMethodAccessorImpl.invoke(DelegatingMethodAccessorImpl.java:43) ~[na:na]
	at java.base/java.lang.reflect.Method.invoke(Method.java:569) ~[na:na]
	at org.springframework.boot.loader.launch.Launcher.launch(Launcher.java:102) ~[gdgoc-0.0.1-SNAPSHOT.jar:0.0.1-SNAPSHOT]
	at org.springframework.boot.loader.launch.Launcher.launch(Launcher.java:64) ~[gdgoc-0.0.1-SNAPSHOT.jar:0.0.1-SNAPSHOT]
	at org.springframework.boot.loader.launch.JarLauncher.main(JarLauncher.java:40) ~[gdgoc-0.0.1-SNAPSHOT.jar:0.0.1-SNAPSHOT]

2025-03-27T03:32:33.688Z DEBUG 845597 --- [gdgoc] [           main] cResourceLocalTransactionCoordinatorImpl : JDBC transaction marked for rollback-only (exception provided for stack trace)

java.lang.Exception: exception just for purpose of providing stack trace
	at org.hibernate.resource.transaction.backend.jdbc.internal.JdbcResourceLocalTransactionCoordinatorImpl$TransactionDriverControlImpl.markRollbackOnly(JdbcResourceLocalTransactionCoordinatorImpl.java:309) ~[hibernate-core-6.6.5.Final.jar!/:6.6.5.Final]
	at org.hibernate.internal.AbstractSharedSessionContract.buildNamedQuery(AbstractSharedSessionContract.java:1141) ~[hibernate-core-6.6.5.Final.jar!/:6.6.5.Final]
	at org.hibernate.internal.AbstractSharedSessionContract.createNamedQuery(AbstractSharedSessionContract.java:1019) ~[hibernate-core-6.6.5.Final.jar!/:6.6.5.Final]
	at org.hibernate.internal.AbstractSharedSessionContract.createNamedQuery(AbstractSharedSessionContract.java:143) ~[hibernate-core-6.6.5.Final.jar!/:6.6.5.Final]
	at java.base/jdk.internal.reflect.NativeMethodAccessorImpl.invoke0(Native Method) ~[na:na]
	at java.base/jdk.internal.reflect.NativeMethodAccessorImpl.invoke(NativeMethodAccessorImpl.java:77) ~[na:na]
	at java.base/jdk.internal.reflect.DelegatingMethodAccessorImpl.invoke(DelegatingMethodAccessorImpl.java:43) ~[na:na]
	at java.base/java.lang.reflect.Method.invoke(Method.java:569) ~[na:na]
	at org.springframework.orm.jpa.ExtendedEntityManagerCreator$ExtendedEntityManagerInvocationHandler.invoke(ExtendedEntityManagerCreator.java:364) ~[spring-orm-6.2.2.jar!/:6.2.2]
	at jdk.proxy2/jdk.proxy2.$Proxy134.createNamedQuery(Unknown Source) ~[na:na]
	at org.springframework.data.jpa.repository.query.NamedQuery.hasNamedQuery(NamedQuery.java:114) ~[spring-data-jpa-3.4.2.jar!/:3.4.2]
	at org.springframework.data.jpa.repository.query.JpaQueryLookupStrategy$DeclaredQueryLookupStrategy.getCountQuery(JpaQueryLookupStrategy.java:208) ~[spring-data-jpa-3.4.2.jar!/:3.4.2]
	at org.springframework.data.jpa.repository.query.JpaQueryLookupStrategy$DeclaredQueryLookupStrategy.resolveQuery(JpaQueryLookupStrategy.java:175) ~[spring-data-jpa-3.4.2.jar!/:3.4.2]
	at org.springframework.data.jpa.repository.query.JpaQueryLookupStrategy$CreateIfNotFoundQueryLookupStrategy.resolveQuery(JpaQueryLookupStrategy.java:256) ~[spring-data-jpa-3.4.2.jar!/:3.4.2]
	at org.springframework.data.jpa.repository.query.JpaQueryLookupStrategy$AbstractQueryLookupStrategy.resolveQuery(JpaQueryLookupStrategy.java:99) ~[spring-data-jpa-3.4.2.jar!/:3.4.2]
	at org.springframework.data.repository.core.support.QueryExecutorMethodInterceptor.lookupQuery(QueryExecutorMethodInterceptor.java:116) ~[spring-data-commons-3.4.2.jar!/:3.4.2]
	at org.springframework.data.repository.core.support.QueryExecutorMethodInterceptor.mapMethodsToQuery(QueryExecutorMethodInterceptor.java:104) ~[spring-data-commons-3.4.2.jar!/:3.4.2]
	at org.springframework.data.repository.core.support.QueryExecutorMethodInterceptor.lambda$new$0(QueryExecutorMethodInterceptor.java:92) ~[spring-data-commons-3.4.2.jar!/:3.4.2]
	at java.base/java.util.Optional.map(Optional.java:260) ~[na:na]
	at org.springframework.data.repository.core.support.QueryExecutorMethodInterceptor.<init>(QueryExecutorMethodInterceptor.java:92) ~[spring-data-commons-3.4.2.jar!/:3.4.2]
	at org.springframework.data.repository.core.support.RepositoryFactorySupport.getRepository(RepositoryFactorySupport.java:440) ~[spring-data-commons-3.4.2.jar!/:3.4.2]
	at org.springframework.data.repository.core.support.RepositoryFactoryBeanSupport.lambda$afterPropertiesSet$4(RepositoryFactoryBeanSupport.java:350) ~[spring-data-commons-3.4.2.jar!/:3.4.2]
	at org.springframework.data.util.Lazy.getNullable(Lazy.java:135) ~[spring-data-commons-3.4.2.jar!/:3.4.2]
	at org.springframework.data.util.Lazy.get(Lazy.java:113) ~[spring-data-commons-3.4.2.jar!/:3.4.2]
	at org.springframework.data.repository.core.support.RepositoryFactoryBeanSupport.afterPropertiesSet(RepositoryFactoryBeanSupport.java:356) ~[spring-data-commons-3.4.2.jar!/:3.4.2]
	at org.springframework.data.jpa.repository.support.JpaRepositoryFactoryBean.afterPropertiesSet(JpaRepositoryFactoryBean.java:132) ~[spring-data-jpa-3.4.2.jar!/:3.4.2]
	at org.springframework.beans.factory.support.AbstractAutowireCapableBeanFactory.invokeInitMethods(AbstractAutowireCapableBeanFactory.java:1859) ~[spring-beans-6.2.2.jar!/:6.2.2]
	at org.springframework.beans.factory.support.AbstractAutowireCapableBeanFactory.initializeBean(AbstractAutowireCapableBeanFactory.java:1808) ~[spring-beans-6.2.2.jar!/:6.2.2]
	at org.springframework.beans.factory.support.AbstractAutowireCapableBeanFactory.doCreateBean(AbstractAutowireCapableBeanFactory.java:601) ~[spring-beans-6.2.2.jar!/:6.2.2]
	at org.springframework.beans.factory.support.AbstractAutowireCapableBeanFactory.createBean(AbstractAutowireCapableBeanFactory.java:523) ~[spring-beans-6.2.2.jar!/:6.2.2]
	at org.springframework.beans.factory.support.AbstractBeanFactory.lambda$doGetBean$0(AbstractBeanFactory.java:336) ~[spring-beans-6.2.2.jar!/:6.2.2]
	at org.springframework.beans.factory.support.DefaultSingletonBeanRegistry.getSingleton(DefaultSingletonBeanRegistry.java:307) ~[spring-beans-6.2.2.jar!/:6.2.2]
	at org.springframework.beans.factory.support.AbstractBeanFactory.doGetBean(AbstractBeanFactory.java:334) ~[spring-beans-6.2.2.jar!/:6.2.2]
	at org.springframework.beans.factory.support.AbstractBeanFactory.getBean(AbstractBeanFactory.java:199) ~[spring-beans-6.2.2.jar!/:6.2.2]
	at org.springframework.beans.factory.support.DefaultListableBeanFactory.doResolveDependency(DefaultListableBeanFactory.java:1573) ~[spring-beans-6.2.2.jar!/:6.2.2]
	at org.springframework.beans.factory.support.DefaultListableBeanFactory.resolveDependency(DefaultListableBeanFactory.java:1519) ~[spring-beans-6.2.2.jar!/:6.2.2]
	at org.springframework.beans.factory.support.ConstructorResolver.resolveAutowiredArgument(ConstructorResolver.java:913) ~[spring-beans-6.2.2.jar!/:6.2.2]
	at org.springframework.beans.factory.support.ConstructorResolver.createArgumentArray(ConstructorResolver.java:791) ~[spring-beans-6.2.2.jar!/:6.2.2]
	at org.springframework.beans.factory.support.ConstructorResolver.autowireConstructor(ConstructorResolver.java:240) ~[spring-beans-6.2.2.jar!/:6.2.2]
	at org.springframework.beans.factory.support.AbstractAutowireCapableBeanFactory.autowireConstructor(AbstractAutowireCapableBeanFactory.java:1381) ~[spring-beans-6.2.2.jar!/:6.2.2]
	at org.springframework.beans.factory.support.AbstractAutowireCapableBeanFactory.createBeanInstance(AbstractAutowireCapableBeanFactory.java:1218) ~[spring-beans-6.2.2.jar!/:6.2.2]
	at org.springframework.beans.factory.support.AbstractAutowireCapableBeanFactory.doCreateBean(AbstractAutowireCapableBeanFactory.java:563) ~[spring-beans-6.2.2.jar!/:6.2.2]
	at org.springframework.beans.factory.support.AbstractAutowireCapableBeanFactory.createBean(AbstractAutowireCapableBeanFactory.java:523) ~[spring-beans-6.2.2.jar!/:6.2.2]
	at org.springframework.beans.factory.support.AbstractBeanFactory.lambda$doGetBean$0(AbstractBeanFactory.java:336) ~[spring-beans-6.2.2.jar!/:6.2.2]
	at org.springframework.beans.factory.support.DefaultSingletonBeanRegistry.getSingleton(DefaultSingletonBeanRegistry.java:307) ~[spring-beans-6.2.2.jar!/:6.2.2]
	at org.springframework.beans.factory.support.AbstractBeanFactory.doGetBean(AbstractBeanFactory.java:334) ~[spring-beans-6.2.2.jar!/:6.2.2]
	at org.springframework.beans.factory.support.AbstractBeanFactory.getBean(AbstractBeanFactory.java:199) ~[spring-beans-6.2.2.jar!/:6.2.2]
	at org.springframework.beans.factory.support.DefaultListableBeanFactory.doResolveDependency(DefaultListableBeanFactory.java:1573) ~[spring-beans-6.2.2.jar!/:6.2.2]
	at org.springframework.beans.factory.support.DefaultListableBeanFactory.resolveDependency(DefaultListableBeanFactory.java:1519) ~[spring-beans-6.2.2.jar!/:6.2.2]
	at org.springframework.beans.factory.support.ConstructorResolver.resolveAutowiredArgument(ConstructorResolver.java:913) ~[spring-beans-6.2.2.jar!/:6.2.2]
	at org.springframework.beans.factory.support.ConstructorResolver.createArgumentArray(ConstructorResolver.java:791) ~[spring-beans-6.2.2.jar!/:6.2.2]
	at org.springframework.beans.factory.support.ConstructorResolver.autowireConstructor(ConstructorResolver.java:240) ~[spring-beans-6.2.2.jar!/:6.2.2]
	at org.springframework.beans.factory.support.AbstractAutowireCapableBeanFactory.autowireConstructor(AbstractAutowireCapableBeanFactory.java:1381) ~[spring-beans-6.2.2.jar!/:6.2.2]
	at org.springframework.beans.factory.support.AbstractAutowireCapableBeanFactory.createBeanInstance(AbstractAutowireCapableBeanFactory.java:1218) ~[spring-beans-6.2.2.jar!/:6.2.2]
	at org.springframework.beans.factory.support.AbstractAutowireCapableBeanFactory.doCreateBean(AbstractAutowireCapableBeanFactory.java:563) ~[spring-beans-6.2.2.jar!/:6.2.2]
	at org.springframework.beans.factory.support.AbstractAutowireCapableBeanFactory.createBean(AbstractAutowireCapableBeanFactory.java:523) ~[spring-beans-6.2.2.jar!/:6.2.2]
	at org.springframework.beans.factory.support.AbstractBeanFactory.lambda$doGetBean$0(AbstractBeanFactory.java:336) ~[spring-beans-6.2.2.jar!/:6.2.2]
	at org.springframework.beans.factory.support.DefaultSingletonBeanRegistry.getSingleton(DefaultSingletonBeanRegistry.java:307) ~[spring-beans-6.2.2.jar!/:6.2.2]
	at org.springframework.beans.factory.support.AbstractBeanFactory.doGetBean(AbstractBeanFactory.java:334) ~[spring-beans-6.2.2.jar!/:6.2.2]
	at org.springframework.beans.factory.support.AbstractBeanFactory.getBean(AbstractBeanFactory.java:199) ~[spring-beans-6.2.2.jar!/:6.2.2]
	at org.springframework.beans.factory.support.DefaultListableBeanFactory.instantiateSingleton(DefaultListableBeanFactory.java:1122) ~[spring-beans-6.2.2.jar!/:6.2.2]
	at org.springframework.beans.factory.support.DefaultListableBeanFactory.preInstantiateSingleton(DefaultListableBeanFactory.java:1093) ~[spring-beans-6.2.2.jar!/:6.2.2]
	at org.springframework.beans.factory.support.DefaultListableBeanFactory.preInstantiateSingletons(DefaultListableBeanFactory.java:1030) ~[spring-beans-6.2.2.jar!/:6.2.2]
	at org.springframework.context.support.AbstractApplicationContext.finishBeanFactoryInitialization(AbstractApplicationContext.java:987) ~[spring-context-6.2.2.jar!/:6.2.2]
	at org.springframework.context.support.AbstractApplicationContext.refresh(AbstractApplicationContext.java:627) ~[spring-context-6.2.2.jar!/:6.2.2]
	at org.springframework.boot.web.servlet.context.ServletWebServerApplicationContext.refresh(ServletWebServerApplicationContext.java:146) ~[spring-boot-3.4.2.jar!/:3.4.2]
	at org.springframework.boot.SpringApplication.refresh(SpringApplication.java:752) ~[spring-boot-3.4.2.jar!/:3.4.2]
	at org.springframework.boot.SpringApplication.refreshContext(SpringApplication.java:439) ~[spring-boot-3.4.2.jar!/:3.4.2]
	at org.springframework.boot.SpringApplication.run(SpringApplication.java:318) ~[spring-boot-3.4.2.jar!/:3.4.2]
	at org.springframework.boot.SpringApplication.run(SpringApplication.java:1361) ~[spring-boot-3.4.2.jar!/:3.4.2]
	at org.springframework.boot.SpringApplication.run(SpringApplication.java:1350) ~[spring-boot-3.4.2.jar!/:3.4.2]
	at com.gomin_jungdok.gdgoc.GdgocApplication.main(GdgocApplication.java:10) ~[!/:0.0.1-SNAPSHOT]
	at java.base/jdk.internal.reflect.NativeMethodAccessorImpl.invoke0(Native Method) ~[na:na]
	at java.base/jdk.internal.reflect.NativeMethodAccessorImpl.invoke(NativeMethodAccessorImpl.java:77) ~[na:na]
	at java.base/jdk.internal.reflect.DelegatingMethodAccessorImpl.invoke(DelegatingMethodAccessorImpl.java:43) ~[na:na]
	at java.base/java.lang.reflect.Method.invoke(Method.java:569) ~[na:na]
	at org.springframework.boot.loader.launch.Launcher.launch(Launcher.java:102) ~[gdgoc-0.0.1-SNAPSHOT.jar:0.0.1-SNAPSHOT]
	at org.springframework.boot.loader.launch.Launcher.launch(Launcher.java:64) ~[gdgoc-0.0.1-SNAPSHOT.jar:0.0.1-SNAPSHOT]
	at org.springframework.boot.loader.launch.JarLauncher.main(JarLauncher.java:40) ~[gdgoc-0.0.1-SNAPSHOT.jar:0.0.1-SNAPSHOT]

2025-03-27T03:32:33.845Z DEBUG 845597 --- [gdgoc] [           main] org.hibernate.orm.query.hql              : HQL :     SELECT c.post.id, COUNT(c)
    FROM Comment c
    WHERE c.post.id IN :todayPosts
    GROUP BY c.post.id

2025-03-27T03:32:34.032Z DEBUG 845597 --- [gdgoc] [           main] o.h.o.q.hql.reservedWordAsIdentifier     : Encountered use of reserved word as identifier : ,
2025-03-27T03:32:34.048Z DEBUG 845597 --- [gdgoc] [           main] o.h.o.q.hql.reservedWordAsIdentifier     : Encountered use of reserved word as identifier : (
2025-03-27T03:32:34.051Z DEBUG 845597 --- [gdgoc] [           main] o.h.o.q.hql.reservedWordAsIdentifier     : Encountered use of reserved word as identifier : IN
2025-03-27T03:32:34.053Z DEBUG 845597 --- [gdgoc] [           main] o.h.o.q.hql.reservedWordAsIdentifier     : Encountered use of reserved word as identifier : <EOF>
2025-03-27T03:32:34.055Z DEBUG 845597 --- [gdgoc] [           main] org.hibernate.orm.query.sqm.creation     : Applying inferable type to SqmExpression [SqmNamedParameter(todayPosts)] : null -> SqmBasicValuedSimplePath(com.gomin_jungdok.gdgoc.comment.Comment(c).post.id)
2025-03-27T03:32:34.057Z DEBUG 845597 --- [gdgoc] [           main] org.hibernate.orm.query.sqm.ast          : SqmStatement Tree :
    -> [select]
      -> [query-spec]
        -> [select]
          -> [selection]
            -> [basic-path] - `com.gomin_jungdok.gdgoc.comment.Comment(c).post.id`
          <- [selection]
          -> [selection]
          <- [selection]
        <- [select]
        -> [from]
          -> [root] - `com.gomin_jungdok.gdgoc.comment.Comment(c)`
          <- [root] - `com.gomin_jungdok.gdgoc.comment.Comment(c)`
        <- [from]
        -> [where]
        <- [where]
        -> [group-by]
          -> [basic-path] - `com.gomin_jungdok.gdgoc.comment.Comment(c).post.id`
        <- [group-by]
      <- [query-spec]
    <- [select]

2025-03-27T03:32:34.063Z DEBUG 845597 --- [gdgoc] [           main] cResourceLocalTransactionCoordinatorImpl : JDBC transaction marked for rollback-only (exception provided for stack trace)

java.lang.Exception: exception just for purpose of providing stack trace
	at org.hibernate.resource.transaction.backend.jdbc.internal.JdbcResourceLocalTransactionCoordinatorImpl$TransactionDriverControlImpl.markRollbackOnly(JdbcResourceLocalTransactionCoordinatorImpl.java:309) ~[hibernate-core-6.6.5.Final.jar!/:6.6.5.Final]
	at org.hibernate.internal.AbstractSharedSessionContract.buildNamedQuery(AbstractSharedSessionContract.java:1141) ~[hibernate-core-6.6.5.Final.jar!/:6.6.5.Final]
	at org.hibernate.internal.AbstractSharedSessionContract.createNamedQuery(AbstractSharedSessionContract.java:1019) ~[hibernate-core-6.6.5.Final.jar!/:6.6.5.Final]
	at org.hibernate.internal.AbstractSharedSessionContract.createNamedQuery(AbstractSharedSessionContract.java:143) ~[hibernate-core-6.6.5.Final.jar!/:6.6.5.Final]
	at java.base/jdk.internal.reflect.NativeMethodAccessorImpl.invoke0(Native Method) ~[na:na]
	at java.base/jdk.internal.reflect.NativeMethodAccessorImpl.invoke(NativeMethodAccessorImpl.java:77) ~[na:na]
	at java.base/jdk.internal.reflect.DelegatingMethodAccessorImpl.invoke(DelegatingMethodAccessorImpl.java:43) ~[na:na]
	at java.base/java.lang.reflect.Method.invoke(Method.java:569) ~[na:na]
	at org.springframework.orm.jpa.ExtendedEntityManagerCreator$ExtendedEntityManagerInvocationHandler.invoke(ExtendedEntityManagerCreator.java:364) ~[spring-orm-6.2.2.jar!/:6.2.2]
	at jdk.proxy2/jdk.proxy2.$Proxy134.createNamedQuery(Unknown Source) ~[na:na]
	at org.springframework.data.jpa.repository.query.NamedQuery.hasNamedQuery(NamedQuery.java:114) ~[spring-data-jpa-3.4.2.jar!/:3.4.2]
	at org.springframework.data.jpa.repository.query.JpaQueryLookupStrategy$DeclaredQueryLookupStrategy.getCountQuery(JpaQueryLookupStrategy.java:208) ~[spring-data-jpa-3.4.2.jar!/:3.4.2]
	at org.springframework.data.jpa.repository.query.JpaQueryLookupStrategy$DeclaredQueryLookupStrategy.resolveQuery(JpaQueryLookupStrategy.java:175) ~[spring-data-jpa-3.4.2.jar!/:3.4.2]
	at org.springframework.data.jpa.repository.query.JpaQueryLookupStrategy$CreateIfNotFoundQueryLookupStrategy.resolveQuery(JpaQueryLookupStrategy.java:256) ~[spring-data-jpa-3.4.2.jar!/:3.4.2]
	at org.springframework.data.jpa.repository.query.JpaQueryLookupStrategy$AbstractQueryLookupStrategy.resolveQuery(JpaQueryLookupStrategy.java:99) ~[spring-data-jpa-3.4.2.jar!/:3.4.2]
	at org.springframework.data.repository.core.support.QueryExecutorMethodInterceptor.lookupQuery(QueryExecutorMethodInterceptor.java:116) ~[spring-data-commons-3.4.2.jar!/:3.4.2]
	at org.springframework.data.repository.core.support.QueryExecutorMethodInterceptor.mapMethodsToQuery(QueryExecutorMethodInterceptor.java:104) ~[spring-data-commons-3.4.2.jar!/:3.4.2]
	at org.springframework.data.repository.core.support.QueryExecutorMethodInterceptor.lambda$new$0(QueryExecutorMethodInterceptor.java:92) ~[spring-data-commons-3.4.2.jar!/:3.4.2]
	at java.base/java.util.Optional.map(Optional.java:260) ~[na:na]
	at org.springframework.data.repository.core.support.QueryExecutorMethodInterceptor.<init>(QueryExecutorMethodInterceptor.java:92) ~[spring-data-commons-3.4.2.jar!/:3.4.2]
	at org.springframework.data.repository.core.support.RepositoryFactorySupport.getRepository(RepositoryFactorySupport.java:440) ~[spring-data-commons-3.4.2.jar!/:3.4.2]
	at org.springframework.data.repository.core.support.RepositoryFactoryBeanSupport.lambda$afterPropertiesSet$4(RepositoryFactoryBeanSupport.java:350) ~[spring-data-commons-3.4.2.jar!/:3.4.2]
	at org.springframework.data.util.Lazy.getNullable(Lazy.java:135) ~[spring-data-commons-3.4.2.jar!/:3.4.2]
	at org.springframework.data.util.Lazy.get(Lazy.java:113) ~[spring-data-commons-3.4.2.jar!/:3.4.2]
	at org.springframework.data.repository.core.support.RepositoryFactoryBeanSupport.afterPropertiesSet(RepositoryFactoryBeanSupport.java:356) ~[spring-data-commons-3.4.2.jar!/:3.4.2]
	at org.springframework.data.jpa.repository.support.JpaRepositoryFactoryBean.afterPropertiesSet(JpaRepositoryFactoryBean.java:132) ~[spring-data-jpa-3.4.2.jar!/:3.4.2]
	at org.springframework.beans.factory.support.AbstractAutowireCapableBeanFactory.invokeInitMethods(AbstractAutowireCapableBeanFactory.java:1859) ~[spring-beans-6.2.2.jar!/:6.2.2]
	at org.springframework.beans.factory.support.AbstractAutowireCapableBeanFactory.initializeBean(AbstractAutowireCapableBeanFactory.java:1808) ~[spring-beans-6.2.2.jar!/:6.2.2]
	at org.springframework.beans.factory.support.AbstractAutowireCapableBeanFactory.doCreateBean(AbstractAutowireCapableBeanFactory.java:601) ~[spring-beans-6.2.2.jar!/:6.2.2]
	at org.springframework.beans.factory.support.AbstractAutowireCapableBeanFactory.createBean(AbstractAutowireCapableBeanFactory.java:523) ~[spring-beans-6.2.2.jar!/:6.2.2]
	at org.springframework.beans.factory.support.AbstractBeanFactory.lambda$doGetBean$0(AbstractBeanFactory.java:336) ~[spring-beans-6.2.2.jar!/:6.2.2]
	at org.springframework.beans.factory.support.DefaultSingletonBeanRegistry.getSingleton(DefaultSingletonBeanRegistry.java:307) ~[spring-beans-6.2.2.jar!/:6.2.2]
	at org.springframework.beans.factory.support.AbstractBeanFactory.doGetBean(AbstractBeanFactory.java:334) ~[spring-beans-6.2.2.jar!/:6.2.2]
	at org.springframework.beans.factory.support.AbstractBeanFactory.getBean(AbstractBeanFactory.java:199) ~[spring-beans-6.2.2.jar!/:6.2.2]
	at org.springframework.beans.factory.support.DefaultListableBeanFactory.doResolveDependency(DefaultListableBeanFactory.java:1573) ~[spring-beans-6.2.2.jar!/:6.2.2]
	at org.springframework.beans.factory.support.DefaultListableBeanFactory.resolveDependency(DefaultListableBeanFactory.java:1519) ~[spring-beans-6.2.2.jar!/:6.2.2]
	at org.springframework.beans.factory.support.ConstructorResolver.resolveAutowiredArgument(ConstructorResolver.java:913) ~[spring-beans-6.2.2.jar!/:6.2.2]
	at org.springframework.beans.factory.support.ConstructorResolver.createArgumentArray(ConstructorResolver.java:791) ~[spring-beans-6.2.2.jar!/:6.2.2]
	at org.springframework.beans.factory.support.ConstructorResolver.autowireConstructor(ConstructorResolver.java:240) ~[spring-beans-6.2.2.jar!/:6.2.2]
	at org.springframework.beans.factory.support.AbstractAutowireCapableBeanFactory.autowireConstructor(AbstractAutowireCapableBeanFactory.java:1381) ~[spring-beans-6.2.2.jar!/:6.2.2]
	at org.springframework.beans.factory.support.AbstractAutowireCapableBeanFactory.createBeanInstance(AbstractAutowireCapableBeanFactory.java:1218) ~[spring-beans-6.2.2.jar!/:6.2.2]
	at org.springframework.beans.factory.support.AbstractAutowireCapableBeanFactory.doCreateBean(AbstractAutowireCapableBeanFactory.java:563) ~[spring-beans-6.2.2.jar!/:6.2.2]
	at org.springframework.beans.factory.support.AbstractAutowireCapableBeanFactory.createBean(AbstractAutowireCapableBeanFactory.java:523) ~[spring-beans-6.2.2.jar!/:6.2.2]
	at org.springframework.beans.factory.support.AbstractBeanFactory.lambda$doGetBean$0(AbstractBeanFactory.java:336) ~[spring-beans-6.2.2.jar!/:6.2.2]
	at org.springframework.beans.factory.support.DefaultSingletonBeanRegistry.getSingleton(DefaultSingletonBeanRegistry.java:307) ~[spring-beans-6.2.2.jar!/:6.2.2]
	at org.springframework.beans.factory.support.AbstractBeanFactory.doGetBean(AbstractBeanFactory.java:334) ~[spring-beans-6.2.2.jar!/:6.2.2]
	at org.springframework.beans.factory.support.AbstractBeanFactory.getBean(AbstractBeanFactory.java:199) ~[spring-beans-6.2.2.jar!/:6.2.2]
	at org.springframework.beans.factory.support.DefaultListableBeanFactory.doResolveDependency(DefaultListableBeanFactory.java:1573) ~[spring-beans-6.2.2.jar!/:6.2.2]
	at org.springframework.beans.factory.support.DefaultListableBeanFactory.resolveDependency(DefaultListableBeanFactory.java:1519) ~[spring-beans-6.2.2.jar!/:6.2.2]
	at org.springframework.beans.factory.support.ConstructorResolver.resolveAutowiredArgument(ConstructorResolver.java:913) ~[spring-beans-6.2.2.jar!/:6.2.2]
	at org.springframework.beans.factory.support.ConstructorResolver.createArgumentArray(ConstructorResolver.java:791) ~[spring-beans-6.2.2.jar!/:6.2.2]
	at org.springframework.beans.factory.support.ConstructorResolver.autowireConstructor(ConstructorResolver.java:240) ~[spring-beans-6.2.2.jar!/:6.2.2]
	at org.springframework.beans.factory.support.AbstractAutowireCapableBeanFactory.autowireConstructor(AbstractAutowireCapableBeanFactory.java:1381) ~[spring-beans-6.2.2.jar!/:6.2.2]
	at org.springframework.beans.factory.support.AbstractAutowireCapableBeanFactory.createBeanInstance(AbstractAutowireCapableBeanFactory.java:1218) ~[spring-beans-6.2.2.jar!/:6.2.2]
	at org.springframework.beans.factory.support.AbstractAutowireCapableBeanFactory.doCreateBean(AbstractAutowireCapableBeanFactory.java:563) ~[spring-beans-6.2.2.jar!/:6.2.2]
	at org.springframework.beans.factory.support.AbstractAutowireCapableBeanFactory.createBean(AbstractAutowireCapableBeanFactory.java:523) ~[spring-beans-6.2.2.jar!/:6.2.2]
	at org.springframework.beans.factory.support.AbstractBeanFactory.lambda$doGetBean$0(AbstractBeanFactory.java:336) ~[spring-beans-6.2.2.jar!/:6.2.2]
	at org.springframework.beans.factory.support.DefaultSingletonBeanRegistry.getSingleton(DefaultSingletonBeanRegistry.java:307) ~[spring-beans-6.2.2.jar!/:6.2.2]
	at org.springframework.beans.factory.support.AbstractBeanFactory.doGetBean(AbstractBeanFactory.java:334) ~[spring-beans-6.2.2.jar!/:6.2.2]
	at org.springframework.beans.factory.support.AbstractBeanFactory.getBean(AbstractBeanFactory.java:199) ~[spring-beans-6.2.2.jar!/:6.2.2]
	at org.springframework.beans.factory.support.DefaultListableBeanFactory.instantiateSingleton(DefaultListableBeanFactory.java:1122) ~[spring-beans-6.2.2.jar!/:6.2.2]
	at org.springframework.beans.factory.support.DefaultListableBeanFactory.preInstantiateSingleton(DefaultListableBeanFactory.java:1093) ~[spring-beans-6.2.2.jar!/:6.2.2]
	at org.springframework.beans.factory.support.DefaultListableBeanFactory.preInstantiateSingletons(DefaultListableBeanFactory.java:1030) ~[spring-beans-6.2.2.jar!/:6.2.2]
	at org.springframework.context.support.AbstractApplicationContext.finishBeanFactoryInitialization(AbstractApplicationContext.java:987) ~[spring-context-6.2.2.jar!/:6.2.2]
	at org.springframework.context.support.AbstractApplicationContext.refresh(AbstractApplicationContext.java:627) ~[spring-context-6.2.2.jar!/:6.2.2]
	at org.springframework.boot.web.servlet.context.ServletWebServerApplicationContext.refresh(ServletWebServerApplicationContext.java:146) ~[spring-boot-3.4.2.jar!/:3.4.2]
	at org.springframework.boot.SpringApplication.refresh(SpringApplication.java:752) ~[spring-boot-3.4.2.jar!/:3.4.2]
	at org.springframework.boot.SpringApplication.refreshContext(SpringApplication.java:439) ~[spring-boot-3.4.2.jar!/:3.4.2]
	at org.springframework.boot.SpringApplication.run(SpringApplication.java:318) ~[spring-boot-3.4.2.jar!/:3.4.2]
	at org.springframework.boot.SpringApplication.run(SpringApplication.java:1361) ~[spring-boot-3.4.2.jar!/:3.4.2]
	at org.springframework.boot.SpringApplication.run(SpringApplication.java:1350) ~[spring-boot-3.4.2.jar!/:3.4.2]
	at com.gomin_jungdok.gdgoc.GdgocApplication.main(GdgocApplication.java:10) ~[!/:0.0.1-SNAPSHOT]
	at java.base/jdk.internal.reflect.NativeMethodAccessorImpl.invoke0(Native Method) ~[na:na]
	at java.base/jdk.internal.reflect.NativeMethodAccessorImpl.invoke(NativeMethodAccessorImpl.java:77) ~[na:na]
	at java.base/jdk.internal.reflect.DelegatingMethodAccessorImpl.invoke(DelegatingMethodAccessorImpl.java:43) ~[na:na]
	at java.base/java.lang.reflect.Method.invoke(Method.java:569) ~[na:na]
	at org.springframework.boot.loader.launch.Launcher.launch(Launcher.java:102) ~[gdgoc-0.0.1-SNAPSHOT.jar:0.0.1-SNAPSHOT]
	at org.springframework.boot.loader.launch.Launcher.launch(Launcher.java:64) ~[gdgoc-0.0.1-SNAPSHOT.jar:0.0.1-SNAPSHOT]
	at org.springframework.boot.loader.launch.JarLauncher.main(JarLauncher.java:40) ~[gdgoc-0.0.1-SNAPSHOT.jar:0.0.1-SNAPSHOT]

2025-03-27T03:32:34.071Z DEBUG 845597 --- [gdgoc] [           main] org.hibernate.orm.query.hql              : HQL : SELECT COUNT(c) FROM Comment c WHERE c.post.id = :post_id
2025-03-27T03:32:34.080Z DEBUG 845597 --- [gdgoc] [           main] o.h.o.q.hql.reservedWordAsIdentifier     : Encountered use of reserved word as identifier : (
2025-03-27T03:32:34.087Z DEBUG 845597 --- [gdgoc] [           main] o.h.o.q.hql.reservedWordAsIdentifier     : Encountered use of reserved word as identifier : =
2025-03-27T03:32:34.088Z DEBUG 845597 --- [gdgoc] [           main] org.hibernate.orm.query.sqm.creation     : Applying inferable type to SqmExpression [SqmNamedParameter(post_id)] : null -> SqmBasicValuedSimplePath(com.gomin_jungdok.gdgoc.comment.Comment(c).post.id)
2025-03-27T03:32:34.089Z DEBUG 845597 --- [gdgoc] [           main] org.hibernate.orm.query.sqm.ast          : SqmStatement Tree :
    -> [select]
      -> [query-spec]
        -> [select]
          -> [selection]
          <- [selection]
        <- [select]
        -> [from]
          -> [root] - `com.gomin_jungdok.gdgoc.comment.Comment(c)`
          <- [root] - `com.gomin_jungdok.gdgoc.comment.Comment(c)`
        <- [from]
        -> [where]
          -> [EQUAL]
              -> [basic-path] - `com.gomin_jungdok.gdgoc.comment.Comment(c).post.id`
              :post_id
          <- [EQUAL]
        <- [where]
      <- [query-spec]
    <- [select]

2025-03-27T03:32:34.523Z DEBUG 845597 --- [gdgoc] [           main] cResourceLocalTransactionCoordinatorImpl : JDBC transaction marked for rollback-only (exception provided for stack trace)

java.lang.Exception: exception just for purpose of providing stack trace
	at org.hibernate.resource.transaction.backend.jdbc.internal.JdbcResourceLocalTransactionCoordinatorImpl$TransactionDriverControlImpl.markRollbackOnly(JdbcResourceLocalTransactionCoordinatorImpl.java:309) ~[hibernate-core-6.6.5.Final.jar!/:6.6.5.Final]
	at org.hibernate.internal.AbstractSharedSessionContract.buildNamedQuery(AbstractSharedSessionContract.java:1141) ~[hibernate-core-6.6.5.Final.jar!/:6.6.5.Final]
	at org.hibernate.internal.AbstractSharedSessionContract.createNamedQuery(AbstractSharedSessionContract.java:1019) ~[hibernate-core-6.6.5.Final.jar!/:6.6.5.Final]
	at org.hibernate.internal.AbstractSharedSessionContract.createNamedQuery(AbstractSharedSessionContract.java:143) ~[hibernate-core-6.6.5.Final.jar!/:6.6.5.Final]
	at java.base/jdk.internal.reflect.NativeMethodAccessorImpl.invoke0(Native Method) ~[na:na]
	at java.base/jdk.internal.reflect.NativeMethodAccessorImpl.invoke(NativeMethodAccessorImpl.java:77) ~[na:na]
	at java.base/jdk.internal.reflect.DelegatingMethodAccessorImpl.invoke(DelegatingMethodAccessorImpl.java:43) ~[na:na]
	at java.base/java.lang.reflect.Method.invoke(Method.java:569) ~[na:na]
	at org.springframework.orm.jpa.ExtendedEntityManagerCreator$ExtendedEntityManagerInvocationHandler.invoke(ExtendedEntityManagerCreator.java:364) ~[spring-orm-6.2.2.jar!/:6.2.2]
	at jdk.proxy2/jdk.proxy2.$Proxy134.createNamedQuery(Unknown Source) ~[na:na]
	at org.springframework.data.jpa.repository.query.NamedQuery.hasNamedQuery(NamedQuery.java:114) ~[spring-data-jpa-3.4.2.jar!/:3.4.2]
	at org.springframework.data.jpa.repository.query.NamedQuery.lookupFrom(NamedQuery.java:140) ~[spring-data-jpa-3.4.2.jar!/:3.4.2]
	at org.springframework.data.jpa.repository.query.JpaQueryLookupStrategy$DeclaredQueryLookupStrategy.resolveQuery(JpaQueryLookupStrategy.java:184) ~[spring-data-jpa-3.4.2.jar!/:3.4.2]
	at org.springframework.data.jpa.repository.query.JpaQueryLookupStrategy$CreateIfNotFoundQueryLookupStrategy.resolveQuery(JpaQueryLookupStrategy.java:256) ~[spring-data-jpa-3.4.2.jar!/:3.4.2]
	at org.springframework.data.jpa.repository.query.JpaQueryLookupStrategy$AbstractQueryLookupStrategy.resolveQuery(JpaQueryLookupStrategy.java:99) ~[spring-data-jpa-3.4.2.jar!/:3.4.2]
	at org.springframework.data.repository.core.support.QueryExecutorMethodInterceptor.lookupQuery(QueryExecutorMethodInterceptor.java:116) ~[spring-data-commons-3.4.2.jar!/:3.4.2]
	at org.springframework.data.repository.core.support.QueryExecutorMethodInterceptor.mapMethodsToQuery(QueryExecutorMethodInterceptor.java:104) ~[spring-data-commons-3.4.2.jar!/:3.4.2]
	at org.springframework.data.repository.core.support.QueryExecutorMethodInterceptor.lambda$new$0(QueryExecutorMethodInterceptor.java:92) ~[spring-data-commons-3.4.2.jar!/:3.4.2]
	at java.base/java.util.Optional.map(Optional.java:260) ~[na:na]
	at org.springframework.data.repository.core.support.QueryExecutorMethodInterceptor.<init>(QueryExecutorMethodInterceptor.java:92) ~[spring-data-commons-3.4.2.jar!/:3.4.2]
	at org.springframework.data.repository.core.support.RepositoryFactorySupport.getRepository(RepositoryFactorySupport.java:440) ~[spring-data-commons-3.4.2.jar!/:3.4.2]
	at org.springframework.data.repository.core.support.RepositoryFactoryBeanSupport.lambda$afterPropertiesSet$4(RepositoryFactoryBeanSupport.java:350) ~[spring-data-commons-3.4.2.jar!/:3.4.2]
	at org.springframework.data.util.Lazy.getNullable(Lazy.java:135) ~[spring-data-commons-3.4.2.jar!/:3.4.2]
	at org.springframework.data.util.Lazy.get(Lazy.java:113) ~[spring-data-commons-3.4.2.jar!/:3.4.2]
	at org.springframework.data.repository.core.support.RepositoryFactoryBeanSupport.afterPropertiesSet(RepositoryFactoryBeanSupport.java:356) ~[spring-data-commons-3.4.2.jar!/:3.4.2]
	at org.springframework.data.jpa.repository.support.JpaRepositoryFactoryBean.afterPropertiesSet(JpaRepositoryFactoryBean.java:132) ~[spring-data-jpa-3.4.2.jar!/:3.4.2]
	at org.springframework.beans.factory.support.AbstractAutowireCapableBeanFactory.invokeInitMethods(AbstractAutowireCapableBeanFactory.java:1859) ~[spring-beans-6.2.2.jar!/:6.2.2]
	at org.springframework.beans.factory.support.AbstractAutowireCapableBeanFactory.initializeBean(AbstractAutowireCapableBeanFactory.java:1808) ~[spring-beans-6.2.2.jar!/:6.2.2]
	at org.springframework.beans.factory.support.AbstractAutowireCapableBeanFactory.doCreateBean(AbstractAutowireCapableBeanFactory.java:601) ~[spring-beans-6.2.2.jar!/:6.2.2]
	at org.springframework.beans.factory.support.AbstractAutowireCapableBeanFactory.createBean(AbstractAutowireCapableBeanFactory.java:523) ~[spring-beans-6.2.2.jar!/:6.2.2]
	at org.springframework.beans.factory.support.AbstractBeanFactory.lambda$doGetBean$0(AbstractBeanFactory.java:336) ~[spring-beans-6.2.2.jar!/:6.2.2]
	at org.springframework.beans.factory.support.DefaultSingletonBeanRegistry.getSingleton(DefaultSingletonBeanRegistry.java:307) ~[spring-beans-6.2.2.jar!/:6.2.2]
	at org.springframework.beans.factory.support.AbstractBeanFactory.doGetBean(AbstractBeanFactory.java:334) ~[spring-beans-6.2.2.jar!/:6.2.2]
	at org.springframework.beans.factory.support.AbstractBeanFactory.getBean(AbstractBeanFactory.java:199) ~[spring-beans-6.2.2.jar!/:6.2.2]
	at org.springframework.beans.factory.support.DefaultListableBeanFactory.doResolveDependency(DefaultListableBeanFactory.java:1573) ~[spring-beans-6.2.2.jar!/:6.2.2]
	at org.springframework.beans.factory.support.DefaultListableBeanFactory.resolveDependency(DefaultListableBeanFactory.java:1519) ~[spring-beans-6.2.2.jar!/:6.2.2]
	at org.springframework.beans.factory.support.ConstructorResolver.resolveAutowiredArgument(ConstructorResolver.java:913) ~[spring-beans-6.2.2.jar!/:6.2.2]
	at org.springframework.beans.factory.support.ConstructorResolver.createArgumentArray(ConstructorResolver.java:791) ~[spring-beans-6.2.2.jar!/:6.2.2]
	at org.springframework.beans.factory.support.ConstructorResolver.autowireConstructor(ConstructorResolver.java:240) ~[spring-beans-6.2.2.jar!/:6.2.2]
	at org.springframework.beans.factory.support.AbstractAutowireCapableBeanFactory.autowireConstructor(AbstractAutowireCapableBeanFactory.java:1381) ~[spring-beans-6.2.2.jar!/:6.2.2]
	at org.springframework.beans.factory.support.AbstractAutowireCapableBeanFactory.createBeanInstance(AbstractAutowireCapableBeanFactory.java:1218) ~[spring-beans-6.2.2.jar!/:6.2.2]
	at org.springframework.beans.factory.support.AbstractAutowireCapableBeanFactory.doCreateBean(AbstractAutowireCapableBeanFactory.java:563) ~[spring-beans-6.2.2.jar!/:6.2.2]
	at org.springframework.beans.factory.support.AbstractAutowireCapableBeanFactory.createBean(AbstractAutowireCapableBeanFactory.java:523) ~[spring-beans-6.2.2.jar!/:6.2.2]
	at org.springframework.beans.factory.support.AbstractBeanFactory.lambda$doGetBean$0(AbstractBeanFactory.java:336) ~[spring-beans-6.2.2.jar!/:6.2.2]
	at org.springframework.beans.factory.support.DefaultSingletonBeanRegistry.getSingleton(DefaultSingletonBeanRegistry.java:307) ~[spring-beans-6.2.2.jar!/:6.2.2]
	at org.springframework.beans.factory.support.AbstractBeanFactory.doGetBean(AbstractBeanFactory.java:334) ~[spring-beans-6.2.2.jar!/:6.2.2]
	at org.springframework.beans.factory.support.AbstractBeanFactory.getBean(AbstractBeanFactory.java:199) ~[spring-beans-6.2.2.jar!/:6.2.2]
	at org.springframework.beans.factory.support.DefaultListableBeanFactory.doResolveDependency(DefaultListableBeanFactory.java:1573) ~[spring-beans-6.2.2.jar!/:6.2.2]
	at org.springframework.beans.factory.support.DefaultListableBeanFactory.resolveDependency(DefaultListableBeanFactory.java:1519) ~[spring-beans-6.2.2.jar!/:6.2.2]
	at org.springframework.beans.factory.support.ConstructorResolver.resolveAutowiredArgument(ConstructorResolver.java:913) ~[spring-beans-6.2.2.jar!/:6.2.2]
	at org.springframework.beans.factory.support.ConstructorResolver.createArgumentArray(ConstructorResolver.java:791) ~[spring-beans-6.2.2.jar!/:6.2.2]
	at org.springframework.beans.factory.support.ConstructorResolver.autowireConstructor(ConstructorResolver.java:240) ~[spring-beans-6.2.2.jar!/:6.2.2]
	at org.springframework.beans.factory.support.AbstractAutowireCapableBeanFactory.autowireConstructor(AbstractAutowireCapableBeanFactory.java:1381) ~[spring-beans-6.2.2.jar!/:6.2.2]
	at org.springframework.beans.factory.support.AbstractAutowireCapableBeanFactory.createBeanInstance(AbstractAutowireCapableBeanFactory.java:1218) ~[spring-beans-6.2.2.jar!/:6.2.2]
	at org.springframework.beans.factory.support.AbstractAutowireCapableBeanFactory.doCreateBean(AbstractAutowireCapableBeanFactory.java:563) ~[spring-beans-6.2.2.jar!/:6.2.2]
	at org.springframework.beans.factory.support.AbstractAutowireCapableBeanFactory.createBean(AbstractAutowireCapableBeanFactory.java:523) ~[spring-beans-6.2.2.jar!/:6.2.2]
	at org.springframework.beans.factory.support.AbstractBeanFactory.lambda$doGetBean$0(AbstractBeanFactory.java:336) ~[spring-beans-6.2.2.jar!/:6.2.2]
	at org.springframework.beans.factory.support.DefaultSingletonBeanRegistry.getSingleton(DefaultSingletonBeanRegistry.java:307) ~[spring-beans-6.2.2.jar!/:6.2.2]
	at org.springframework.beans.factory.support.AbstractBeanFactory.doGetBean(AbstractBeanFactory.java:334) ~[spring-beans-6.2.2.jar!/:6.2.2]
	at org.springframework.beans.factory.support.AbstractBeanFactory.getBean(AbstractBeanFactory.java:199) ~[spring-beans-6.2.2.jar!/:6.2.2]
	at org.springframework.beans.factory.support.DefaultListableBeanFactory.instantiateSingleton(DefaultListableBeanFactory.java:1122) ~[spring-beans-6.2.2.jar!/:6.2.2]
	at org.springframework.beans.factory.support.DefaultListableBeanFactory.preInstantiateSingleton(DefaultListableBeanFactory.java:1093) ~[spring-beans-6.2.2.jar!/:6.2.2]
	at org.springframework.beans.factory.support.DefaultListableBeanFactory.preInstantiateSingletons(DefaultListableBeanFactory.java:1030) ~[spring-beans-6.2.2.jar!/:6.2.2]
	at org.springframework.context.support.AbstractApplicationContext.finishBeanFactoryInitialization(AbstractApplicationContext.java:987) ~[spring-context-6.2.2.jar!/:6.2.2]
	at org.springframework.context.support.AbstractApplicationContext.refresh(AbstractApplicationContext.java:627) ~[spring-context-6.2.2.jar!/:6.2.2]
	at org.springframework.boot.web.servlet.context.ServletWebServerApplicationContext.refresh(ServletWebServerApplicationContext.java:146) ~[spring-boot-3.4.2.jar!/:3.4.2]
	at org.springframework.boot.SpringApplication.refresh(SpringApplication.java:752) ~[spring-boot-3.4.2.jar!/:3.4.2]
	at org.springframework.boot.SpringApplication.refreshContext(SpringApplication.java:439) ~[spring-boot-3.4.2.jar!/:3.4.2]
	at org.springframework.boot.SpringApplication.run(SpringApplication.java:318) ~[spring-boot-3.4.2.jar!/:3.4.2]
	at org.springframework.boot.SpringApplication.run(SpringApplication.java:1361) ~[spring-boot-3.4.2.jar!/:3.4.2]
	at org.springframework.boot.SpringApplication.run(SpringApplication.java:1350) ~[spring-boot-3.4.2.jar!/:3.4.2]
	at com.gomin_jungdok.gdgoc.GdgocApplication.main(GdgocApplication.java:10) ~[!/:0.0.1-SNAPSHOT]
	at java.base/jdk.internal.reflect.NativeMethodAccessorImpl.invoke0(Native Method) ~[na:na]
	at java.base/jdk.internal.reflect.NativeMethodAccessorImpl.invoke(NativeMethodAccessorImpl.java:77) ~[na:na]
	at java.base/jdk.internal.reflect.DelegatingMethodAccessorImpl.invoke(DelegatingMethodAccessorImpl.java:43) ~[na:na]
	at java.base/java.lang.reflect.Method.invoke(Method.java:569) ~[na:na]
	at org.springframework.boot.loader.launch.Launcher.launch(Launcher.java:102) ~[gdgoc-0.0.1-SNAPSHOT.jar:0.0.1-SNAPSHOT]
	at org.springframework.boot.loader.launch.Launcher.launch(Launcher.java:64) ~[gdgoc-0.0.1-SNAPSHOT.jar:0.0.1-SNAPSHOT]
	at org.springframework.boot.loader.launch.JarLauncher.main(JarLauncher.java:40) ~[gdgoc-0.0.1-SNAPSHOT.jar:0.0.1-SNAPSHOT]

2025-03-27T03:32:34.535Z DEBUG 845597 --- [gdgoc] [           main] cResourceLocalTransactionCoordinatorImpl : JDBC transaction marked for rollback-only (exception provided for stack trace)

java.lang.Exception: exception just for purpose of providing stack trace
	at org.hibernate.resource.transaction.backend.jdbc.internal.JdbcResourceLocalTransactionCoordinatorImpl$TransactionDriverControlImpl.markRollbackOnly(JdbcResourceLocalTransactionCoordinatorImpl.java:309) ~[hibernate-core-6.6.5.Final.jar!/:6.6.5.Final]
	at org.hibernate.internal.AbstractSharedSessionContract.buildNamedQuery(AbstractSharedSessionContract.java:1141) ~[hibernate-core-6.6.5.Final.jar!/:6.6.5.Final]
	at org.hibernate.internal.AbstractSharedSessionContract.createNamedQuery(AbstractSharedSessionContract.java:1019) ~[hibernate-core-6.6.5.Final.jar!/:6.6.5.Final]
	at org.hibernate.internal.AbstractSharedSessionContract.createNamedQuery(AbstractSharedSessionContract.java:143) ~[hibernate-core-6.6.5.Final.jar!/:6.6.5.Final]
	at java.base/jdk.internal.reflect.NativeMethodAccessorImpl.invoke0(Native Method) ~[na:na]
	at java.base/jdk.internal.reflect.NativeMethodAccessorImpl.invoke(NativeMethodAccessorImpl.java:77) ~[na:na]
	at java.base/jdk.internal.reflect.DelegatingMethodAccessorImpl.invoke(DelegatingMethodAccessorImpl.java:43) ~[na:na]
	at java.base/java.lang.reflect.Method.invoke(Method.java:569) ~[na:na]
	at org.springframework.orm.jpa.ExtendedEntityManagerCreator$ExtendedEntityManagerInvocationHandler.invoke(ExtendedEntityManagerCreator.java:364) ~[spring-orm-6.2.2.jar!/:6.2.2]
	at jdk.proxy2/jdk.proxy2.$Proxy134.createNamedQuery(Unknown Source) ~[na:na]
	at org.springframework.data.jpa.repository.query.NamedQuery.hasNamedQuery(NamedQuery.java:114) ~[spring-data-jpa-3.4.2.jar!/:3.4.2]
	at org.springframework.data.jpa.repository.query.NamedQuery.lookupFrom(NamedQuery.java:140) ~[spring-data-jpa-3.4.2.jar!/:3.4.2]
	at org.springframework.data.jpa.repository.query.JpaQueryLookupStrategy$DeclaredQueryLookupStrategy.resolveQuery(JpaQueryLookupStrategy.java:184) ~[spring-data-jpa-3.4.2.jar!/:3.4.2]
	at org.springframework.data.jpa.repository.query.JpaQueryLookupStrategy$CreateIfNotFoundQueryLookupStrategy.resolveQuery(JpaQueryLookupStrategy.java:256) ~[spring-data-jpa-3.4.2.jar!/:3.4.2]
	at org.springframework.data.jpa.repository.query.JpaQueryLookupStrategy$AbstractQueryLookupStrategy.resolveQuery(JpaQueryLookupStrategy.java:99) ~[spring-data-jpa-3.4.2.jar!/:3.4.2]
	at org.springframework.data.repository.core.support.QueryExecutorMethodInterceptor.lookupQuery(QueryExecutorMethodInterceptor.java:116) ~[spring-data-commons-3.4.2.jar!/:3.4.2]
	at org.springframework.data.repository.core.support.QueryExecutorMethodInterceptor.mapMethodsToQuery(QueryExecutorMethodInterceptor.java:104) ~[spring-data-commons-3.4.2.jar!/:3.4.2]
	at org.springframework.data.repository.core.support.QueryExecutorMethodInterceptor.lambda$new$0(QueryExecutorMethodInterceptor.java:92) ~[spring-data-commons-3.4.2.jar!/:3.4.2]
	at java.base/java.util.Optional.map(Optional.java:260) ~[na:na]
	at org.springframework.data.repository.core.support.QueryExecutorMethodInterceptor.<init>(QueryExecutorMethodInterceptor.java:92) ~[spring-data-commons-3.4.2.jar!/:3.4.2]
	at org.springframework.data.repository.core.support.RepositoryFactorySupport.getRepository(RepositoryFactorySupport.java:440) ~[spring-data-commons-3.4.2.jar!/:3.4.2]
	at org.springframework.data.repository.core.support.RepositoryFactoryBeanSupport.lambda$afterPropertiesSet$4(RepositoryFactoryBeanSupport.java:350) ~[spring-data-commons-3.4.2.jar!/:3.4.2]
	at org.springframework.data.util.Lazy.getNullable(Lazy.java:135) ~[spring-data-commons-3.4.2.jar!/:3.4.2]
	at org.springframework.data.util.Lazy.get(Lazy.java:113) ~[spring-data-commons-3.4.2.jar!/:3.4.2]
	at org.springframework.data.repository.core.support.RepositoryFactoryBeanSupport.afterPropertiesSet(RepositoryFactoryBeanSupport.java:356) ~[spring-data-commons-3.4.2.jar!/:3.4.2]
	at org.springframework.data.jpa.repository.support.JpaRepositoryFactoryBean.afterPropertiesSet(JpaRepositoryFactoryBean.java:132) ~[spring-data-jpa-3.4.2.jar!/:3.4.2]
	at org.springframework.beans.factory.support.AbstractAutowireCapableBeanFactory.invokeInitMethods(AbstractAutowireCapableBeanFactory.java:1859) ~[spring-beans-6.2.2.jar!/:6.2.2]
	at org.springframework.beans.factory.support.AbstractAutowireCapableBeanFactory.initializeBean(AbstractAutowireCapableBeanFactory.java:1808) ~[spring-beans-6.2.2.jar!/:6.2.2]
	at org.springframework.beans.factory.support.AbstractAutowireCapableBeanFactory.doCreateBean(AbstractAutowireCapableBeanFactory.java:601) ~[spring-beans-6.2.2.jar!/:6.2.2]
	at org.springframework.beans.factory.support.AbstractAutowireCapableBeanFactory.createBean(AbstractAutowireCapableBeanFactory.java:523) ~[spring-beans-6.2.2.jar!/:6.2.2]
	at org.springframework.beans.factory.support.AbstractBeanFactory.lambda$doGetBean$0(AbstractBeanFactory.java:336) ~[spring-beans-6.2.2.jar!/:6.2.2]
	at org.springframework.beans.factory.support.DefaultSingletonBeanRegistry.getSingleton(DefaultSingletonBeanRegistry.java:307) ~[spring-beans-6.2.2.jar!/:6.2.2]
	at org.springframework.beans.factory.support.AbstractBeanFactory.doGetBean(AbstractBeanFactory.java:334) ~[spring-beans-6.2.2.jar!/:6.2.2]
	at org.springframework.beans.factory.support.AbstractBeanFactory.getBean(AbstractBeanFactory.java:199) ~[spring-beans-6.2.2.jar!/:6.2.2]
	at org.springframework.beans.factory.support.DefaultListableBeanFactory.doResolveDependency(DefaultListableBeanFactory.java:1573) ~[spring-beans-6.2.2.jar!/:6.2.2]
	at org.springframework.beans.factory.support.DefaultListableBeanFactory.resolveDependency(DefaultListableBeanFactory.java:1519) ~[spring-beans-6.2.2.jar!/:6.2.2]
	at org.springframework.beans.factory.support.ConstructorResolver.resolveAutowiredArgument(ConstructorResolver.java:913) ~[spring-beans-6.2.2.jar!/:6.2.2]
	at org.springframework.beans.factory.support.ConstructorResolver.createArgumentArray(ConstructorResolver.java:791) ~[spring-beans-6.2.2.jar!/:6.2.2]
	at org.springframework.beans.factory.support.ConstructorResolver.autowireConstructor(ConstructorResolver.java:240) ~[spring-beans-6.2.2.jar!/:6.2.2]
	at org.springframework.beans.factory.support.AbstractAutowireCapableBeanFactory.autowireConstructor(AbstractAutowireCapableBeanFactory.java:1381) ~[spring-beans-6.2.2.jar!/:6.2.2]
	at org.springframework.beans.factory.support.AbstractAutowireCapableBeanFactory.createBeanInstance(AbstractAutowireCapableBeanFactory.java:1218) ~[spring-beans-6.2.2.jar!/:6.2.2]
	at org.springframework.beans.factory.support.AbstractAutowireCapableBeanFactory.doCreateBean(AbstractAutowireCapableBeanFactory.java:563) ~[spring-beans-6.2.2.jar!/:6.2.2]
	at org.springframework.beans.factory.support.AbstractAutowireCapableBeanFactory.createBean(AbstractAutowireCapableBeanFactory.java:523) ~[spring-beans-6.2.2.jar!/:6.2.2]
	at org.springframework.beans.factory.support.AbstractBeanFactory.lambda$doGetBean$0(AbstractBeanFactory.java:336) ~[spring-beans-6.2.2.jar!/:6.2.2]
	at org.springframework.beans.factory.support.DefaultSingletonBeanRegistry.getSingleton(DefaultSingletonBeanRegistry.java:307) ~[spring-beans-6.2.2.jar!/:6.2.2]
	at org.springframework.beans.factory.support.AbstractBeanFactory.doGetBean(AbstractBeanFactory.java:334) ~[spring-beans-6.2.2.jar!/:6.2.2]
	at org.springframework.beans.factory.support.AbstractBeanFactory.getBean(AbstractBeanFactory.java:199) ~[spring-beans-6.2.2.jar!/:6.2.2]
	at org.springframework.beans.factory.support.DefaultListableBeanFactory.doResolveDependency(DefaultListableBeanFactory.java:1573) ~[spring-beans-6.2.2.jar!/:6.2.2]
	at org.springframework.beans.factory.support.DefaultListableBeanFactory.resolveDependency(DefaultListableBeanFactory.java:1519) ~[spring-beans-6.2.2.jar!/:6.2.2]
	at org.springframework.beans.factory.support.ConstructorResolver.resolveAutowiredArgument(ConstructorResolver.java:913) ~[spring-beans-6.2.2.jar!/:6.2.2]
	at org.springframework.beans.factory.support.ConstructorResolver.createArgumentArray(ConstructorResolver.java:791) ~[spring-beans-6.2.2.jar!/:6.2.2]
	at org.springframework.beans.factory.support.ConstructorResolver.autowireConstructor(ConstructorResolver.java:240) ~[spring-beans-6.2.2.jar!/:6.2.2]
	at org.springframework.beans.factory.support.AbstractAutowireCapableBeanFactory.autowireConstructor(AbstractAutowireCapableBeanFactory.java:1381) ~[spring-beans-6.2.2.jar!/:6.2.2]
	at org.springframework.beans.factory.support.AbstractAutowireCapableBeanFactory.createBeanInstance(AbstractAutowireCapableBeanFactory.java:1218) ~[spring-beans-6.2.2.jar!/:6.2.2]
	at org.springframework.beans.factory.support.AbstractAutowireCapableBeanFactory.doCreateBean(AbstractAutowireCapableBeanFactory.java:563) ~[spring-beans-6.2.2.jar!/:6.2.2]
	at org.springframework.beans.factory.support.AbstractAutowireCapableBeanFactory.createBean(AbstractAutowireCapableBeanFactory.java:523) ~[spring-beans-6.2.2.jar!/:6.2.2]
	at org.springframework.beans.factory.support.AbstractBeanFactory.lambda$doGetBean$0(AbstractBeanFactory.java:336) ~[spring-beans-6.2.2.jar!/:6.2.2]
	at org.springframework.beans.factory.support.DefaultSingletonBeanRegistry.getSingleton(DefaultSingletonBeanRegistry.java:307) ~[spring-beans-6.2.2.jar!/:6.2.2]
	at org.springframework.beans.factory.support.AbstractBeanFactory.doGetBean(AbstractBeanFactory.java:334) ~[spring-beans-6.2.2.jar!/:6.2.2]
	at org.springframework.beans.factory.support.AbstractBeanFactory.getBean(AbstractBeanFactory.java:199) ~[spring-beans-6.2.2.jar!/:6.2.2]
	at org.springframework.beans.factory.support.DefaultListableBeanFactory.instantiateSingleton(DefaultListableBeanFactory.java:1122) ~[spring-beans-6.2.2.jar!/:6.2.2]
	at org.springframework.beans.factory.support.DefaultListableBeanFactory.preInstantiateSingleton(DefaultListableBeanFactory.java:1093) ~[spring-beans-6.2.2.jar!/:6.2.2]
	at org.springframework.beans.factory.support.DefaultListableBeanFactory.preInstantiateSingletons(DefaultListableBeanFactory.java:1030) ~[spring-beans-6.2.2.jar!/:6.2.2]
	at org.springframework.context.support.AbstractApplicationContext.finishBeanFactoryInitialization(AbstractApplicationContext.java:987) ~[spring-context-6.2.2.jar!/:6.2.2]
	at org.springframework.context.support.AbstractApplicationContext.refresh(AbstractApplicationContext.java:627) ~[spring-context-6.2.2.jar!/:6.2.2]
	at org.springframework.boot.web.servlet.context.ServletWebServerApplicationContext.refresh(ServletWebServerApplicationContext.java:146) ~[spring-boot-3.4.2.jar!/:3.4.2]
	at org.springframework.boot.SpringApplication.refresh(SpringApplication.java:752) ~[spring-boot-3.4.2.jar!/:3.4.2]
	at org.springframework.boot.SpringApplication.refreshContext(SpringApplication.java:439) ~[spring-boot-3.4.2.jar!/:3.4.2]
	at org.springframework.boot.SpringApplication.run(SpringApplication.java:318) ~[spring-boot-3.4.2.jar!/:3.4.2]
	at org.springframework.boot.SpringApplication.run(SpringApplication.java:1361) ~[spring-boot-3.4.2.jar!/:3.4.2]
	at org.springframework.boot.SpringApplication.run(SpringApplication.java:1350) ~[spring-boot-3.4.2.jar!/:3.4.2]
	at com.gomin_jungdok.gdgoc.GdgocApplication.main(GdgocApplication.java:10) ~[!/:0.0.1-SNAPSHOT]
	at java.base/jdk.internal.reflect.NativeMethodAccessorImpl.invoke0(Native Method) ~[na:na]
	at java.base/jdk.internal.reflect.NativeMethodAccessorImpl.invoke(NativeMethodAccessorImpl.java:77) ~[na:na]
	at java.base/jdk.internal.reflect.DelegatingMethodAccessorImpl.invoke(DelegatingMethodAccessorImpl.java:43) ~[na:na]
	at java.base/java.lang.reflect.Method.invoke(Method.java:569) ~[na:na]
	at org.springframework.boot.loader.launch.Launcher.launch(Launcher.java:102) ~[gdgoc-0.0.1-SNAPSHOT.jar:0.0.1-SNAPSHOT]
	at org.springframework.boot.loader.launch.Launcher.launch(Launcher.java:64) ~[gdgoc-0.0.1-SNAPSHOT.jar:0.0.1-SNAPSHOT]
	at org.springframework.boot.loader.launch.JarLauncher.main(JarLauncher.java:40) ~[gdgoc-0.0.1-SNAPSHOT.jar:0.0.1-SNAPSHOT]

2025-03-27T03:32:34.542Z DEBUG 845597 --- [gdgoc] [           main] cResourceLocalTransactionCoordinatorImpl : JDBC transaction marked for rollback-only (exception provided for stack trace)

java.lang.Exception: exception just for purpose of providing stack trace
	at org.hibernate.resource.transaction.backend.jdbc.internal.JdbcResourceLocalTransactionCoordinatorImpl$TransactionDriverControlImpl.markRollbackOnly(JdbcResourceLocalTransactionCoordinatorImpl.java:309) ~[hibernate-core-6.6.5.Final.jar!/:6.6.5.Final]
	at org.hibernate.internal.AbstractSharedSessionContract.buildNamedQuery(AbstractSharedSessionContract.java:1141) ~[hibernate-core-6.6.5.Final.jar!/:6.6.5.Final]
	at org.hibernate.internal.AbstractSharedSessionContract.createNamedQuery(AbstractSharedSessionContract.java:1019) ~[hibernate-core-6.6.5.Final.jar!/:6.6.5.Final]
	at org.hibernate.internal.AbstractSharedSessionContract.createNamedQuery(AbstractSharedSessionContract.java:143) ~[hibernate-core-6.6.5.Final.jar!/:6.6.5.Final]
	at java.base/jdk.internal.reflect.NativeMethodAccessorImpl.invoke0(Native Method) ~[na:na]
	at java.base/jdk.internal.reflect.NativeMethodAccessorImpl.invoke(NativeMethodAccessorImpl.java:77) ~[na:na]
	at java.base/jdk.internal.reflect.DelegatingMethodAccessorImpl.invoke(DelegatingMethodAccessorImpl.java:43) ~[na:na]
	at java.base/java.lang.reflect.Method.invoke(Method.java:569) ~[na:na]
	at org.springframework.orm.jpa.ExtendedEntityManagerCreator$ExtendedEntityManagerInvocationHandler.invoke(ExtendedEntityManagerCreator.java:364) ~[spring-orm-6.2.2.jar!/:6.2.2]
	at jdk.proxy2/jdk.proxy2.$Proxy134.createNamedQuery(Unknown Source) ~[na:na]
	at org.springframework.data.jpa.repository.query.NamedQuery.hasNamedQuery(NamedQuery.java:114) ~[spring-data-jpa-3.4.2.jar!/:3.4.2]
	at org.springframework.data.jpa.repository.query.NamedQuery.lookupFrom(NamedQuery.java:140) ~[spring-data-jpa-3.4.2.jar!/:3.4.2]
	at org.springframework.data.jpa.repository.query.JpaQueryLookupStrategy$DeclaredQueryLookupStrategy.resolveQuery(JpaQueryLookupStrategy.java:184) ~[spring-data-jpa-3.4.2.jar!/:3.4.2]
	at org.springframework.data.jpa.repository.query.JpaQueryLookupStrategy$CreateIfNotFoundQueryLookupStrategy.resolveQuery(JpaQueryLookupStrategy.java:256) ~[spring-data-jpa-3.4.2.jar!/:3.4.2]
	at org.springframework.data.jpa.repository.query.JpaQueryLookupStrategy$AbstractQueryLookupStrategy.resolveQuery(JpaQueryLookupStrategy.java:99) ~[spring-data-jpa-3.4.2.jar!/:3.4.2]
	at org.springframework.data.repository.core.support.QueryExecutorMethodInterceptor.lookupQuery(QueryExecutorMethodInterceptor.java:116) ~[spring-data-commons-3.4.2.jar!/:3.4.2]
	at org.springframework.data.repository.core.support.QueryExecutorMethodInterceptor.mapMethodsToQuery(QueryExecutorMethodInterceptor.java:104) ~[spring-data-commons-3.4.2.jar!/:3.4.2]
	at org.springframework.data.repository.core.support.QueryExecutorMethodInterceptor.lambda$new$0(QueryExecutorMethodInterceptor.java:92) ~[spring-data-commons-3.4.2.jar!/:3.4.2]
	at java.base/java.util.Optional.map(Optional.java:260) ~[na:na]
	at org.springframework.data.repository.core.support.QueryExecutorMethodInterceptor.<init>(QueryExecutorMethodInterceptor.java:92) ~[spring-data-commons-3.4.2.jar!/:3.4.2]
	at org.springframework.data.repository.core.support.RepositoryFactorySupport.getRepository(RepositoryFactorySupport.java:440) ~[spring-data-commons-3.4.2.jar!/:3.4.2]
	at org.springframework.data.repository.core.support.RepositoryFactoryBeanSupport.lambda$afterPropertiesSet$4(RepositoryFactoryBeanSupport.java:350) ~[spring-data-commons-3.4.2.jar!/:3.4.2]
	at org.springframework.data.util.Lazy.getNullable(Lazy.java:135) ~[spring-data-commons-3.4.2.jar!/:3.4.2]
	at org.springframework.data.util.Lazy.get(Lazy.java:113) ~[spring-data-commons-3.4.2.jar!/:3.4.2]
	at org.springframework.data.repository.core.support.RepositoryFactoryBeanSupport.afterPropertiesSet(RepositoryFactoryBeanSupport.java:356) ~[spring-data-commons-3.4.2.jar!/:3.4.2]
	at org.springframework.data.jpa.repository.support.JpaRepositoryFactoryBean.afterPropertiesSet(JpaRepositoryFactoryBean.java:132) ~[spring-data-jpa-3.4.2.jar!/:3.4.2]
	at org.springframework.beans.factory.support.AbstractAutowireCapableBeanFactory.invokeInitMethods(AbstractAutowireCapableBeanFactory.java:1859) ~[spring-beans-6.2.2.jar!/:6.2.2]
	at org.springframework.beans.factory.support.AbstractAutowireCapableBeanFactory.initializeBean(AbstractAutowireCapableBeanFactory.java:1808) ~[spring-beans-6.2.2.jar!/:6.2.2]
	at org.springframework.beans.factory.support.AbstractAutowireCapableBeanFactory.doCreateBean(AbstractAutowireCapableBeanFactory.java:601) ~[spring-beans-6.2.2.jar!/:6.2.2]
	at org.springframework.beans.factory.support.AbstractAutowireCapableBeanFactory.createBean(AbstractAutowireCapableBeanFactory.java:523) ~[spring-beans-6.2.2.jar!/:6.2.2]
	at org.springframework.beans.factory.support.AbstractBeanFactory.lambda$doGetBean$0(AbstractBeanFactory.java:336) ~[spring-beans-6.2.2.jar!/:6.2.2]
	at org.springframework.beans.factory.support.DefaultSingletonBeanRegistry.getSingleton(DefaultSingletonBeanRegistry.java:307) ~[spring-beans-6.2.2.jar!/:6.2.2]
	at org.springframework.beans.factory.support.AbstractBeanFactory.doGetBean(AbstractBeanFactory.java:334) ~[spring-beans-6.2.2.jar!/:6.2.2]
	at org.springframework.beans.factory.support.AbstractBeanFactory.getBean(AbstractBeanFactory.java:199) ~[spring-beans-6.2.2.jar!/:6.2.2]
	at org.springframework.beans.factory.support.DefaultListableBeanFactory.doResolveDependency(DefaultListableBeanFactory.java:1573) ~[spring-beans-6.2.2.jar!/:6.2.2]
	at org.springframework.beans.factory.support.DefaultListableBeanFactory.resolveDependency(DefaultListableBeanFactory.java:1519) ~[spring-beans-6.2.2.jar!/:6.2.2]
	at org.springframework.beans.factory.support.ConstructorResolver.resolveAutowiredArgument(ConstructorResolver.java:913) ~[spring-beans-6.2.2.jar!/:6.2.2]
	at org.springframework.beans.factory.support.ConstructorResolver.createArgumentArray(ConstructorResolver.java:791) ~[spring-beans-6.2.2.jar!/:6.2.2]
	at org.springframework.beans.factory.support.ConstructorResolver.autowireConstructor(ConstructorResolver.java:240) ~[spring-beans-6.2.2.jar!/:6.2.2]
	at org.springframework.beans.factory.support.AbstractAutowireCapableBeanFactory.autowireConstructor(AbstractAutowireCapableBeanFactory.java:1381) ~[spring-beans-6.2.2.jar!/:6.2.2]
	at org.springframework.beans.factory.support.AbstractAutowireCapableBeanFactory.createBeanInstance(AbstractAutowireCapableBeanFactory.java:1218) ~[spring-beans-6.2.2.jar!/:6.2.2]
	at org.springframework.beans.factory.support.AbstractAutowireCapableBeanFactory.doCreateBean(AbstractAutowireCapableBeanFactory.java:563) ~[spring-beans-6.2.2.jar!/:6.2.2]
	at org.springframework.beans.factory.support.AbstractAutowireCapableBeanFactory.createBean(AbstractAutowireCapableBeanFactory.java:523) ~[spring-beans-6.2.2.jar!/:6.2.2]
	at org.springframework.beans.factory.support.AbstractBeanFactory.lambda$doGetBean$0(AbstractBeanFactory.java:336) ~[spring-beans-6.2.2.jar!/:6.2.2]
	at org.springframework.beans.factory.support.DefaultSingletonBeanRegistry.getSingleton(DefaultSingletonBeanRegistry.java:307) ~[spring-beans-6.2.2.jar!/:6.2.2]
	at org.springframework.beans.factory.support.AbstractBeanFactory.doGetBean(AbstractBeanFactory.java:334) ~[spring-beans-6.2.2.jar!/:6.2.2]
	at org.springframework.beans.factory.support.AbstractBeanFactory.getBean(AbstractBeanFactory.java:199) ~[spring-beans-6.2.2.jar!/:6.2.2]
	at org.springframework.beans.factory.support.DefaultListableBeanFactory.doResolveDependency(DefaultListableBeanFactory.java:1573) ~[spring-beans-6.2.2.jar!/:6.2.2]
	at org.springframework.beans.factory.support.DefaultListableBeanFactory.resolveDependency(DefaultListableBeanFactory.java:1519) ~[spring-beans-6.2.2.jar!/:6.2.2]
	at org.springframework.beans.factory.support.ConstructorResolver.resolveAutowiredArgument(ConstructorResolver.java:913) ~[spring-beans-6.2.2.jar!/:6.2.2]
	at org.springframework.beans.factory.support.ConstructorResolver.createArgumentArray(ConstructorResolver.java:791) ~[spring-beans-6.2.2.jar!/:6.2.2]
	at org.springframework.beans.factory.support.ConstructorResolver.autowireConstructor(ConstructorResolver.java:240) ~[spring-beans-6.2.2.jar!/:6.2.2]
	at org.springframework.beans.factory.support.AbstractAutowireCapableBeanFactory.autowireConstructor(AbstractAutowireCapableBeanFactory.java:1381) ~[spring-beans-6.2.2.jar!/:6.2.2]
	at org.springframework.beans.factory.support.AbstractAutowireCapableBeanFactory.createBeanInstance(AbstractAutowireCapableBeanFactory.java:1218) ~[spring-beans-6.2.2.jar!/:6.2.2]
	at org.springframework.beans.factory.support.AbstractAutowireCapableBeanFactory.doCreateBean(AbstractAutowireCapableBeanFactory.java:563) ~[spring-beans-6.2.2.jar!/:6.2.2]
	at org.springframework.beans.factory.support.AbstractAutowireCapableBeanFactory.createBean(AbstractAutowireCapableBeanFactory.java:523) ~[spring-beans-6.2.2.jar!/:6.2.2]
	at org.springframework.beans.factory.support.AbstractBeanFactory.lambda$doGetBean$0(AbstractBeanFactory.java:336) ~[spring-beans-6.2.2.jar!/:6.2.2]
	at org.springframework.beans.factory.support.DefaultSingletonBeanRegistry.getSingleton(DefaultSingletonBeanRegistry.java:307) ~[spring-beans-6.2.2.jar!/:6.2.2]
	at org.springframework.beans.factory.support.AbstractBeanFactory.doGetBean(AbstractBeanFactory.java:334) ~[spring-beans-6.2.2.jar!/:6.2.2]
	at org.springframework.beans.factory.support.AbstractBeanFactory.getBean(AbstractBeanFactory.java:199) ~[spring-beans-6.2.2.jar!/:6.2.2]
	at org.springframework.beans.factory.support.DefaultListableBeanFactory.instantiateSingleton(DefaultListableBeanFactory.java:1122) ~[spring-beans-6.2.2.jar!/:6.2.2]
	at org.springframework.beans.factory.support.DefaultListableBeanFactory.preInstantiateSingleton(DefaultListableBeanFactory.java:1093) ~[spring-beans-6.2.2.jar!/:6.2.2]
	at org.springframework.beans.factory.support.DefaultListableBeanFactory.preInstantiateSingletons(DefaultListableBeanFactory.java:1030) ~[spring-beans-6.2.2.jar!/:6.2.2]
	at org.springframework.context.support.AbstractApplicationContext.finishBeanFactoryInitialization(AbstractApplicationContext.java:987) ~[spring-context-6.2.2.jar!/:6.2.2]
	at org.springframework.context.support.AbstractApplicationContext.refresh(AbstractApplicationContext.java:627) ~[spring-context-6.2.2.jar!/:6.2.2]
	at org.springframework.boot.web.servlet.context.ServletWebServerApplicationContext.refresh(ServletWebServerApplicationContext.java:146) ~[spring-boot-3.4.2.jar!/:3.4.2]
	at org.springframework.boot.SpringApplication.refresh(SpringApplication.java:752) ~[spring-boot-3.4.2.jar!/:3.4.2]
	at org.springframework.boot.SpringApplication.refreshContext(SpringApplication.java:439) ~[spring-boot-3.4.2.jar!/:3.4.2]
	at org.springframework.boot.SpringApplication.run(SpringApplication.java:318) ~[spring-boot-3.4.2.jar!/:3.4.2]
	at org.springframework.boot.SpringApplication.run(SpringApplication.java:1361) ~[spring-boot-3.4.2.jar!/:3.4.2]
	at org.springframework.boot.SpringApplication.run(SpringApplication.java:1350) ~[spring-boot-3.4.2.jar!/:3.4.2]
	at com.gomin_jungdok.gdgoc.GdgocApplication.main(GdgocApplication.java:10) ~[!/:0.0.1-SNAPSHOT]
	at java.base/jdk.internal.reflect.NativeMethodAccessorImpl.invoke0(Native Method) ~[na:na]
	at java.base/jdk.internal.reflect.NativeMethodAccessorImpl.invoke(NativeMethodAccessorImpl.java:77) ~[na:na]
	at java.base/jdk.internal.reflect.DelegatingMethodAccessorImpl.invoke(DelegatingMethodAccessorImpl.java:43) ~[na:na]
	at java.base/java.lang.reflect.Method.invoke(Method.java:569) ~[na:na]
	at org.springframework.boot.loader.launch.Launcher.launch(Launcher.java:102) ~[gdgoc-0.0.1-SNAPSHOT.jar:0.0.1-SNAPSHOT]
	at org.springframework.boot.loader.launch.Launcher.launch(Launcher.java:64) ~[gdgoc-0.0.1-SNAPSHOT.jar:0.0.1-SNAPSHOT]
	at org.springframework.boot.loader.launch.JarLauncher.main(JarLauncher.java:40) ~[gdgoc-0.0.1-SNAPSHOT.jar:0.0.1-SNAPSHOT]

2025-03-27T03:32:34.555Z DEBUG 845597 --- [gdgoc] [           main] cResourceLocalTransactionCoordinatorImpl : JDBC transaction marked for rollback-only (exception provided for stack trace)

java.lang.Exception: exception just for purpose of providing stack trace
	at org.hibernate.resource.transaction.backend.jdbc.internal.JdbcResourceLocalTransactionCoordinatorImpl$TransactionDriverControlImpl.markRollbackOnly(JdbcResourceLocalTransactionCoordinatorImpl.java:309) ~[hibernate-core-6.6.5.Final.jar!/:6.6.5.Final]
	at org.hibernate.internal.AbstractSharedSessionContract.buildNamedQuery(AbstractSharedSessionContract.java:1141) ~[hibernate-core-6.6.5.Final.jar!/:6.6.5.Final]
	at org.hibernate.internal.AbstractSharedSessionContract.createNamedQuery(AbstractSharedSessionContract.java:1019) ~[hibernate-core-6.6.5.Final.jar!/:6.6.5.Final]
	at org.hibernate.internal.AbstractSharedSessionContract.createNamedQuery(AbstractSharedSessionContract.java:143) ~[hibernate-core-6.6.5.Final.jar!/:6.6.5.Final]
	at java.base/jdk.internal.reflect.NativeMethodAccessorImpl.invoke0(Native Method) ~[na:na]
	at java.base/jdk.internal.reflect.NativeMethodAccessorImpl.invoke(NativeMethodAccessorImpl.java:77) ~[na:na]
	at java.base/jdk.internal.reflect.DelegatingMethodAccessorImpl.invoke(DelegatingMethodAccessorImpl.java:43) ~[na:na]
	at java.base/java.lang.reflect.Method.invoke(Method.java:569) ~[na:na]
	at org.springframework.orm.jpa.ExtendedEntityManagerCreator$ExtendedEntityManagerInvocationHandler.invoke(ExtendedEntityManagerCreator.java:364) ~[spring-orm-6.2.2.jar!/:6.2.2]
	at jdk.proxy2/jdk.proxy2.$Proxy134.createNamedQuery(Unknown Source) ~[na:na]
	at org.springframework.data.jpa.repository.query.NamedQuery.hasNamedQuery(NamedQuery.java:114) ~[spring-data-jpa-3.4.2.jar!/:3.4.2]
	at org.springframework.data.jpa.repository.query.JpaQueryLookupStrategy$DeclaredQueryLookupStrategy.getCountQuery(JpaQueryLookupStrategy.java:208) ~[spring-data-jpa-3.4.2.jar!/:3.4.2]
	at org.springframework.data.jpa.repository.query.JpaQueryLookupStrategy$DeclaredQueryLookupStrategy.resolveQuery(JpaQueryLookupStrategy.java:175) ~[spring-data-jpa-3.4.2.jar!/:3.4.2]
	at org.springframework.data.jpa.repository.query.JpaQueryLookupStrategy$CreateIfNotFoundQueryLookupStrategy.resolveQuery(JpaQueryLookupStrategy.java:256) ~[spring-data-jpa-3.4.2.jar!/:3.4.2]
	at org.springframework.data.jpa.repository.query.JpaQueryLookupStrategy$AbstractQueryLookupStrategy.resolveQuery(JpaQueryLookupStrategy.java:99) ~[spring-data-jpa-3.4.2.jar!/:3.4.2]
	at org.springframework.data.repository.core.support.QueryExecutorMethodInterceptor.lookupQuery(QueryExecutorMethodInterceptor.java:116) ~[spring-data-commons-3.4.2.jar!/:3.4.2]
	at org.springframework.data.repository.core.support.QueryExecutorMethodInterceptor.mapMethodsToQuery(QueryExecutorMethodInterceptor.java:104) ~[spring-data-commons-3.4.2.jar!/:3.4.2]
	at org.springframework.data.repository.core.support.QueryExecutorMethodInterceptor.lambda$new$0(QueryExecutorMethodInterceptor.java:92) ~[spring-data-commons-3.4.2.jar!/:3.4.2]
	at java.base/java.util.Optional.map(Optional.java:260) ~[na:na]
	at org.springframework.data.repository.core.support.QueryExecutorMethodInterceptor.<init>(QueryExecutorMethodInterceptor.java:92) ~[spring-data-commons-3.4.2.jar!/:3.4.2]
	at org.springframework.data.repository.core.support.RepositoryFactorySupport.getRepository(RepositoryFactorySupport.java:440) ~[spring-data-commons-3.4.2.jar!/:3.4.2]
	at org.springframework.data.repository.core.support.RepositoryFactoryBeanSupport.lambda$afterPropertiesSet$4(RepositoryFactoryBeanSupport.java:350) ~[spring-data-commons-3.4.2.jar!/:3.4.2]
	at org.springframework.data.util.Lazy.getNullable(Lazy.java:135) ~[spring-data-commons-3.4.2.jar!/:3.4.2]
	at org.springframework.data.util.Lazy.get(Lazy.java:113) ~[spring-data-commons-3.4.2.jar!/:3.4.2]
	at org.springframework.data.repository.core.support.RepositoryFactoryBeanSupport.afterPropertiesSet(RepositoryFactoryBeanSupport.java:356) ~[spring-data-commons-3.4.2.jar!/:3.4.2]
	at org.springframework.data.jpa.repository.support.JpaRepositoryFactoryBean.afterPropertiesSet(JpaRepositoryFactoryBean.java:132) ~[spring-data-jpa-3.4.2.jar!/:3.4.2]
	at org.springframework.beans.factory.support.AbstractAutowireCapableBeanFactory.invokeInitMethods(AbstractAutowireCapableBeanFactory.java:1859) ~[spring-beans-6.2.2.jar!/:6.2.2]
	at org.springframework.beans.factory.support.AbstractAutowireCapableBeanFactory.initializeBean(AbstractAutowireCapableBeanFactory.java:1808) ~[spring-beans-6.2.2.jar!/:6.2.2]
	at org.springframework.beans.factory.support.AbstractAutowireCapableBeanFactory.doCreateBean(AbstractAutowireCapableBeanFactory.java:601) ~[spring-beans-6.2.2.jar!/:6.2.2]
	at org.springframework.beans.factory.support.AbstractAutowireCapableBeanFactory.createBean(AbstractAutowireCapableBeanFactory.java:523) ~[spring-beans-6.2.2.jar!/:6.2.2]
	at org.springframework.beans.factory.support.AbstractBeanFactory.lambda$doGetBean$0(AbstractBeanFactory.java:336) ~[spring-beans-6.2.2.jar!/:6.2.2]
	at org.springframework.beans.factory.support.DefaultSingletonBeanRegistry.getSingleton(DefaultSingletonBeanRegistry.java:307) ~[spring-beans-6.2.2.jar!/:6.2.2]
	at org.springframework.beans.factory.support.AbstractBeanFactory.doGetBean(AbstractBeanFactory.java:334) ~[spring-beans-6.2.2.jar!/:6.2.2]
	at org.springframework.beans.factory.support.AbstractBeanFactory.getBean(AbstractBeanFactory.java:199) ~[spring-beans-6.2.2.jar!/:6.2.2]
	at org.springframework.beans.factory.support.DefaultListableBeanFactory.doResolveDependency(DefaultListableBeanFactory.java:1573) ~[spring-beans-6.2.2.jar!/:6.2.2]
	at org.springframework.beans.factory.support.DefaultListableBeanFactory.resolveDependency(DefaultListableBeanFactory.java:1519) ~[spring-beans-6.2.2.jar!/:6.2.2]
	at org.springframework.beans.factory.support.ConstructorResolver.resolveAutowiredArgument(ConstructorResolver.java:913) ~[spring-beans-6.2.2.jar!/:6.2.2]
	at org.springframework.beans.factory.support.ConstructorResolver.createArgumentArray(ConstructorResolver.java:791) ~[spring-beans-6.2.2.jar!/:6.2.2]
	at org.springframework.beans.factory.support.ConstructorResolver.autowireConstructor(ConstructorResolver.java:240) ~[spring-beans-6.2.2.jar!/:6.2.2]
	at org.springframework.beans.factory.support.AbstractAutowireCapableBeanFactory.autowireConstructor(AbstractAutowireCapableBeanFactory.java:1381) ~[spring-beans-6.2.2.jar!/:6.2.2]
	at org.springframework.beans.factory.support.AbstractAutowireCapableBeanFactory.createBeanInstance(AbstractAutowireCapableBeanFactory.java:1218) ~[spring-beans-6.2.2.jar!/:6.2.2]
	at org.springframework.beans.factory.support.AbstractAutowireCapableBeanFactory.doCreateBean(AbstractAutowireCapableBeanFactory.java:563) ~[spring-beans-6.2.2.jar!/:6.2.2]
	at org.springframework.beans.factory.support.AbstractAutowireCapableBeanFactory.createBean(AbstractAutowireCapableBeanFactory.java:523) ~[spring-beans-6.2.2.jar!/:6.2.2]
	at org.springframework.beans.factory.support.AbstractBeanFactory.lambda$doGetBean$0(AbstractBeanFactory.java:336) ~[spring-beans-6.2.2.jar!/:6.2.2]
	at org.springframework.beans.factory.support.DefaultSingletonBeanRegistry.getSingleton(DefaultSingletonBeanRegistry.java:307) ~[spring-beans-6.2.2.jar!/:6.2.2]
	at org.springframework.beans.factory.support.AbstractBeanFactory.doGetBean(AbstractBeanFactory.java:334) ~[spring-beans-6.2.2.jar!/:6.2.2]
	at org.springframework.beans.factory.support.AbstractBeanFactory.getBean(AbstractBeanFactory.java:199) ~[spring-beans-6.2.2.jar!/:6.2.2]
	at org.springframework.beans.factory.support.DefaultListableBeanFactory.doResolveDependency(DefaultListableBeanFactory.java:1573) ~[spring-beans-6.2.2.jar!/:6.2.2]
	at org.springframework.beans.factory.support.DefaultListableBeanFactory.resolveDependency(DefaultListableBeanFactory.java:1519) ~[spring-beans-6.2.2.jar!/:6.2.2]
	at org.springframework.beans.factory.support.ConstructorResolver.resolveAutowiredArgument(ConstructorResolver.java:913) ~[spring-beans-6.2.2.jar!/:6.2.2]
	at org.springframework.beans.factory.support.ConstructorResolver.createArgumentArray(ConstructorResolver.java:791) ~[spring-beans-6.2.2.jar!/:6.2.2]
	at org.springframework.beans.factory.support.ConstructorResolver.autowireConstructor(ConstructorResolver.java:240) ~[spring-beans-6.2.2.jar!/:6.2.2]
	at org.springframework.beans.factory.support.AbstractAutowireCapableBeanFactory.autowireConstructor(AbstractAutowireCapableBeanFactory.java:1381) ~[spring-beans-6.2.2.jar!/:6.2.2]
	at org.springframework.beans.factory.support.AbstractAutowireCapableBeanFactory.createBeanInstance(AbstractAutowireCapableBeanFactory.java:1218) ~[spring-beans-6.2.2.jar!/:6.2.2]
	at org.springframework.beans.factory.support.AbstractAutowireCapableBeanFactory.doCreateBean(AbstractAutowireCapableBeanFactory.java:563) ~[spring-beans-6.2.2.jar!/:6.2.2]
	at org.springframework.beans.factory.support.AbstractAutowireCapableBeanFactory.createBean(AbstractAutowireCapableBeanFactory.java:523) ~[spring-beans-6.2.2.jar!/:6.2.2]
	at org.springframework.beans.factory.support.AbstractBeanFactory.lambda$doGetBean$0(AbstractBeanFactory.java:336) ~[spring-beans-6.2.2.jar!/:6.2.2]
	at org.springframework.beans.factory.support.DefaultSingletonBeanRegistry.getSingleton(DefaultSingletonBeanRegistry.java:307) ~[spring-beans-6.2.2.jar!/:6.2.2]
	at org.springframework.beans.factory.support.AbstractBeanFactory.doGetBean(AbstractBeanFactory.java:334) ~[spring-beans-6.2.2.jar!/:6.2.2]
	at org.springframework.beans.factory.support.AbstractBeanFactory.getBean(AbstractBeanFactory.java:199) ~[spring-beans-6.2.2.jar!/:6.2.2]
	at org.springframework.beans.factory.support.DefaultListableBeanFactory.instantiateSingleton(DefaultListableBeanFactory.java:1122) ~[spring-beans-6.2.2.jar!/:6.2.2]
	at org.springframework.beans.factory.support.DefaultListableBeanFactory.preInstantiateSingleton(DefaultListableBeanFactory.java:1093) ~[spring-beans-6.2.2.jar!/:6.2.2]
	at org.springframework.beans.factory.support.DefaultListableBeanFactory.preInstantiateSingletons(DefaultListableBeanFactory.java:1030) ~[spring-beans-6.2.2.jar!/:6.2.2]
	at org.springframework.context.support.AbstractApplicationContext.finishBeanFactoryInitialization(AbstractApplicationContext.java:987) ~[spring-context-6.2.2.jar!/:6.2.2]
	at org.springframework.context.support.AbstractApplicationContext.refresh(AbstractApplicationContext.java:627) ~[spring-context-6.2.2.jar!/:6.2.2]
	at org.springframework.boot.web.servlet.context.ServletWebServerApplicationContext.refresh(ServletWebServerApplicationContext.java:146) ~[spring-boot-3.4.2.jar!/:3.4.2]
	at org.springframework.boot.SpringApplication.refresh(SpringApplication.java:752) ~[spring-boot-3.4.2.jar!/:3.4.2]
	at org.springframework.boot.SpringApplication.refreshContext(SpringApplication.java:439) ~[spring-boot-3.4.2.jar!/:3.4.2]
	at org.springframework.boot.SpringApplication.run(SpringApplication.java:318) ~[spring-boot-3.4.2.jar!/:3.4.2]
	at org.springframework.boot.SpringApplication.run(SpringApplication.java:1361) ~[spring-boot-3.4.2.jar!/:3.4.2]
	at org.springframework.boot.SpringApplication.run(SpringApplication.java:1350) ~[spring-boot-3.4.2.jar!/:3.4.2]
	at com.gomin_jungdok.gdgoc.GdgocApplication.main(GdgocApplication.java:10) ~[!/:0.0.1-SNAPSHOT]
	at java.base/jdk.internal.reflect.NativeMethodAccessorImpl.invoke0(Native Method) ~[na:na]
	at java.base/jdk.internal.reflect.NativeMethodAccessorImpl.invoke(NativeMethodAccessorImpl.java:77) ~[na:na]
	at java.base/jdk.internal.reflect.DelegatingMethodAccessorImpl.invoke(DelegatingMethodAccessorImpl.java:43) ~[na:na]
	at java.base/java.lang.reflect.Method.invoke(Method.java:569) ~[na:na]
	at org.springframework.boot.loader.launch.Launcher.launch(Launcher.java:102) ~[gdgoc-0.0.1-SNAPSHOT.jar:0.0.1-SNAPSHOT]
	at org.springframework.boot.loader.launch.Launcher.launch(Launcher.java:64) ~[gdgoc-0.0.1-SNAPSHOT.jar:0.0.1-SNAPSHOT]
	at org.springframework.boot.loader.launch.JarLauncher.main(JarLauncher.java:40) ~[gdgoc-0.0.1-SNAPSHOT.jar:0.0.1-SNAPSHOT]

2025-03-27T03:32:34.569Z DEBUG 845597 --- [gdgoc] [           main] org.hibernate.orm.query.hql              : HQL : SELECT v.post.id, COUNT(v.id) AS voteCount FROM Vote v WHERE v.createdAt BETWEEN :startOfDay AND :endOfDay GROUP BY v.post.id ORDER BY voteCount DESC LIMIT 3
2025-03-27T03:32:34.579Z DEBUG 845597 --- [gdgoc] [           main] o.h.o.q.hql.reservedWordAsIdentifier     : Encountered use of reserved word as identifier : ,
2025-03-27T03:32:34.580Z DEBUG 845597 --- [gdgoc] [           main] o.h.o.q.hql.reservedWordAsIdentifier     : Encountered use of reserved word as identifier : (
2025-03-27T03:32:34.584Z DEBUG 845597 --- [gdgoc] [           main] o.h.o.q.hql.reservedWordAsIdentifier     : Encountered use of reserved word as identifier : )
2025-03-27T03:32:34.588Z DEBUG 845597 --- [gdgoc] [           main] o.h.o.q.hql.reservedWordAsIdentifier     : Encountered use of reserved word as identifier : ORDER
2025-03-27T03:32:34.592Z DEBUG 845597 --- [gdgoc] [           main] org.hibernate.orm.query.sqm.creation     : Applying inferable type to SqmExpression [SqmNamedParameter(startOfDay)] : null -> SqmBasicValuedSimplePath(com.gomin_jungdok.gdgoc.vote.Vote(v).createdAt)
2025-03-27T03:32:34.592Z DEBUG 845597 --- [gdgoc] [           main] org.hibernate.orm.query.sqm.creation     : Applying inferable type to SqmExpression [SqmNamedParameter(endOfDay)] : null -> SqmBasicValuedSimplePath(com.gomin_jungdok.gdgoc.vote.Vote(v).createdAt)
2025-03-27T03:32:34.599Z DEBUG 845597 --- [gdgoc] [           main] org.hibernate.orm.query.sqm.ast          : SqmStatement Tree :
    -> [select]
      -> [query-spec]
        -> [select]
          -> [selection]
            -> [basic-path] - `com.gomin_jungdok.gdgoc.vote.Vote(v).post.id`
          <- [selection]
          -> [selection(voteCount)]
          <- [selection(voteCount)]
        <- [select]
        -> [from]
          -> [root] - `com.gomin_jungdok.gdgoc.vote.Vote(v)`
          <- [root] - `com.gomin_jungdok.gdgoc.vote.Vote(v)`
        <- [from]
        -> [where]
          -> [is-between]
            -> [basic-path] - `com.gomin_jungdok.gdgoc.vote.Vote(v).createdAt`
            :startOfDay
            :endOfDay
          <- [is-between]
        <- [where]
        -> [group-by]
          -> [basic-path] - `com.gomin_jungdok.gdgoc.vote.Vote(v).post.id`
        <- [group-by]
      <- [query-spec]
    <- [select]

2025-03-27T03:32:34.601Z DEBUG 845597 --- [gdgoc] [           main] cResourceLocalTransactionCoordinatorImpl : JDBC transaction marked for rollback-only (exception provided for stack trace)

java.lang.Exception: exception just for purpose of providing stack trace
	at org.hibernate.resource.transaction.backend.jdbc.internal.JdbcResourceLocalTransactionCoordinatorImpl$TransactionDriverControlImpl.markRollbackOnly(JdbcResourceLocalTransactionCoordinatorImpl.java:309) ~[hibernate-core-6.6.5.Final.jar!/:6.6.5.Final]
	at org.hibernate.internal.AbstractSharedSessionContract.buildNamedQuery(AbstractSharedSessionContract.java:1141) ~[hibernate-core-6.6.5.Final.jar!/:6.6.5.Final]
	at org.hibernate.internal.AbstractSharedSessionContract.createNamedQuery(AbstractSharedSessionContract.java:1019) ~[hibernate-core-6.6.5.Final.jar!/:6.6.5.Final]
	at org.hibernate.internal.AbstractSharedSessionContract.createNamedQuery(AbstractSharedSessionContract.java:143) ~[hibernate-core-6.6.5.Final.jar!/:6.6.5.Final]
	at java.base/jdk.internal.reflect.NativeMethodAccessorImpl.invoke0(Native Method) ~[na:na]
	at java.base/jdk.internal.reflect.NativeMethodAccessorImpl.invoke(NativeMethodAccessorImpl.java:77) ~[na:na]
	at java.base/jdk.internal.reflect.DelegatingMethodAccessorImpl.invoke(DelegatingMethodAccessorImpl.java:43) ~[na:na]
	at java.base/java.lang.reflect.Method.invoke(Method.java:569) ~[na:na]
	at org.springframework.orm.jpa.ExtendedEntityManagerCreator$ExtendedEntityManagerInvocationHandler.invoke(ExtendedEntityManagerCreator.java:364) ~[spring-orm-6.2.2.jar!/:6.2.2]
	at jdk.proxy2/jdk.proxy2.$Proxy134.createNamedQuery(Unknown Source) ~[na:na]
	at org.springframework.data.jpa.repository.query.NamedQuery.hasNamedQuery(NamedQuery.java:114) ~[spring-data-jpa-3.4.2.jar!/:3.4.2]
	at org.springframework.data.jpa.repository.query.JpaQueryLookupStrategy$DeclaredQueryLookupStrategy.getCountQuery(JpaQueryLookupStrategy.java:208) ~[spring-data-jpa-3.4.2.jar!/:3.4.2]
	at org.springframework.data.jpa.repository.query.JpaQueryLookupStrategy$DeclaredQueryLookupStrategy.resolveQuery(JpaQueryLookupStrategy.java:175) ~[spring-data-jpa-3.4.2.jar!/:3.4.2]
	at org.springframework.data.jpa.repository.query.JpaQueryLookupStrategy$CreateIfNotFoundQueryLookupStrategy.resolveQuery(JpaQueryLookupStrategy.java:256) ~[spring-data-jpa-3.4.2.jar!/:3.4.2]
	at org.springframework.data.jpa.repository.query.JpaQueryLookupStrategy$AbstractQueryLookupStrategy.resolveQuery(JpaQueryLookupStrategy.java:99) ~[spring-data-jpa-3.4.2.jar!/:3.4.2]
	at org.springframework.data.repository.core.support.QueryExecutorMethodInterceptor.lookupQuery(QueryExecutorMethodInterceptor.java:116) ~[spring-data-commons-3.4.2.jar!/:3.4.2]
	at org.springframework.data.repository.core.support.QueryExecutorMethodInterceptor.mapMethodsToQuery(QueryExecutorMethodInterceptor.java:104) ~[spring-data-commons-3.4.2.jar!/:3.4.2]
	at org.springframework.data.repository.core.support.QueryExecutorMethodInterceptor.lambda$new$0(QueryExecutorMethodInterceptor.java:92) ~[spring-data-commons-3.4.2.jar!/:3.4.2]
	at java.base/java.util.Optional.map(Optional.java:260) ~[na:na]
	at org.springframework.data.repository.core.support.QueryExecutorMethodInterceptor.<init>(QueryExecutorMethodInterceptor.java:92) ~[spring-data-commons-3.4.2.jar!/:3.4.2]
	at org.springframework.data.repository.core.support.RepositoryFactorySupport.getRepository(RepositoryFactorySupport.java:440) ~[spring-data-commons-3.4.2.jar!/:3.4.2]
	at org.springframework.data.repository.core.support.RepositoryFactoryBeanSupport.lambda$afterPropertiesSet$4(RepositoryFactoryBeanSupport.java:350) ~[spring-data-commons-3.4.2.jar!/:3.4.2]
	at org.springframework.data.util.Lazy.getNullable(Lazy.java:135) ~[spring-data-commons-3.4.2.jar!/:3.4.2]
	at org.springframework.data.util.Lazy.get(Lazy.java:113) ~[spring-data-commons-3.4.2.jar!/:3.4.2]
	at org.springframework.data.repository.core.support.RepositoryFactoryBeanSupport.afterPropertiesSet(RepositoryFactoryBeanSupport.java:356) ~[spring-data-commons-3.4.2.jar!/:3.4.2]
	at org.springframework.data.jpa.repository.support.JpaRepositoryFactoryBean.afterPropertiesSet(JpaRepositoryFactoryBean.java:132) ~[spring-data-jpa-3.4.2.jar!/:3.4.2]
	at org.springframework.beans.factory.support.AbstractAutowireCapableBeanFactory.invokeInitMethods(AbstractAutowireCapableBeanFactory.java:1859) ~[spring-beans-6.2.2.jar!/:6.2.2]
	at org.springframework.beans.factory.support.AbstractAutowireCapableBeanFactory.initializeBean(AbstractAutowireCapableBeanFactory.java:1808) ~[spring-beans-6.2.2.jar!/:6.2.2]
	at org.springframework.beans.factory.support.AbstractAutowireCapableBeanFactory.doCreateBean(AbstractAutowireCapableBeanFactory.java:601) ~[spring-beans-6.2.2.jar!/:6.2.2]
	at org.springframework.beans.factory.support.AbstractAutowireCapableBeanFactory.createBean(AbstractAutowireCapableBeanFactory.java:523) ~[spring-beans-6.2.2.jar!/:6.2.2]
	at org.springframework.beans.factory.support.AbstractBeanFactory.lambda$doGetBean$0(AbstractBeanFactory.java:336) ~[spring-beans-6.2.2.jar!/:6.2.2]
	at org.springframework.beans.factory.support.DefaultSingletonBeanRegistry.getSingleton(DefaultSingletonBeanRegistry.java:307) ~[spring-beans-6.2.2.jar!/:6.2.2]
	at org.springframework.beans.factory.support.AbstractBeanFactory.doGetBean(AbstractBeanFactory.java:334) ~[spring-beans-6.2.2.jar!/:6.2.2]
	at org.springframework.beans.factory.support.AbstractBeanFactory.getBean(AbstractBeanFactory.java:199) ~[spring-beans-6.2.2.jar!/:6.2.2]
	at org.springframework.beans.factory.support.DefaultListableBeanFactory.doResolveDependency(DefaultListableBeanFactory.java:1573) ~[spring-beans-6.2.2.jar!/:6.2.2]
	at org.springframework.beans.factory.support.DefaultListableBeanFactory.resolveDependency(DefaultListableBeanFactory.java:1519) ~[spring-beans-6.2.2.jar!/:6.2.2]
	at org.springframework.beans.factory.support.ConstructorResolver.resolveAutowiredArgument(ConstructorResolver.java:913) ~[spring-beans-6.2.2.jar!/:6.2.2]
	at org.springframework.beans.factory.support.ConstructorResolver.createArgumentArray(ConstructorResolver.java:791) ~[spring-beans-6.2.2.jar!/:6.2.2]
	at org.springframework.beans.factory.support.ConstructorResolver.autowireConstructor(ConstructorResolver.java:240) ~[spring-beans-6.2.2.jar!/:6.2.2]
	at org.springframework.beans.factory.support.AbstractAutowireCapableBeanFactory.autowireConstructor(AbstractAutowireCapableBeanFactory.java:1381) ~[spring-beans-6.2.2.jar!/:6.2.2]
	at org.springframework.beans.factory.support.AbstractAutowireCapableBeanFactory.createBeanInstance(AbstractAutowireCapableBeanFactory.java:1218) ~[spring-beans-6.2.2.jar!/:6.2.2]
	at org.springframework.beans.factory.support.AbstractAutowireCapableBeanFactory.doCreateBean(AbstractAutowireCapableBeanFactory.java:563) ~[spring-beans-6.2.2.jar!/:6.2.2]
	at org.springframework.beans.factory.support.AbstractAutowireCapableBeanFactory.createBean(AbstractAutowireCapableBeanFactory.java:523) ~[spring-beans-6.2.2.jar!/:6.2.2]
	at org.springframework.beans.factory.support.AbstractBeanFactory.lambda$doGetBean$0(AbstractBeanFactory.java:336) ~[spring-beans-6.2.2.jar!/:6.2.2]
	at org.springframework.beans.factory.support.DefaultSingletonBeanRegistry.getSingleton(DefaultSingletonBeanRegistry.java:307) ~[spring-beans-6.2.2.jar!/:6.2.2]
	at org.springframework.beans.factory.support.AbstractBeanFactory.doGetBean(AbstractBeanFactory.java:334) ~[spring-beans-6.2.2.jar!/:6.2.2]
	at org.springframework.beans.factory.support.AbstractBeanFactory.getBean(AbstractBeanFactory.java:199) ~[spring-beans-6.2.2.jar!/:6.2.2]
	at org.springframework.beans.factory.support.DefaultListableBeanFactory.doResolveDependency(DefaultListableBeanFactory.java:1573) ~[spring-beans-6.2.2.jar!/:6.2.2]
	at org.springframework.beans.factory.support.DefaultListableBeanFactory.resolveDependency(DefaultListableBeanFactory.java:1519) ~[spring-beans-6.2.2.jar!/:6.2.2]
	at org.springframework.beans.factory.support.ConstructorResolver.resolveAutowiredArgument(ConstructorResolver.java:913) ~[spring-beans-6.2.2.jar!/:6.2.2]
	at org.springframework.beans.factory.support.ConstructorResolver.createArgumentArray(ConstructorResolver.java:791) ~[spring-beans-6.2.2.jar!/:6.2.2]
	at org.springframework.beans.factory.support.ConstructorResolver.autowireConstructor(ConstructorResolver.java:240) ~[spring-beans-6.2.2.jar!/:6.2.2]
	at org.springframework.beans.factory.support.AbstractAutowireCapableBeanFactory.autowireConstructor(AbstractAutowireCapableBeanFactory.java:1381) ~[spring-beans-6.2.2.jar!/:6.2.2]
	at org.springframework.beans.factory.support.AbstractAutowireCapableBeanFactory.createBeanInstance(AbstractAutowireCapableBeanFactory.java:1218) ~[spring-beans-6.2.2.jar!/:6.2.2]
	at org.springframework.beans.factory.support.AbstractAutowireCapableBeanFactory.doCreateBean(AbstractAutowireCapableBeanFactory.java:563) ~[spring-beans-6.2.2.jar!/:6.2.2]
	at org.springframework.beans.factory.support.AbstractAutowireCapableBeanFactory.createBean(AbstractAutowireCapableBeanFactory.java:523) ~[spring-beans-6.2.2.jar!/:6.2.2]
	at org.springframework.beans.factory.support.AbstractBeanFactory.lambda$doGetBean$0(AbstractBeanFactory.java:336) ~[spring-beans-6.2.2.jar!/:6.2.2]
	at org.springframework.beans.factory.support.DefaultSingletonBeanRegistry.getSingleton(DefaultSingletonBeanRegistry.java:307) ~[spring-beans-6.2.2.jar!/:6.2.2]
	at org.springframework.beans.factory.support.AbstractBeanFactory.doGetBean(AbstractBeanFactory.java:334) ~[spring-beans-6.2.2.jar!/:6.2.2]
	at org.springframework.beans.factory.support.AbstractBeanFactory.getBean(AbstractBeanFactory.java:199) ~[spring-beans-6.2.2.jar!/:6.2.2]
	at org.springframework.beans.factory.support.DefaultListableBeanFactory.instantiateSingleton(DefaultListableBeanFactory.java:1122) ~[spring-beans-6.2.2.jar!/:6.2.2]
	at org.springframework.beans.factory.support.DefaultListableBeanFactory.preInstantiateSingleton(DefaultListableBeanFactory.java:1093) ~[spring-beans-6.2.2.jar!/:6.2.2]
	at org.springframework.beans.factory.support.DefaultListableBeanFactory.preInstantiateSingletons(DefaultListableBeanFactory.java:1030) ~[spring-beans-6.2.2.jar!/:6.2.2]
	at org.springframework.context.support.AbstractApplicationContext.finishBeanFactoryInitialization(AbstractApplicationContext.java:987) ~[spring-context-6.2.2.jar!/:6.2.2]
	at org.springframework.context.support.AbstractApplicationContext.refresh(AbstractApplicationContext.java:627) ~[spring-context-6.2.2.jar!/:6.2.2]
	at org.springframework.boot.web.servlet.context.ServletWebServerApplicationContext.refresh(ServletWebServerApplicationContext.java:146) ~[spring-boot-3.4.2.jar!/:3.4.2]
	at org.springframework.boot.SpringApplication.refresh(SpringApplication.java:752) ~[spring-boot-3.4.2.jar!/:3.4.2]
	at org.springframework.boot.SpringApplication.refreshContext(SpringApplication.java:439) ~[spring-boot-3.4.2.jar!/:3.4.2]
	at org.springframework.boot.SpringApplication.run(SpringApplication.java:318) ~[spring-boot-3.4.2.jar!/:3.4.2]
	at org.springframework.boot.SpringApplication.run(SpringApplication.java:1361) ~[spring-boot-3.4.2.jar!/:3.4.2]
	at org.springframework.boot.SpringApplication.run(SpringApplication.java:1350) ~[spring-boot-3.4.2.jar!/:3.4.2]
	at com.gomin_jungdok.gdgoc.GdgocApplication.main(GdgocApplication.java:10) ~[!/:0.0.1-SNAPSHOT]
	at java.base/jdk.internal.reflect.NativeMethodAccessorImpl.invoke0(Native Method) ~[na:na]
	at java.base/jdk.internal.reflect.NativeMethodAccessorImpl.invoke(NativeMethodAccessorImpl.java:77) ~[na:na]
	at java.base/jdk.internal.reflect.DelegatingMethodAccessorImpl.invoke(DelegatingMethodAccessorImpl.java:43) ~[na:na]
	at java.base/java.lang.reflect.Method.invoke(Method.java:569) ~[na:na]
	at org.springframework.boot.loader.launch.Launcher.launch(Launcher.java:102) ~[gdgoc-0.0.1-SNAPSHOT.jar:0.0.1-SNAPSHOT]
	at org.springframework.boot.loader.launch.Launcher.launch(Launcher.java:64) ~[gdgoc-0.0.1-SNAPSHOT.jar:0.0.1-SNAPSHOT]
	at org.springframework.boot.loader.launch.JarLauncher.main(JarLauncher.java:40) ~[gdgoc-0.0.1-SNAPSHOT.jar:0.0.1-SNAPSHOT]

2025-03-27T03:32:34.608Z DEBUG 845597 --- [gdgoc] [           main] org.hibernate.orm.query.hql              : HQL : SELECT v.voteOption, COUNT(v) FROM Vote v WHERE v.post.id = :post_id GROUP BY v.voteOption
2025-03-27T03:32:34.609Z DEBUG 845597 --- [gdgoc] [           main] o.h.o.q.hql.reservedWordAsIdentifier     : Encountered use of reserved word as identifier : (
2025-03-27T03:32:34.610Z DEBUG 845597 --- [gdgoc] [           main] o.h.o.q.hql.reservedWordAsIdentifier     : Encountered use of reserved word as identifier : =
2025-03-27T03:32:34.612Z DEBUG 845597 --- [gdgoc] [           main] org.hibernate.orm.query.sqm.creation     : Applying inferable type to SqmExpression [SqmNamedParameter(post_id)] : null -> SqmBasicValuedSimplePath(com.gomin_jungdok.gdgoc.vote.Vote(v).post.id)
2025-03-27T03:32:34.613Z DEBUG 845597 --- [gdgoc] [           main] org.hibernate.orm.query.sqm.ast          : SqmStatement Tree :
    -> [select]
      -> [query-spec]
        -> [select]
          -> [selection]
            -> [entity-path] - `com.gomin_jungdok.gdgoc.vote.Vote(v).voteOption`
          <- [selection]
          -> [selection]
          <- [selection]
        <- [select]
        -> [from]
          -> [root] - `com.gomin_jungdok.gdgoc.vote.Vote(v)`
          <- [root] - `com.gomin_jungdok.gdgoc.vote.Vote(v)`
        <- [from]
        -> [where]
          -> [EQUAL]
              -> [basic-path] - `com.gomin_jungdok.gdgoc.vote.Vote(v).post.id`
              :post_id
          <- [EQUAL]
        <- [where]
        -> [group-by]
          -> [entity-path] - `com.gomin_jungdok.gdgoc.vote.Vote(v).voteOption`
        <- [group-by]
      <- [query-spec]
    <- [select]

2025-03-27T03:32:34.615Z DEBUG 845597 --- [gdgoc] [           main] cResourceLocalTransactionCoordinatorImpl : JDBC transaction marked for rollback-only (exception provided for stack trace)

java.lang.Exception: exception just for purpose of providing stack trace
	at org.hibernate.resource.transaction.backend.jdbc.internal.JdbcResourceLocalTransactionCoordinatorImpl$TransactionDriverControlImpl.markRollbackOnly(JdbcResourceLocalTransactionCoordinatorImpl.java:309) ~[hibernate-core-6.6.5.Final.jar!/:6.6.5.Final]
	at org.hibernate.internal.AbstractSharedSessionContract.buildNamedQuery(AbstractSharedSessionContract.java:1141) ~[hibernate-core-6.6.5.Final.jar!/:6.6.5.Final]
	at org.hibernate.internal.AbstractSharedSessionContract.createNamedQuery(AbstractSharedSessionContract.java:1019) ~[hibernate-core-6.6.5.Final.jar!/:6.6.5.Final]
	at org.hibernate.internal.AbstractSharedSessionContract.createNamedQuery(AbstractSharedSessionContract.java:143) ~[hibernate-core-6.6.5.Final.jar!/:6.6.5.Final]
	at java.base/jdk.internal.reflect.NativeMethodAccessorImpl.invoke0(Native Method) ~[na:na]
	at java.base/jdk.internal.reflect.NativeMethodAccessorImpl.invoke(NativeMethodAccessorImpl.java:77) ~[na:na]
	at java.base/jdk.internal.reflect.DelegatingMethodAccessorImpl.invoke(DelegatingMethodAccessorImpl.java:43) ~[na:na]
	at java.base/java.lang.reflect.Method.invoke(Method.java:569) ~[na:na]
	at org.springframework.orm.jpa.ExtendedEntityManagerCreator$ExtendedEntityManagerInvocationHandler.invoke(ExtendedEntityManagerCreator.java:364) ~[spring-orm-6.2.2.jar!/:6.2.2]
	at jdk.proxy2/jdk.proxy2.$Proxy134.createNamedQuery(Unknown Source) ~[na:na]
	at org.springframework.data.jpa.repository.query.NamedQuery.hasNamedQuery(NamedQuery.java:114) ~[spring-data-jpa-3.4.2.jar!/:3.4.2]
	at org.springframework.data.jpa.repository.query.NamedQuery.lookupFrom(NamedQuery.java:140) ~[spring-data-jpa-3.4.2.jar!/:3.4.2]
	at org.springframework.data.jpa.repository.query.JpaQueryLookupStrategy$DeclaredQueryLookupStrategy.resolveQuery(JpaQueryLookupStrategy.java:184) ~[spring-data-jpa-3.4.2.jar!/:3.4.2]
	at org.springframework.data.jpa.repository.query.JpaQueryLookupStrategy$CreateIfNotFoundQueryLookupStrategy.resolveQuery(JpaQueryLookupStrategy.java:256) ~[spring-data-jpa-3.4.2.jar!/:3.4.2]
	at org.springframework.data.jpa.repository.query.JpaQueryLookupStrategy$AbstractQueryLookupStrategy.resolveQuery(JpaQueryLookupStrategy.java:99) ~[spring-data-jpa-3.4.2.jar!/:3.4.2]
	at org.springframework.data.repository.core.support.QueryExecutorMethodInterceptor.lookupQuery(QueryExecutorMethodInterceptor.java:116) ~[spring-data-commons-3.4.2.jar!/:3.4.2]
	at org.springframework.data.repository.core.support.QueryExecutorMethodInterceptor.mapMethodsToQuery(QueryExecutorMethodInterceptor.java:104) ~[spring-data-commons-3.4.2.jar!/:3.4.2]
	at org.springframework.data.repository.core.support.QueryExecutorMethodInterceptor.lambda$new$0(QueryExecutorMethodInterceptor.java:92) ~[spring-data-commons-3.4.2.jar!/:3.4.2]
	at java.base/java.util.Optional.map(Optional.java:260) ~[na:na]
	at org.springframework.data.repository.core.support.QueryExecutorMethodInterceptor.<init>(QueryExecutorMethodInterceptor.java:92) ~[spring-data-commons-3.4.2.jar!/:3.4.2]
	at org.springframework.data.repository.core.support.RepositoryFactorySupport.getRepository(RepositoryFactorySupport.java:440) ~[spring-data-commons-3.4.2.jar!/:3.4.2]
	at org.springframework.data.repository.core.support.RepositoryFactoryBeanSupport.lambda$afterPropertiesSet$4(RepositoryFactoryBeanSupport.java:350) ~[spring-data-commons-3.4.2.jar!/:3.4.2]
	at org.springframework.data.util.Lazy.getNullable(Lazy.java:135) ~[spring-data-commons-3.4.2.jar!/:3.4.2]
	at org.springframework.data.util.Lazy.get(Lazy.java:113) ~[spring-data-commons-3.4.2.jar!/:3.4.2]
	at org.springframework.data.repository.core.support.RepositoryFactoryBeanSupport.afterPropertiesSet(RepositoryFactoryBeanSupport.java:356) ~[spring-data-commons-3.4.2.jar!/:3.4.2]
	at org.springframework.data.jpa.repository.support.JpaRepositoryFactoryBean.afterPropertiesSet(JpaRepositoryFactoryBean.java:132) ~[spring-data-jpa-3.4.2.jar!/:3.4.2]
	at org.springframework.beans.factory.support.AbstractAutowireCapableBeanFactory.invokeInitMethods(AbstractAutowireCapableBeanFactory.java:1859) ~[spring-beans-6.2.2.jar!/:6.2.2]
	at org.springframework.beans.factory.support.AbstractAutowireCapableBeanFactory.initializeBean(AbstractAutowireCapableBeanFactory.java:1808) ~[spring-beans-6.2.2.jar!/:6.2.2]
	at org.springframework.beans.factory.support.AbstractAutowireCapableBeanFactory.doCreateBean(AbstractAutowireCapableBeanFactory.java:601) ~[spring-beans-6.2.2.jar!/:6.2.2]
	at org.springframework.beans.factory.support.AbstractAutowireCapableBeanFactory.createBean(AbstractAutowireCapableBeanFactory.java:523) ~[spring-beans-6.2.2.jar!/:6.2.2]
	at org.springframework.beans.factory.support.AbstractBeanFactory.lambda$doGetBean$0(AbstractBeanFactory.java:336) ~[spring-beans-6.2.2.jar!/:6.2.2]
	at org.springframework.beans.factory.support.DefaultSingletonBeanRegistry.getSingleton(DefaultSingletonBeanRegistry.java:307) ~[spring-beans-6.2.2.jar!/:6.2.2]
	at org.springframework.beans.factory.support.AbstractBeanFactory.doGetBean(AbstractBeanFactory.java:334) ~[spring-beans-6.2.2.jar!/:6.2.2]
	at org.springframework.beans.factory.support.AbstractBeanFactory.getBean(AbstractBeanFactory.java:199) ~[spring-beans-6.2.2.jar!/:6.2.2]
	at org.springframework.beans.factory.support.DefaultListableBeanFactory.doResolveDependency(DefaultListableBeanFactory.java:1573) ~[spring-beans-6.2.2.jar!/:6.2.2]
	at org.springframework.beans.factory.support.DefaultListableBeanFactory.resolveDependency(DefaultListableBeanFactory.java:1519) ~[spring-beans-6.2.2.jar!/:6.2.2]
	at org.springframework.beans.factory.support.ConstructorResolver.resolveAutowiredArgument(ConstructorResolver.java:913) ~[spring-beans-6.2.2.jar!/:6.2.2]
	at org.springframework.beans.factory.support.ConstructorResolver.createArgumentArray(ConstructorResolver.java:791) ~[spring-beans-6.2.2.jar!/:6.2.2]
	at org.springframework.beans.factory.support.ConstructorResolver.autowireConstructor(ConstructorResolver.java:240) ~[spring-beans-6.2.2.jar!/:6.2.2]
	at org.springframework.beans.factory.support.AbstractAutowireCapableBeanFactory.autowireConstructor(AbstractAutowireCapableBeanFactory.java:1381) ~[spring-beans-6.2.2.jar!/:6.2.2]
	at org.springframework.beans.factory.support.AbstractAutowireCapableBeanFactory.createBeanInstance(AbstractAutowireCapableBeanFactory.java:1218) ~[spring-beans-6.2.2.jar!/:6.2.2]
	at org.springframework.beans.factory.support.AbstractAutowireCapableBeanFactory.doCreateBean(AbstractAutowireCapableBeanFactory.java:563) ~[spring-beans-6.2.2.jar!/:6.2.2]
	at org.springframework.beans.factory.support.AbstractAutowireCapableBeanFactory.createBean(AbstractAutowireCapableBeanFactory.java:523) ~[spring-beans-6.2.2.jar!/:6.2.2]
	at org.springframework.beans.factory.support.AbstractBeanFactory.lambda$doGetBean$0(AbstractBeanFactory.java:336) ~[spring-beans-6.2.2.jar!/:6.2.2]
	at org.springframework.beans.factory.support.DefaultSingletonBeanRegistry.getSingleton(DefaultSingletonBeanRegistry.java:307) ~[spring-beans-6.2.2.jar!/:6.2.2]
	at org.springframework.beans.factory.support.AbstractBeanFactory.doGetBean(AbstractBeanFactory.java:334) ~[spring-beans-6.2.2.jar!/:6.2.2]
	at org.springframework.beans.factory.support.AbstractBeanFactory.getBean(AbstractBeanFactory.java:199) ~[spring-beans-6.2.2.jar!/:6.2.2]
	at org.springframework.beans.factory.support.DefaultListableBeanFactory.doResolveDependency(DefaultListableBeanFactory.java:1573) ~[spring-beans-6.2.2.jar!/:6.2.2]
	at org.springframework.beans.factory.support.DefaultListableBeanFactory.resolveDependency(DefaultListableBeanFactory.java:1519) ~[spring-beans-6.2.2.jar!/:6.2.2]
	at org.springframework.beans.factory.support.ConstructorResolver.resolveAutowiredArgument(ConstructorResolver.java:913) ~[spring-beans-6.2.2.jar!/:6.2.2]
	at org.springframework.beans.factory.support.ConstructorResolver.createArgumentArray(ConstructorResolver.java:791) ~[spring-beans-6.2.2.jar!/:6.2.2]
	at org.springframework.beans.factory.support.ConstructorResolver.autowireConstructor(ConstructorResolver.java:240) ~[spring-beans-6.2.2.jar!/:6.2.2]
	at org.springframework.beans.factory.support.AbstractAutowireCapableBeanFactory.autowireConstructor(AbstractAutowireCapableBeanFactory.java:1381) ~[spring-beans-6.2.2.jar!/:6.2.2]
	at org.springframework.beans.factory.support.AbstractAutowireCapableBeanFactory.createBeanInstance(AbstractAutowireCapableBeanFactory.java:1218) ~[spring-beans-6.2.2.jar!/:6.2.2]
	at org.springframework.beans.factory.support.AbstractAutowireCapableBeanFactory.doCreateBean(AbstractAutowireCapableBeanFactory.java:563) ~[spring-beans-6.2.2.jar!/:6.2.2]
	at org.springframework.beans.factory.support.AbstractAutowireCapableBeanFactory.createBean(AbstractAutowireCapableBeanFactory.java:523) ~[spring-beans-6.2.2.jar!/:6.2.2]
	at org.springframework.beans.factory.support.AbstractBeanFactory.lambda$doGetBean$0(AbstractBeanFactory.java:336) ~[spring-beans-6.2.2.jar!/:6.2.2]
	at org.springframework.beans.factory.support.DefaultSingletonBeanRegistry.getSingleton(DefaultSingletonBeanRegistry.java:307) ~[spring-beans-6.2.2.jar!/:6.2.2]
	at org.springframework.beans.factory.support.AbstractBeanFactory.doGetBean(AbstractBeanFactory.java:334) ~[spring-beans-6.2.2.jar!/:6.2.2]
	at org.springframework.beans.factory.support.AbstractBeanFactory.getBean(AbstractBeanFactory.java:199) ~[spring-beans-6.2.2.jar!/:6.2.2]
	at org.springframework.beans.factory.support.DefaultListableBeanFactory.instantiateSingleton(DefaultListableBeanFactory.java:1122) ~[spring-beans-6.2.2.jar!/:6.2.2]
	at org.springframework.beans.factory.support.DefaultListableBeanFactory.preInstantiateSingleton(DefaultListableBeanFactory.java:1093) ~[spring-beans-6.2.2.jar!/:6.2.2]
	at org.springframework.beans.factory.support.DefaultListableBeanFactory.preInstantiateSingletons(DefaultListableBeanFactory.java:1030) ~[spring-beans-6.2.2.jar!/:6.2.2]
	at org.springframework.context.support.AbstractApplicationContext.finishBeanFactoryInitialization(AbstractApplicationContext.java:987) ~[spring-context-6.2.2.jar!/:6.2.2]
	at org.springframework.context.support.AbstractApplicationContext.refresh(AbstractApplicationContext.java:627) ~[spring-context-6.2.2.jar!/:6.2.2]
	at org.springframework.boot.web.servlet.context.ServletWebServerApplicationContext.refresh(ServletWebServerApplicationContext.java:146) ~[spring-boot-3.4.2.jar!/:3.4.2]
	at org.springframework.boot.SpringApplication.refresh(SpringApplication.java:752) ~[spring-boot-3.4.2.jar!/:3.4.2]
	at org.springframework.boot.SpringApplication.refreshContext(SpringApplication.java:439) ~[spring-boot-3.4.2.jar!/:3.4.2]
	at org.springframework.boot.SpringApplication.run(SpringApplication.java:318) ~[spring-boot-3.4.2.jar!/:3.4.2]
	at org.springframework.boot.SpringApplication.run(SpringApplication.java:1361) ~[spring-boot-3.4.2.jar!/:3.4.2]
	at org.springframework.boot.SpringApplication.run(SpringApplication.java:1350) ~[spring-boot-3.4.2.jar!/:3.4.2]
	at com.gomin_jungdok.gdgoc.GdgocApplication.main(GdgocApplication.java:10) ~[!/:0.0.1-SNAPSHOT]
	at java.base/jdk.internal.reflect.NativeMethodAccessorImpl.invoke0(Native Method) ~[na:na]
	at java.base/jdk.internal.reflect.NativeMethodAccessorImpl.invoke(NativeMethodAccessorImpl.java:77) ~[na:na]
	at java.base/jdk.internal.reflect.DelegatingMethodAccessorImpl.invoke(DelegatingMethodAccessorImpl.java:43) ~[na:na]
	at java.base/java.lang.reflect.Method.invoke(Method.java:569) ~[na:na]
	at org.springframework.boot.loader.launch.Launcher.launch(Launcher.java:102) ~[gdgoc-0.0.1-SNAPSHOT.jar:0.0.1-SNAPSHOT]
	at org.springframework.boot.loader.launch.Launcher.launch(Launcher.java:64) ~[gdgoc-0.0.1-SNAPSHOT.jar:0.0.1-SNAPSHOT]
	at org.springframework.boot.loader.launch.JarLauncher.main(JarLauncher.java:40) ~[gdgoc-0.0.1-SNAPSHOT.jar:0.0.1-SNAPSHOT]

2025-03-27T03:32:34.621Z DEBUG 845597 --- [gdgoc] [           main] cResourceLocalTransactionCoordinatorImpl : JDBC transaction marked for rollback-only (exception provided for stack trace)

java.lang.Exception: exception just for purpose of providing stack trace
	at org.hibernate.resource.transaction.backend.jdbc.internal.JdbcResourceLocalTransactionCoordinatorImpl$TransactionDriverControlImpl.markRollbackOnly(JdbcResourceLocalTransactionCoordinatorImpl.java:309) ~[hibernate-core-6.6.5.Final.jar!/:6.6.5.Final]
	at org.hibernate.internal.AbstractSharedSessionContract.buildNamedQuery(AbstractSharedSessionContract.java:1141) ~[hibernate-core-6.6.5.Final.jar!/:6.6.5.Final]
	at org.hibernate.internal.AbstractSharedSessionContract.createNamedQuery(AbstractSharedSessionContract.java:1019) ~[hibernate-core-6.6.5.Final.jar!/:6.6.5.Final]
	at org.hibernate.internal.AbstractSharedSessionContract.createNamedQuery(AbstractSharedSessionContract.java:143) ~[hibernate-core-6.6.5.Final.jar!/:6.6.5.Final]
	at java.base/jdk.internal.reflect.NativeMethodAccessorImpl.invoke0(Native Method) ~[na:na]
	at java.base/jdk.internal.reflect.NativeMethodAccessorImpl.invoke(NativeMethodAccessorImpl.java:77) ~[na:na]
	at java.base/jdk.internal.reflect.DelegatingMethodAccessorImpl.invoke(DelegatingMethodAccessorImpl.java:43) ~[na:na]
	at java.base/java.lang.reflect.Method.invoke(Method.java:569) ~[na:na]
	at org.springframework.orm.jpa.ExtendedEntityManagerCreator$ExtendedEntityManagerInvocationHandler.invoke(ExtendedEntityManagerCreator.java:364) ~[spring-orm-6.2.2.jar!/:6.2.2]
	at jdk.proxy2/jdk.proxy2.$Proxy134.createNamedQuery(Unknown Source) ~[na:na]
	at org.springframework.data.jpa.repository.query.NamedQuery.hasNamedQuery(NamedQuery.java:114) ~[spring-data-jpa-3.4.2.jar!/:3.4.2]
	at org.springframework.data.jpa.repository.query.NamedQuery.lookupFrom(NamedQuery.java:140) ~[spring-data-jpa-3.4.2.jar!/:3.4.2]
	at org.springframework.data.jpa.repository.query.JpaQueryLookupStrategy$DeclaredQueryLookupStrategy.resolveQuery(JpaQueryLookupStrategy.java:184) ~[spring-data-jpa-3.4.2.jar!/:3.4.2]
	at org.springframework.data.jpa.repository.query.JpaQueryLookupStrategy$CreateIfNotFoundQueryLookupStrategy.resolveQuery(JpaQueryLookupStrategy.java:256) ~[spring-data-jpa-3.4.2.jar!/:3.4.2]
	at org.springframework.data.jpa.repository.query.JpaQueryLookupStrategy$AbstractQueryLookupStrategy.resolveQuery(JpaQueryLookupStrategy.java:99) ~[spring-data-jpa-3.4.2.jar!/:3.4.2]
	at org.springframework.data.repository.core.support.QueryExecutorMethodInterceptor.lookupQuery(QueryExecutorMethodInterceptor.java:116) ~[spring-data-commons-3.4.2.jar!/:3.4.2]
	at org.springframework.data.repository.core.support.QueryExecutorMethodInterceptor.mapMethodsToQuery(QueryExecutorMethodInterceptor.java:104) ~[spring-data-commons-3.4.2.jar!/:3.4.2]
	at org.springframework.data.repository.core.support.QueryExecutorMethodInterceptor.lambda$new$0(QueryExecutorMethodInterceptor.java:92) ~[spring-data-commons-3.4.2.jar!/:3.4.2]
	at java.base/java.util.Optional.map(Optional.java:260) ~[na:na]
	at org.springframework.data.repository.core.support.QueryExecutorMethodInterceptor.<init>(QueryExecutorMethodInterceptor.java:92) ~[spring-data-commons-3.4.2.jar!/:3.4.2]
	at org.springframework.data.repository.core.support.RepositoryFactorySupport.getRepository(RepositoryFactorySupport.java:440) ~[spring-data-commons-3.4.2.jar!/:3.4.2]
	at org.springframework.data.repository.core.support.RepositoryFactoryBeanSupport.lambda$afterPropertiesSet$4(RepositoryFactoryBeanSupport.java:350) ~[spring-data-commons-3.4.2.jar!/:3.4.2]
	at org.springframework.data.util.Lazy.getNullable(Lazy.java:135) ~[spring-data-commons-3.4.2.jar!/:3.4.2]
	at org.springframework.data.util.Lazy.get(Lazy.java:113) ~[spring-data-commons-3.4.2.jar!/:3.4.2]
	at org.springframework.data.repository.core.support.RepositoryFactoryBeanSupport.afterPropertiesSet(RepositoryFactoryBeanSupport.java:356) ~[spring-data-commons-3.4.2.jar!/:3.4.2]
	at org.springframework.data.jpa.repository.support.JpaRepositoryFactoryBean.afterPropertiesSet(JpaRepositoryFactoryBean.java:132) ~[spring-data-jpa-3.4.2.jar!/:3.4.2]
	at org.springframework.beans.factory.support.AbstractAutowireCapableBeanFactory.invokeInitMethods(AbstractAutowireCapableBeanFactory.java:1859) ~[spring-beans-6.2.2.jar!/:6.2.2]
	at org.springframework.beans.factory.support.AbstractAutowireCapableBeanFactory.initializeBean(AbstractAutowireCapableBeanFactory.java:1808) ~[spring-beans-6.2.2.jar!/:6.2.2]
	at org.springframework.beans.factory.support.AbstractAutowireCapableBeanFactory.doCreateBean(AbstractAutowireCapableBeanFactory.java:601) ~[spring-beans-6.2.2.jar!/:6.2.2]
	at org.springframework.beans.factory.support.AbstractAutowireCapableBeanFactory.createBean(AbstractAutowireCapableBeanFactory.java:523) ~[spring-beans-6.2.2.jar!/:6.2.2]
	at org.springframework.beans.factory.support.AbstractBeanFactory.lambda$doGetBean$0(AbstractBeanFactory.java:336) ~[spring-beans-6.2.2.jar!/:6.2.2]
	at org.springframework.beans.factory.support.DefaultSingletonBeanRegistry.getSingleton(DefaultSingletonBeanRegistry.java:307) ~[spring-beans-6.2.2.jar!/:6.2.2]
	at org.springframework.beans.factory.support.AbstractBeanFactory.doGetBean(AbstractBeanFactory.java:334) ~[spring-beans-6.2.2.jar!/:6.2.2]
	at org.springframework.beans.factory.support.AbstractBeanFactory.getBean(AbstractBeanFactory.java:199) ~[spring-beans-6.2.2.jar!/:6.2.2]
	at org.springframework.beans.factory.support.DefaultListableBeanFactory.doResolveDependency(DefaultListableBeanFactory.java:1573) ~[spring-beans-6.2.2.jar!/:6.2.2]
	at org.springframework.beans.factory.support.DefaultListableBeanFactory.resolveDependency(DefaultListableBeanFactory.java:1519) ~[spring-beans-6.2.2.jar!/:6.2.2]
	at org.springframework.beans.factory.support.ConstructorResolver.resolveAutowiredArgument(ConstructorResolver.java:913) ~[spring-beans-6.2.2.jar!/:6.2.2]
	at org.springframework.beans.factory.support.ConstructorResolver.createArgumentArray(ConstructorResolver.java:791) ~[spring-beans-6.2.2.jar!/:6.2.2]
	at org.springframework.beans.factory.support.ConstructorResolver.autowireConstructor(ConstructorResolver.java:240) ~[spring-beans-6.2.2.jar!/:6.2.2]
	at org.springframework.beans.factory.support.AbstractAutowireCapableBeanFactory.autowireConstructor(AbstractAutowireCapableBeanFactory.java:1381) ~[spring-beans-6.2.2.jar!/:6.2.2]
	at org.springframework.beans.factory.support.AbstractAutowireCapableBeanFactory.createBeanInstance(AbstractAutowireCapableBeanFactory.java:1218) ~[spring-beans-6.2.2.jar!/:6.2.2]
	at org.springframework.beans.factory.support.AbstractAutowireCapableBeanFactory.doCreateBean(AbstractAutowireCapableBeanFactory.java:563) ~[spring-beans-6.2.2.jar!/:6.2.2]
	at org.springframework.beans.factory.support.AbstractAutowireCapableBeanFactory.createBean(AbstractAutowireCapableBeanFactory.java:523) ~[spring-beans-6.2.2.jar!/:6.2.2]
	at org.springframework.beans.factory.support.AbstractBeanFactory.lambda$doGetBean$0(AbstractBeanFactory.java:336) ~[spring-beans-6.2.2.jar!/:6.2.2]
	at org.springframework.beans.factory.support.DefaultSingletonBeanRegistry.getSingleton(DefaultSingletonBeanRegistry.java:307) ~[spring-beans-6.2.2.jar!/:6.2.2]
	at org.springframework.beans.factory.support.AbstractBeanFactory.doGetBean(AbstractBeanFactory.java:334) ~[spring-beans-6.2.2.jar!/:6.2.2]
	at org.springframework.beans.factory.support.AbstractBeanFactory.getBean(AbstractBeanFactory.java:199) ~[spring-beans-6.2.2.jar!/:6.2.2]
	at org.springframework.beans.factory.support.DefaultListableBeanFactory.doResolveDependency(DefaultListableBeanFactory.java:1573) ~[spring-beans-6.2.2.jar!/:6.2.2]
	at org.springframework.beans.factory.support.DefaultListableBeanFactory.resolveDependency(DefaultListableBeanFactory.java:1519) ~[spring-beans-6.2.2.jar!/:6.2.2]
	at org.springframework.beans.factory.support.ConstructorResolver.resolveAutowiredArgument(ConstructorResolver.java:913) ~[spring-beans-6.2.2.jar!/:6.2.2]
	at org.springframework.beans.factory.support.ConstructorResolver.createArgumentArray(ConstructorResolver.java:791) ~[spring-beans-6.2.2.jar!/:6.2.2]
	at org.springframework.beans.factory.support.ConstructorResolver.autowireConstructor(ConstructorResolver.java:240) ~[spring-beans-6.2.2.jar!/:6.2.2]
	at org.springframework.beans.factory.support.AbstractAutowireCapableBeanFactory.autowireConstructor(AbstractAutowireCapableBeanFactory.java:1381) ~[spring-beans-6.2.2.jar!/:6.2.2]
	at org.springframework.beans.factory.support.AbstractAutowireCapableBeanFactory.createBeanInstance(AbstractAutowireCapableBeanFactory.java:1218) ~[spring-beans-6.2.2.jar!/:6.2.2]
	at org.springframework.beans.factory.support.AbstractAutowireCapableBeanFactory.doCreateBean(AbstractAutowireCapableBeanFactory.java:563) ~[spring-beans-6.2.2.jar!/:6.2.2]
	at org.springframework.beans.factory.support.AbstractAutowireCapableBeanFactory.createBean(AbstractAutowireCapableBeanFactory.java:523) ~[spring-beans-6.2.2.jar!/:6.2.2]
	at org.springframework.beans.factory.support.AbstractBeanFactory.lambda$doGetBean$0(AbstractBeanFactory.java:336) ~[spring-beans-6.2.2.jar!/:6.2.2]
	at org.springframework.beans.factory.support.DefaultSingletonBeanRegistry.getSingleton(DefaultSingletonBeanRegistry.java:307) ~[spring-beans-6.2.2.jar!/:6.2.2]
	at org.springframework.beans.factory.support.AbstractBeanFactory.doGetBean(AbstractBeanFactory.java:334) ~[spring-beans-6.2.2.jar!/:6.2.2]
	at org.springframework.beans.factory.support.AbstractBeanFactory.getBean(AbstractBeanFactory.java:199) ~[spring-beans-6.2.2.jar!/:6.2.2]
	at org.springframework.beans.factory.support.DefaultListableBeanFactory.instantiateSingleton(DefaultListableBeanFactory.java:1122) ~[spring-beans-6.2.2.jar!/:6.2.2]
	at org.springframework.beans.factory.support.DefaultListableBeanFactory.preInstantiateSingleton(DefaultListableBeanFactory.java:1093) ~[spring-beans-6.2.2.jar!/:6.2.2]
	at org.springframework.beans.factory.support.DefaultListableBeanFactory.preInstantiateSingletons(DefaultListableBeanFactory.java:1030) ~[spring-beans-6.2.2.jar!/:6.2.2]
	at org.springframework.context.support.AbstractApplicationContext.finishBeanFactoryInitialization(AbstractApplicationContext.java:987) ~[spring-context-6.2.2.jar!/:6.2.2]
	at org.springframework.context.support.AbstractApplicationContext.refresh(AbstractApplicationContext.java:627) ~[spring-context-6.2.2.jar!/:6.2.2]
	at org.springframework.boot.web.servlet.context.ServletWebServerApplicationContext.refresh(ServletWebServerApplicationContext.java:146) ~[spring-boot-3.4.2.jar!/:3.4.2]
	at org.springframework.boot.SpringApplication.refresh(SpringApplication.java:752) ~[spring-boot-3.4.2.jar!/:3.4.2]
	at org.springframework.boot.SpringApplication.refreshContext(SpringApplication.java:439) ~[spring-boot-3.4.2.jar!/:3.4.2]
	at org.springframework.boot.SpringApplication.run(SpringApplication.java:318) ~[spring-boot-3.4.2.jar!/:3.4.2]
	at org.springframework.boot.SpringApplication.run(SpringApplication.java:1361) ~[spring-boot-3.4.2.jar!/:3.4.2]
	at org.springframework.boot.SpringApplication.run(SpringApplication.java:1350) ~[spring-boot-3.4.2.jar!/:3.4.2]
	at com.gomin_jungdok.gdgoc.GdgocApplication.main(GdgocApplication.java:10) ~[!/:0.0.1-SNAPSHOT]
	at java.base/jdk.internal.reflect.NativeMethodAccessorImpl.invoke0(Native Method) ~[na:na]
	at java.base/jdk.internal.reflect.NativeMethodAccessorImpl.invoke(NativeMethodAccessorImpl.java:77) ~[na:na]
	at java.base/jdk.internal.reflect.DelegatingMethodAccessorImpl.invoke(DelegatingMethodAccessorImpl.java:43) ~[na:na]
	at java.base/java.lang.reflect.Method.invoke(Method.java:569) ~[na:na]
	at org.springframework.boot.loader.launch.Launcher.launch(Launcher.java:102) ~[gdgoc-0.0.1-SNAPSHOT.jar:0.0.1-SNAPSHOT]
	at org.springframework.boot.loader.launch.Launcher.launch(Launcher.java:64) ~[gdgoc-0.0.1-SNAPSHOT.jar:0.0.1-SNAPSHOT]
	at org.springframework.boot.loader.launch.JarLauncher.main(JarLauncher.java:40) ~[gdgoc-0.0.1-SNAPSHOT.jar:0.0.1-SNAPSHOT]

2025-03-27T03:32:34.660Z DEBUG 845597 --- [gdgoc] [           main] cResourceLocalTransactionCoordinatorImpl : JDBC transaction marked for rollback-only (exception provided for stack trace)

java.lang.Exception: exception just for purpose of providing stack trace
	at org.hibernate.resource.transaction.backend.jdbc.internal.JdbcResourceLocalTransactionCoordinatorImpl$TransactionDriverControlImpl.markRollbackOnly(JdbcResourceLocalTransactionCoordinatorImpl.java:309) ~[hibernate-core-6.6.5.Final.jar!/:6.6.5.Final]
	at org.hibernate.internal.AbstractSharedSessionContract.buildNamedQuery(AbstractSharedSessionContract.java:1141) ~[hibernate-core-6.6.5.Final.jar!/:6.6.5.Final]
	at org.hibernate.internal.AbstractSharedSessionContract.createNamedQuery(AbstractSharedSessionContract.java:1019) ~[hibernate-core-6.6.5.Final.jar!/:6.6.5.Final]
	at org.hibernate.internal.AbstractSharedSessionContract.createNamedQuery(AbstractSharedSessionContract.java:143) ~[hibernate-core-6.6.5.Final.jar!/:6.6.5.Final]
	at jdk.internal.reflect.GeneratedMethodAccessor27.invoke(Unknown Source) ~[na:na]
	at java.base/jdk.internal.reflect.DelegatingMethodAccessorImpl.invoke(DelegatingMethodAccessorImpl.java:43) ~[na:na]
	at java.base/java.lang.reflect.Method.invoke(Method.java:569) ~[na:na]
	at org.springframework.orm.jpa.ExtendedEntityManagerCreator$ExtendedEntityManagerInvocationHandler.invoke(ExtendedEntityManagerCreator.java:364) ~[spring-orm-6.2.2.jar!/:6.2.2]
	at jdk.proxy2/jdk.proxy2.$Proxy134.createNamedQuery(Unknown Source) ~[na:na]
	at org.springframework.data.jpa.repository.query.NamedQuery.hasNamedQuery(NamedQuery.java:114) ~[spring-data-jpa-3.4.2.jar!/:3.4.2]
	at org.springframework.data.jpa.repository.query.NamedQuery.lookupFrom(NamedQuery.java:140) ~[spring-data-jpa-3.4.2.jar!/:3.4.2]
	at org.springframework.data.jpa.repository.query.JpaQueryLookupStrategy$DeclaredQueryLookupStrategy.resolveQuery(JpaQueryLookupStrategy.java:184) ~[spring-data-jpa-3.4.2.jar!/:3.4.2]
	at org.springframework.data.jpa.repository.query.JpaQueryLookupStrategy$CreateIfNotFoundQueryLookupStrategy.resolveQuery(JpaQueryLookupStrategy.java:256) ~[spring-data-jpa-3.4.2.jar!/:3.4.2]
	at org.springframework.data.jpa.repository.query.JpaQueryLookupStrategy$AbstractQueryLookupStrategy.resolveQuery(JpaQueryLookupStrategy.java:99) ~[spring-data-jpa-3.4.2.jar!/:3.4.2]
	at org.springframework.data.repository.core.support.QueryExecutorMethodInterceptor.lookupQuery(QueryExecutorMethodInterceptor.java:116) ~[spring-data-commons-3.4.2.jar!/:3.4.2]
	at org.springframework.data.repository.core.support.QueryExecutorMethodInterceptor.mapMethodsToQuery(QueryExecutorMethodInterceptor.java:104) ~[spring-data-commons-3.4.2.jar!/:3.4.2]
	at org.springframework.data.repository.core.support.QueryExecutorMethodInterceptor.lambda$new$0(QueryExecutorMethodInterceptor.java:92) ~[spring-data-commons-3.4.2.jar!/:3.4.2]
	at java.base/java.util.Optional.map(Optional.java:260) ~[na:na]
	at org.springframework.data.repository.core.support.QueryExecutorMethodInterceptor.<init>(QueryExecutorMethodInterceptor.java:92) ~[spring-data-commons-3.4.2.jar!/:3.4.2]
	at org.springframework.data.repository.core.support.RepositoryFactorySupport.getRepository(RepositoryFactorySupport.java:440) ~[spring-data-commons-3.4.2.jar!/:3.4.2]
	at org.springframework.data.repository.core.support.RepositoryFactoryBeanSupport.lambda$afterPropertiesSet$4(RepositoryFactoryBeanSupport.java:350) ~[spring-data-commons-3.4.2.jar!/:3.4.2]
	at org.springframework.data.util.Lazy.getNullable(Lazy.java:135) ~[spring-data-commons-3.4.2.jar!/:3.4.2]
	at org.springframework.data.util.Lazy.get(Lazy.java:113) ~[spring-data-commons-3.4.2.jar!/:3.4.2]
	at org.springframework.data.repository.core.support.RepositoryFactoryBeanSupport.afterPropertiesSet(RepositoryFactoryBeanSupport.java:356) ~[spring-data-commons-3.4.2.jar!/:3.4.2]
	at org.springframework.data.jpa.repository.support.JpaRepositoryFactoryBean.afterPropertiesSet(JpaRepositoryFactoryBean.java:132) ~[spring-data-jpa-3.4.2.jar!/:3.4.2]
	at org.springframework.beans.factory.support.AbstractAutowireCapableBeanFactory.invokeInitMethods(AbstractAutowireCapableBeanFactory.java:1859) ~[spring-beans-6.2.2.jar!/:6.2.2]
	at org.springframework.beans.factory.support.AbstractAutowireCapableBeanFactory.initializeBean(AbstractAutowireCapableBeanFactory.java:1808) ~[spring-beans-6.2.2.jar!/:6.2.2]
	at org.springframework.beans.factory.support.AbstractAutowireCapableBeanFactory.doCreateBean(AbstractAutowireCapableBeanFactory.java:601) ~[spring-beans-6.2.2.jar!/:6.2.2]
	at org.springframework.beans.factory.support.AbstractAutowireCapableBeanFactory.createBean(AbstractAutowireCapableBeanFactory.java:523) ~[spring-beans-6.2.2.jar!/:6.2.2]
	at org.springframework.beans.factory.support.AbstractBeanFactory.lambda$doGetBean$0(AbstractBeanFactory.java:336) ~[spring-beans-6.2.2.jar!/:6.2.2]
	at org.springframework.beans.factory.support.DefaultSingletonBeanRegistry.getSingleton(DefaultSingletonBeanRegistry.java:307) ~[spring-beans-6.2.2.jar!/:6.2.2]
	at org.springframework.beans.factory.support.AbstractBeanFactory.doGetBean(AbstractBeanFactory.java:334) ~[spring-beans-6.2.2.jar!/:6.2.2]
	at org.springframework.beans.factory.support.AbstractBeanFactory.getBean(AbstractBeanFactory.java:199) ~[spring-beans-6.2.2.jar!/:6.2.2]
	at org.springframework.beans.factory.support.DefaultListableBeanFactory.doResolveDependency(DefaultListableBeanFactory.java:1573) ~[spring-beans-6.2.2.jar!/:6.2.2]
	at org.springframework.beans.factory.support.DefaultListableBeanFactory.resolveDependency(DefaultListableBeanFactory.java:1519) ~[spring-beans-6.2.2.jar!/:6.2.2]
	at org.springframework.beans.factory.support.ConstructorResolver.resolveAutowiredArgument(ConstructorResolver.java:913) ~[spring-beans-6.2.2.jar!/:6.2.2]
	at org.springframework.beans.factory.support.ConstructorResolver.createArgumentArray(ConstructorResolver.java:791) ~[spring-beans-6.2.2.jar!/:6.2.2]
	at org.springframework.beans.factory.support.ConstructorResolver.autowireConstructor(ConstructorResolver.java:240) ~[spring-beans-6.2.2.jar!/:6.2.2]
	at org.springframework.beans.factory.support.AbstractAutowireCapableBeanFactory.autowireConstructor(AbstractAutowireCapableBeanFactory.java:1381) ~[spring-beans-6.2.2.jar!/:6.2.2]
	at org.springframework.beans.factory.support.AbstractAutowireCapableBeanFactory.createBeanInstance(AbstractAutowireCapableBeanFactory.java:1218) ~[spring-beans-6.2.2.jar!/:6.2.2]
	at org.springframework.beans.factory.support.AbstractAutowireCapableBeanFactory.doCreateBean(AbstractAutowireCapableBeanFactory.java:563) ~[spring-beans-6.2.2.jar!/:6.2.2]
	at org.springframework.beans.factory.support.AbstractAutowireCapableBeanFactory.createBean(AbstractAutowireCapableBeanFactory.java:523) ~[spring-beans-6.2.2.jar!/:6.2.2]
	at org.springframework.beans.factory.support.AbstractBeanFactory.lambda$doGetBean$0(AbstractBeanFactory.java:336) ~[spring-beans-6.2.2.jar!/:6.2.2]
	at org.springframework.beans.factory.support.DefaultSingletonBeanRegistry.getSingleton(DefaultSingletonBeanRegistry.java:307) ~[spring-beans-6.2.2.jar!/:6.2.2]
	at org.springframework.beans.factory.support.AbstractBeanFactory.doGetBean(AbstractBeanFactory.java:334) ~[spring-beans-6.2.2.jar!/:6.2.2]
	at org.springframework.beans.factory.support.AbstractBeanFactory.getBean(AbstractBeanFactory.java:199) ~[spring-beans-6.2.2.jar!/:6.2.2]
	at org.springframework.beans.factory.support.DefaultListableBeanFactory.doResolveDependency(DefaultListableBeanFactory.java:1573) ~[spring-beans-6.2.2.jar!/:6.2.2]
	at org.springframework.beans.factory.support.DefaultListableBeanFactory.resolveDependency(DefaultListableBeanFactory.java:1519) ~[spring-beans-6.2.2.jar!/:6.2.2]
	at org.springframework.beans.factory.support.ConstructorResolver.resolveAutowiredArgument(ConstructorResolver.java:913) ~[spring-beans-6.2.2.jar!/:6.2.2]
	at org.springframework.beans.factory.support.ConstructorResolver.createArgumentArray(ConstructorResolver.java:791) ~[spring-beans-6.2.2.jar!/:6.2.2]
	at org.springframework.beans.factory.support.ConstructorResolver.autowireConstructor(ConstructorResolver.java:240) ~[spring-beans-6.2.2.jar!/:6.2.2]
	at org.springframework.beans.factory.support.AbstractAutowireCapableBeanFactory.autowireConstructor(AbstractAutowireCapableBeanFactory.java:1381) ~[spring-beans-6.2.2.jar!/:6.2.2]
	at org.springframework.beans.factory.support.AbstractAutowireCapableBeanFactory.createBeanInstance(AbstractAutowireCapableBeanFactory.java:1218) ~[spring-beans-6.2.2.jar!/:6.2.2]
	at org.springframework.beans.factory.support.AbstractAutowireCapableBeanFactory.doCreateBean(AbstractAutowireCapableBeanFactory.java:563) ~[spring-beans-6.2.2.jar!/:6.2.2]
	at org.springframework.beans.factory.support.AbstractAutowireCapableBeanFactory.createBean(AbstractAutowireCapableBeanFactory.java:523) ~[spring-beans-6.2.2.jar!/:6.2.2]
	at org.springframework.beans.factory.support.AbstractBeanFactory.lambda$doGetBean$0(AbstractBeanFactory.java:336) ~[spring-beans-6.2.2.jar!/:6.2.2]
	at org.springframework.beans.factory.support.DefaultSingletonBeanRegistry.getSingleton(DefaultSingletonBeanRegistry.java:307) ~[spring-beans-6.2.2.jar!/:6.2.2]
	at org.springframework.beans.factory.support.AbstractBeanFactory.doGetBean(AbstractBeanFactory.java:334) ~[spring-beans-6.2.2.jar!/:6.2.2]
	at org.springframework.beans.factory.support.AbstractBeanFactory.getBean(AbstractBeanFactory.java:199) ~[spring-beans-6.2.2.jar!/:6.2.2]
	at org.springframework.beans.factory.support.DefaultListableBeanFactory.instantiateSingleton(DefaultListableBeanFactory.java:1122) ~[spring-beans-6.2.2.jar!/:6.2.2]
	at org.springframework.beans.factory.support.DefaultListableBeanFactory.preInstantiateSingleton(DefaultListableBeanFactory.java:1093) ~[spring-beans-6.2.2.jar!/:6.2.2]
	at org.springframework.beans.factory.support.DefaultListableBeanFactory.preInstantiateSingletons(DefaultListableBeanFactory.java:1030) ~[spring-beans-6.2.2.jar!/:6.2.2]
	at org.springframework.context.support.AbstractApplicationContext.finishBeanFactoryInitialization(AbstractApplicationContext.java:987) ~[spring-context-6.2.2.jar!/:6.2.2]
	at org.springframework.context.support.AbstractApplicationContext.refresh(AbstractApplicationContext.java:627) ~[spring-context-6.2.2.jar!/:6.2.2]
	at org.springframework.boot.web.servlet.context.ServletWebServerApplicationContext.refresh(ServletWebServerApplicationContext.java:146) ~[spring-boot-3.4.2.jar!/:3.4.2]
	at org.springframework.boot.SpringApplication.refresh(SpringApplication.java:752) ~[spring-boot-3.4.2.jar!/:3.4.2]
	at org.springframework.boot.SpringApplication.refreshContext(SpringApplication.java:439) ~[spring-boot-3.4.2.jar!/:3.4.2]
	at org.springframework.boot.SpringApplication.run(SpringApplication.java:318) ~[spring-boot-3.4.2.jar!/:3.4.2]
	at org.springframework.boot.SpringApplication.run(SpringApplication.java:1361) ~[spring-boot-3.4.2.jar!/:3.4.2]
	at org.springframework.boot.SpringApplication.run(SpringApplication.java:1350) ~[spring-boot-3.4.2.jar!/:3.4.2]
	at com.gomin_jungdok.gdgoc.GdgocApplication.main(GdgocApplication.java:10) ~[!/:0.0.1-SNAPSHOT]
	at java.base/jdk.internal.reflect.NativeMethodAccessorImpl.invoke0(Native Method) ~[na:na]
	at java.base/jdk.internal.reflect.NativeMethodAccessorImpl.invoke(NativeMethodAccessorImpl.java:77) ~[na:na]
	at java.base/jdk.internal.reflect.DelegatingMethodAccessorImpl.invoke(DelegatingMethodAccessorImpl.java:43) ~[na:na]
	at java.base/java.lang.reflect.Method.invoke(Method.java:569) ~[na:na]
	at org.springframework.boot.loader.launch.Launcher.launch(Launcher.java:102) ~[gdgoc-0.0.1-SNAPSHOT.jar:0.0.1-SNAPSHOT]
	at org.springframework.boot.loader.launch.Launcher.launch(Launcher.java:64) ~[gdgoc-0.0.1-SNAPSHOT.jar:0.0.1-SNAPSHOT]
	at org.springframework.boot.loader.launch.JarLauncher.main(JarLauncher.java:40) ~[gdgoc-0.0.1-SNAPSHOT.jar:0.0.1-SNAPSHOT]

2025-03-27T03:32:34.669Z DEBUG 845597 --- [gdgoc] [           main] cResourceLocalTransactionCoordinatorImpl : JDBC transaction marked for rollback-only (exception provided for stack trace)

java.lang.Exception: exception just for purpose of providing stack trace
	at org.hibernate.resource.transaction.backend.jdbc.internal.JdbcResourceLocalTransactionCoordinatorImpl$TransactionDriverControlImpl.markRollbackOnly(JdbcResourceLocalTransactionCoordinatorImpl.java:309) ~[hibernate-core-6.6.5.Final.jar!/:6.6.5.Final]
	at org.hibernate.internal.AbstractSharedSessionContract.buildNamedQuery(AbstractSharedSessionContract.java:1141) ~[hibernate-core-6.6.5.Final.jar!/:6.6.5.Final]
	at org.hibernate.internal.AbstractSharedSessionContract.createNamedQuery(AbstractSharedSessionContract.java:1019) ~[hibernate-core-6.6.5.Final.jar!/:6.6.5.Final]
	at org.hibernate.internal.AbstractSharedSessionContract.createNamedQuery(AbstractSharedSessionContract.java:143) ~[hibernate-core-6.6.5.Final.jar!/:6.6.5.Final]
	at jdk.internal.reflect.GeneratedMethodAccessor27.invoke(Unknown Source) ~[na:na]
	at java.base/jdk.internal.reflect.DelegatingMethodAccessorImpl.invoke(DelegatingMethodAccessorImpl.java:43) ~[na:na]
	at java.base/java.lang.reflect.Method.invoke(Method.java:569) ~[na:na]
	at org.springframework.orm.jpa.ExtendedEntityManagerCreator$ExtendedEntityManagerInvocationHandler.invoke(ExtendedEntityManagerCreator.java:364) ~[spring-orm-6.2.2.jar!/:6.2.2]
	at jdk.proxy2/jdk.proxy2.$Proxy134.createNamedQuery(Unknown Source) ~[na:na]
	at org.springframework.data.jpa.repository.query.NamedQuery.hasNamedQuery(NamedQuery.java:114) ~[spring-data-jpa-3.4.2.jar!/:3.4.2]
	at org.springframework.data.jpa.repository.query.NamedQuery.lookupFrom(NamedQuery.java:140) ~[spring-data-jpa-3.4.2.jar!/:3.4.2]
	at org.springframework.data.jpa.repository.query.JpaQueryLookupStrategy$DeclaredQueryLookupStrategy.resolveQuery(JpaQueryLookupStrategy.java:184) ~[spring-data-jpa-3.4.2.jar!/:3.4.2]
	at org.springframework.data.jpa.repository.query.JpaQueryLookupStrategy$CreateIfNotFoundQueryLookupStrategy.resolveQuery(JpaQueryLookupStrategy.java:256) ~[spring-data-jpa-3.4.2.jar!/:3.4.2]
	at org.springframework.data.jpa.repository.query.JpaQueryLookupStrategy$AbstractQueryLookupStrategy.resolveQuery(JpaQueryLookupStrategy.java:99) ~[spring-data-jpa-3.4.2.jar!/:3.4.2]
	at org.springframework.data.repository.core.support.QueryExecutorMethodInterceptor.lookupQuery(QueryExecutorMethodInterceptor.java:116) ~[spring-data-commons-3.4.2.jar!/:3.4.2]
	at org.springframework.data.repository.core.support.QueryExecutorMethodInterceptor.mapMethodsToQuery(QueryExecutorMethodInterceptor.java:104) ~[spring-data-commons-3.4.2.jar!/:3.4.2]
	at org.springframework.data.repository.core.support.QueryExecutorMethodInterceptor.lambda$new$0(QueryExecutorMethodInterceptor.java:92) ~[spring-data-commons-3.4.2.jar!/:3.4.2]
	at java.base/java.util.Optional.map(Optional.java:260) ~[na:na]
	at org.springframework.data.repository.core.support.QueryExecutorMethodInterceptor.<init>(QueryExecutorMethodInterceptor.java:92) ~[spring-data-commons-3.4.2.jar!/:3.4.2]
	at org.springframework.data.repository.core.support.RepositoryFactorySupport.getRepository(RepositoryFactorySupport.java:440) ~[spring-data-commons-3.4.2.jar!/:3.4.2]
	at org.springframework.data.repository.core.support.RepositoryFactoryBeanSupport.lambda$afterPropertiesSet$4(RepositoryFactoryBeanSupport.java:350) ~[spring-data-commons-3.4.2.jar!/:3.4.2]
	at org.springframework.data.util.Lazy.getNullable(Lazy.java:135) ~[spring-data-commons-3.4.2.jar!/:3.4.2]
	at org.springframework.data.util.Lazy.get(Lazy.java:113) ~[spring-data-commons-3.4.2.jar!/:3.4.2]
	at org.springframework.data.repository.core.support.RepositoryFactoryBeanSupport.afterPropertiesSet(RepositoryFactoryBeanSupport.java:356) ~[spring-data-commons-3.4.2.jar!/:3.4.2]
	at org.springframework.data.jpa.repository.support.JpaRepositoryFactoryBean.afterPropertiesSet(JpaRepositoryFactoryBean.java:132) ~[spring-data-jpa-3.4.2.jar!/:3.4.2]
	at org.springframework.beans.factory.support.AbstractAutowireCapableBeanFactory.invokeInitMethods(AbstractAutowireCapableBeanFactory.java:1859) ~[spring-beans-6.2.2.jar!/:6.2.2]
	at org.springframework.beans.factory.support.AbstractAutowireCapableBeanFactory.initializeBean(AbstractAutowireCapableBeanFactory.java:1808) ~[spring-beans-6.2.2.jar!/:6.2.2]
	at org.springframework.beans.factory.support.AbstractAutowireCapableBeanFactory.doCreateBean(AbstractAutowireCapableBeanFactory.java:601) ~[spring-beans-6.2.2.jar!/:6.2.2]
	at org.springframework.beans.factory.support.AbstractAutowireCapableBeanFactory.createBean(AbstractAutowireCapableBeanFactory.java:523) ~[spring-beans-6.2.2.jar!/:6.2.2]
	at org.springframework.beans.factory.support.AbstractBeanFactory.lambda$doGetBean$0(AbstractBeanFactory.java:336) ~[spring-beans-6.2.2.jar!/:6.2.2]
	at org.springframework.beans.factory.support.DefaultSingletonBeanRegistry.getSingleton(DefaultSingletonBeanRegistry.java:307) ~[spring-beans-6.2.2.jar!/:6.2.2]
	at org.springframework.beans.factory.support.AbstractBeanFactory.doGetBean(AbstractBeanFactory.java:334) ~[spring-beans-6.2.2.jar!/:6.2.2]
	at org.springframework.beans.factory.support.AbstractBeanFactory.getBean(AbstractBeanFactory.java:199) ~[spring-beans-6.2.2.jar!/:6.2.2]
	at org.springframework.beans.factory.support.DefaultListableBeanFactory.doResolveDependency(DefaultListableBeanFactory.java:1573) ~[spring-beans-6.2.2.jar!/:6.2.2]
	at org.springframework.beans.factory.support.DefaultListableBeanFactory.resolveDependency(DefaultListableBeanFactory.java:1519) ~[spring-beans-6.2.2.jar!/:6.2.2]
	at org.springframework.beans.factory.support.ConstructorResolver.resolveAutowiredArgument(ConstructorResolver.java:913) ~[spring-beans-6.2.2.jar!/:6.2.2]
	at org.springframework.beans.factory.support.ConstructorResolver.createArgumentArray(ConstructorResolver.java:791) ~[spring-beans-6.2.2.jar!/:6.2.2]
	at org.springframework.beans.factory.support.ConstructorResolver.autowireConstructor(ConstructorResolver.java:240) ~[spring-beans-6.2.2.jar!/:6.2.2]
	at org.springframework.beans.factory.support.AbstractAutowireCapableBeanFactory.autowireConstructor(AbstractAutowireCapableBeanFactory.java:1381) ~[spring-beans-6.2.2.jar!/:6.2.2]
	at org.springframework.beans.factory.support.AbstractAutowireCapableBeanFactory.createBeanInstance(AbstractAutowireCapableBeanFactory.java:1218) ~[spring-beans-6.2.2.jar!/:6.2.2]
	at org.springframework.beans.factory.support.AbstractAutowireCapableBeanFactory.doCreateBean(AbstractAutowireCapableBeanFactory.java:563) ~[spring-beans-6.2.2.jar!/:6.2.2]
	at org.springframework.beans.factory.support.AbstractAutowireCapableBeanFactory.createBean(AbstractAutowireCapableBeanFactory.java:523) ~[spring-beans-6.2.2.jar!/:6.2.2]
	at org.springframework.beans.factory.support.AbstractBeanFactory.lambda$doGetBean$0(AbstractBeanFactory.java:336) ~[spring-beans-6.2.2.jar!/:6.2.2]
	at org.springframework.beans.factory.support.DefaultSingletonBeanRegistry.getSingleton(DefaultSingletonBeanRegistry.java:307) ~[spring-beans-6.2.2.jar!/:6.2.2]
	at org.springframework.beans.factory.support.AbstractBeanFactory.doGetBean(AbstractBeanFactory.java:334) ~[spring-beans-6.2.2.jar!/:6.2.2]
	at org.springframework.beans.factory.support.AbstractBeanFactory.getBean(AbstractBeanFactory.java:199) ~[spring-beans-6.2.2.jar!/:6.2.2]
	at org.springframework.beans.factory.support.DefaultListableBeanFactory.doResolveDependency(DefaultListableBeanFactory.java:1573) ~[spring-beans-6.2.2.jar!/:6.2.2]
	at org.springframework.beans.factory.support.DefaultListableBeanFactory.resolveDependency(DefaultListableBeanFactory.java:1519) ~[spring-beans-6.2.2.jar!/:6.2.2]
	at org.springframework.beans.factory.support.ConstructorResolver.resolveAutowiredArgument(ConstructorResolver.java:913) ~[spring-beans-6.2.2.jar!/:6.2.2]
	at org.springframework.beans.factory.support.ConstructorResolver.createArgumentArray(ConstructorResolver.java:791) ~[spring-beans-6.2.2.jar!/:6.2.2]
	at org.springframework.beans.factory.support.ConstructorResolver.autowireConstructor(ConstructorResolver.java:240) ~[spring-beans-6.2.2.jar!/:6.2.2]
	at org.springframework.beans.factory.support.AbstractAutowireCapableBeanFactory.autowireConstructor(AbstractAutowireCapableBeanFactory.java:1381) ~[spring-beans-6.2.2.jar!/:6.2.2]
	at org.springframework.beans.factory.support.AbstractAutowireCapableBeanFactory.createBeanInstance(AbstractAutowireCapableBeanFactory.java:1218) ~[spring-beans-6.2.2.jar!/:6.2.2]
	at org.springframework.beans.factory.support.AbstractAutowireCapableBeanFactory.doCreateBean(AbstractAutowireCapableBeanFactory.java:563) ~[spring-beans-6.2.2.jar!/:6.2.2]
	at org.springframework.beans.factory.support.AbstractAutowireCapableBeanFactory.createBean(AbstractAutowireCapableBeanFactory.java:523) ~[spring-beans-6.2.2.jar!/:6.2.2]
	at org.springframework.beans.factory.support.AbstractBeanFactory.lambda$doGetBean$0(AbstractBeanFactory.java:336) ~[spring-beans-6.2.2.jar!/:6.2.2]
	at org.springframework.beans.factory.support.DefaultSingletonBeanRegistry.getSingleton(DefaultSingletonBeanRegistry.java:307) ~[spring-beans-6.2.2.jar!/:6.2.2]
	at org.springframework.beans.factory.support.AbstractBeanFactory.doGetBean(AbstractBeanFactory.java:334) ~[spring-beans-6.2.2.jar!/:6.2.2]
	at org.springframework.beans.factory.support.AbstractBeanFactory.getBean(AbstractBeanFactory.java:199) ~[spring-beans-6.2.2.jar!/:6.2.2]
	at org.springframework.beans.factory.support.DefaultListableBeanFactory.instantiateSingleton(DefaultListableBeanFactory.java:1122) ~[spring-beans-6.2.2.jar!/:6.2.2]
	at org.springframework.beans.factory.support.DefaultListableBeanFactory.preInstantiateSingleton(DefaultListableBeanFactory.java:1093) ~[spring-beans-6.2.2.jar!/:6.2.2]
	at org.springframework.beans.factory.support.DefaultListableBeanFactory.preInstantiateSingletons(DefaultListableBeanFactory.java:1030) ~[spring-beans-6.2.2.jar!/:6.2.2]
	at org.springframework.context.support.AbstractApplicationContext.finishBeanFactoryInitialization(AbstractApplicationContext.java:987) ~[spring-context-6.2.2.jar!/:6.2.2]
	at org.springframework.context.support.AbstractApplicationContext.refresh(AbstractApplicationContext.java:627) ~[spring-context-6.2.2.jar!/:6.2.2]
	at org.springframework.boot.web.servlet.context.ServletWebServerApplicationContext.refresh(ServletWebServerApplicationContext.java:146) ~[spring-boot-3.4.2.jar!/:3.4.2]
	at org.springframework.boot.SpringApplication.refresh(SpringApplication.java:752) ~[spring-boot-3.4.2.jar!/:3.4.2]
	at org.springframework.boot.SpringApplication.refreshContext(SpringApplication.java:439) ~[spring-boot-3.4.2.jar!/:3.4.2]
	at org.springframework.boot.SpringApplication.run(SpringApplication.java:318) ~[spring-boot-3.4.2.jar!/:3.4.2]
	at org.springframework.boot.SpringApplication.run(SpringApplication.java:1361) ~[spring-boot-3.4.2.jar!/:3.4.2]
	at org.springframework.boot.SpringApplication.run(SpringApplication.java:1350) ~[spring-boot-3.4.2.jar!/:3.4.2]
	at com.gomin_jungdok.gdgoc.GdgocApplication.main(GdgocApplication.java:10) ~[!/:0.0.1-SNAPSHOT]
	at java.base/jdk.internal.reflect.NativeMethodAccessorImpl.invoke0(Native Method) ~[na:na]
	at java.base/jdk.internal.reflect.NativeMethodAccessorImpl.invoke(NativeMethodAccessorImpl.java:77) ~[na:na]
	at java.base/jdk.internal.reflect.DelegatingMethodAccessorImpl.invoke(DelegatingMethodAccessorImpl.java:43) ~[na:na]
	at java.base/java.lang.reflect.Method.invoke(Method.java:569) ~[na:na]
	at org.springframework.boot.loader.launch.Launcher.launch(Launcher.java:102) ~[gdgoc-0.0.1-SNAPSHOT.jar:0.0.1-SNAPSHOT]
	at org.springframework.boot.loader.launch.Launcher.launch(Launcher.java:64) ~[gdgoc-0.0.1-SNAPSHOT.jar:0.0.1-SNAPSHOT]
	at org.springframework.boot.loader.launch.JarLauncher.main(JarLauncher.java:40) ~[gdgoc-0.0.1-SNAPSHOT.jar:0.0.1-SNAPSHOT]

2025-03-27T03:32:34.723Z DEBUG 845597 --- [gdgoc] [           main] cResourceLocalTransactionCoordinatorImpl : JDBC transaction marked for rollback-only (exception provided for stack trace)

java.lang.Exception: exception just for purpose of providing stack trace
	at org.hibernate.resource.transaction.backend.jdbc.internal.JdbcResourceLocalTransactionCoordinatorImpl$TransactionDriverControlImpl.markRollbackOnly(JdbcResourceLocalTransactionCoordinatorImpl.java:309) ~[hibernate-core-6.6.5.Final.jar!/:6.6.5.Final]
	at org.hibernate.internal.AbstractSharedSessionContract.buildNamedQuery(AbstractSharedSessionContract.java:1141) ~[hibernate-core-6.6.5.Final.jar!/:6.6.5.Final]
	at org.hibernate.internal.AbstractSharedSessionContract.createNamedQuery(AbstractSharedSessionContract.java:1019) ~[hibernate-core-6.6.5.Final.jar!/:6.6.5.Final]
	at org.hibernate.internal.AbstractSharedSessionContract.createNamedQuery(AbstractSharedSessionContract.java:143) ~[hibernate-core-6.6.5.Final.jar!/:6.6.5.Final]
	at jdk.internal.reflect.GeneratedMethodAccessor27.invoke(Unknown Source) ~[na:na]
	at java.base/jdk.internal.reflect.DelegatingMethodAccessorImpl.invoke(DelegatingMethodAccessorImpl.java:43) ~[na:na]
	at java.base/java.lang.reflect.Method.invoke(Method.java:569) ~[na:na]
	at org.springframework.orm.jpa.ExtendedEntityManagerCreator$ExtendedEntityManagerInvocationHandler.invoke(ExtendedEntityManagerCreator.java:364) ~[spring-orm-6.2.2.jar!/:6.2.2]
	at jdk.proxy2/jdk.proxy2.$Proxy134.createNamedQuery(Unknown Source) ~[na:na]
	at org.springframework.data.jpa.repository.query.NamedQuery.hasNamedQuery(NamedQuery.java:114) ~[spring-data-jpa-3.4.2.jar!/:3.4.2]
	at org.springframework.data.jpa.repository.query.NamedQuery.lookupFrom(NamedQuery.java:140) ~[spring-data-jpa-3.4.2.jar!/:3.4.2]
	at org.springframework.data.jpa.repository.query.JpaQueryLookupStrategy$DeclaredQueryLookupStrategy.resolveQuery(JpaQueryLookupStrategy.java:184) ~[spring-data-jpa-3.4.2.jar!/:3.4.2]
	at org.springframework.data.jpa.repository.query.JpaQueryLookupStrategy$CreateIfNotFoundQueryLookupStrategy.resolveQuery(JpaQueryLookupStrategy.java:256) ~[spring-data-jpa-3.4.2.jar!/:3.4.2]
	at org.springframework.data.jpa.repository.query.JpaQueryLookupStrategy$AbstractQueryLookupStrategy.resolveQuery(JpaQueryLookupStrategy.java:99) ~[spring-data-jpa-3.4.2.jar!/:3.4.2]
	at org.springframework.data.repository.core.support.QueryExecutorMethodInterceptor.lookupQuery(QueryExecutorMethodInterceptor.java:116) ~[spring-data-commons-3.4.2.jar!/:3.4.2]
	at org.springframework.data.repository.core.support.QueryExecutorMethodInterceptor.mapMethodsToQuery(QueryExecutorMethodInterceptor.java:104) ~[spring-data-commons-3.4.2.jar!/:3.4.2]
	at org.springframework.data.repository.core.support.QueryExecutorMethodInterceptor.lambda$new$0(QueryExecutorMethodInterceptor.java:92) ~[spring-data-commons-3.4.2.jar!/:3.4.2]
	at java.base/java.util.Optional.map(Optional.java:260) ~[na:na]
	at org.springframework.data.repository.core.support.QueryExecutorMethodInterceptor.<init>(QueryExecutorMethodInterceptor.java:92) ~[spring-data-commons-3.4.2.jar!/:3.4.2]
	at org.springframework.data.repository.core.support.RepositoryFactorySupport.getRepository(RepositoryFactorySupport.java:440) ~[spring-data-commons-3.4.2.jar!/:3.4.2]
	at org.springframework.data.repository.core.support.RepositoryFactoryBeanSupport.lambda$afterPropertiesSet$4(RepositoryFactoryBeanSupport.java:350) ~[spring-data-commons-3.4.2.jar!/:3.4.2]
	at org.springframework.data.util.Lazy.getNullable(Lazy.java:135) ~[spring-data-commons-3.4.2.jar!/:3.4.2]
	at org.springframework.data.util.Lazy.get(Lazy.java:113) ~[spring-data-commons-3.4.2.jar!/:3.4.2]
	at org.springframework.data.repository.core.support.RepositoryFactoryBeanSupport.afterPropertiesSet(RepositoryFactoryBeanSupport.java:356) ~[spring-data-commons-3.4.2.jar!/:3.4.2]
	at org.springframework.data.jpa.repository.support.JpaRepositoryFactoryBean.afterPropertiesSet(JpaRepositoryFactoryBean.java:132) ~[spring-data-jpa-3.4.2.jar!/:3.4.2]
	at org.springframework.beans.factory.support.AbstractAutowireCapableBeanFactory.invokeInitMethods(AbstractAutowireCapableBeanFactory.java:1859) ~[spring-beans-6.2.2.jar!/:6.2.2]
	at org.springframework.beans.factory.support.AbstractAutowireCapableBeanFactory.initializeBean(AbstractAutowireCapableBeanFactory.java:1808) ~[spring-beans-6.2.2.jar!/:6.2.2]
	at org.springframework.beans.factory.support.AbstractAutowireCapableBeanFactory.doCreateBean(AbstractAutowireCapableBeanFactory.java:601) ~[spring-beans-6.2.2.jar!/:6.2.2]
	at org.springframework.beans.factory.support.AbstractAutowireCapableBeanFactory.createBean(AbstractAutowireCapableBeanFactory.java:523) ~[spring-beans-6.2.2.jar!/:6.2.2]
	at org.springframework.beans.factory.support.AbstractBeanFactory.lambda$doGetBean$0(AbstractBeanFactory.java:336) ~[spring-beans-6.2.2.jar!/:6.2.2]
	at org.springframework.beans.factory.support.DefaultSingletonBeanRegistry.getSingleton(DefaultSingletonBeanRegistry.java:307) ~[spring-beans-6.2.2.jar!/:6.2.2]
	at org.springframework.beans.factory.support.AbstractBeanFactory.doGetBean(AbstractBeanFactory.java:334) ~[spring-beans-6.2.2.jar!/:6.2.2]
	at org.springframework.beans.factory.support.AbstractBeanFactory.getBean(AbstractBeanFactory.java:199) ~[spring-beans-6.2.2.jar!/:6.2.2]
	at org.springframework.beans.factory.support.DefaultListableBeanFactory.doResolveDependency(DefaultListableBeanFactory.java:1573) ~[spring-beans-6.2.2.jar!/:6.2.2]
	at org.springframework.beans.factory.support.DefaultListableBeanFactory.resolveDependency(DefaultListableBeanFactory.java:1519) ~[spring-beans-6.2.2.jar!/:6.2.2]
	at org.springframework.beans.factory.support.ConstructorResolver.resolveAutowiredArgument(ConstructorResolver.java:913) ~[spring-beans-6.2.2.jar!/:6.2.2]
	at org.springframework.beans.factory.support.ConstructorResolver.createArgumentArray(ConstructorResolver.java:791) ~[spring-beans-6.2.2.jar!/:6.2.2]
	at org.springframework.beans.factory.support.ConstructorResolver.autowireConstructor(ConstructorResolver.java:240) ~[spring-beans-6.2.2.jar!/:6.2.2]
	at org.springframework.beans.factory.support.AbstractAutowireCapableBeanFactory.autowireConstructor(AbstractAutowireCapableBeanFactory.java:1381) ~[spring-beans-6.2.2.jar!/:6.2.2]
	at org.springframework.beans.factory.support.AbstractAutowireCapableBeanFactory.createBeanInstance(AbstractAutowireCapableBeanFactory.java:1218) ~[spring-beans-6.2.2.jar!/:6.2.2]
	at org.springframework.beans.factory.support.AbstractAutowireCapableBeanFactory.doCreateBean(AbstractAutowireCapableBeanFactory.java:563) ~[spring-beans-6.2.2.jar!/:6.2.2]
	at org.springframework.beans.factory.support.AbstractAutowireCapableBeanFactory.createBean(AbstractAutowireCapableBeanFactory.java:523) ~[spring-beans-6.2.2.jar!/:6.2.2]
	at org.springframework.beans.factory.support.AbstractBeanFactory.lambda$doGetBean$0(AbstractBeanFactory.java:336) ~[spring-beans-6.2.2.jar!/:6.2.2]
	at org.springframework.beans.factory.support.DefaultSingletonBeanRegistry.getSingleton(DefaultSingletonBeanRegistry.java:307) ~[spring-beans-6.2.2.jar!/:6.2.2]
	at org.springframework.beans.factory.support.AbstractBeanFactory.doGetBean(AbstractBeanFactory.java:334) ~[spring-beans-6.2.2.jar!/:6.2.2]
	at org.springframework.beans.factory.support.AbstractBeanFactory.getBean(AbstractBeanFactory.java:199) ~[spring-beans-6.2.2.jar!/:6.2.2]
	at org.springframework.beans.factory.support.DefaultListableBeanFactory.doResolveDependency(DefaultListableBeanFactory.java:1573) ~[spring-beans-6.2.2.jar!/:6.2.2]
	at org.springframework.beans.factory.support.DefaultListableBeanFactory.resolveDependency(DefaultListableBeanFactory.java:1519) ~[spring-beans-6.2.2.jar!/:6.2.2]
	at org.springframework.beans.factory.support.ConstructorResolver.resolveAutowiredArgument(ConstructorResolver.java:913) ~[spring-beans-6.2.2.jar!/:6.2.2]
	at org.springframework.beans.factory.support.ConstructorResolver.createArgumentArray(ConstructorResolver.java:791) ~[spring-beans-6.2.2.jar!/:6.2.2]
	at org.springframework.beans.factory.support.ConstructorResolver.autowireConstructor(ConstructorResolver.java:240) ~[spring-beans-6.2.2.jar!/:6.2.2]
	at org.springframework.beans.factory.support.AbstractAutowireCapableBeanFactory.autowireConstructor(AbstractAutowireCapableBeanFactory.java:1381) ~[spring-beans-6.2.2.jar!/:6.2.2]
	at org.springframework.beans.factory.support.AbstractAutowireCapableBeanFactory.createBeanInstance(AbstractAutowireCapableBeanFactory.java:1218) ~[spring-beans-6.2.2.jar!/:6.2.2]
	at org.springframework.beans.factory.support.AbstractAutowireCapableBeanFactory.doCreateBean(AbstractAutowireCapableBeanFactory.java:563) ~[spring-beans-6.2.2.jar!/:6.2.2]
	at org.springframework.beans.factory.support.AbstractAutowireCapableBeanFactory.createBean(AbstractAutowireCapableBeanFactory.java:523) ~[spring-beans-6.2.2.jar!/:6.2.2]
	at org.springframework.beans.factory.support.AbstractBeanFactory.lambda$doGetBean$0(AbstractBeanFactory.java:336) ~[spring-beans-6.2.2.jar!/:6.2.2]
	at org.springframework.beans.factory.support.DefaultSingletonBeanRegistry.getSingleton(DefaultSingletonBeanRegistry.java:307) ~[spring-beans-6.2.2.jar!/:6.2.2]
	at org.springframework.beans.factory.support.AbstractBeanFactory.doGetBean(AbstractBeanFactory.java:334) ~[spring-beans-6.2.2.jar!/:6.2.2]
	at org.springframework.beans.factory.support.AbstractBeanFactory.getBean(AbstractBeanFactory.java:199) ~[spring-beans-6.2.2.jar!/:6.2.2]
	at org.springframework.beans.factory.support.DefaultListableBeanFactory.doResolveDependency(DefaultListableBeanFactory.java:1573) ~[spring-beans-6.2.2.jar!/:6.2.2]
	at org.springframework.beans.factory.support.DefaultListableBeanFactory.resolveDependency(DefaultListableBeanFactory.java:1519) ~[spring-beans-6.2.2.jar!/:6.2.2]
	at org.springframework.beans.factory.support.ConstructorResolver.resolveAutowiredArgument(ConstructorResolver.java:913) ~[spring-beans-6.2.2.jar!/:6.2.2]
	at org.springframework.beans.factory.support.ConstructorResolver.createArgumentArray(ConstructorResolver.java:791) ~[spring-beans-6.2.2.jar!/:6.2.2]
	at org.springframework.beans.factory.support.ConstructorResolver.autowireConstructor(ConstructorResolver.java:240) ~[spring-beans-6.2.2.jar!/:6.2.2]
	at org.springframework.beans.factory.support.AbstractAutowireCapableBeanFactory.autowireConstructor(AbstractAutowireCapableBeanFactory.java:1381) ~[spring-beans-6.2.2.jar!/:6.2.2]
	at org.springframework.beans.factory.support.AbstractAutowireCapableBeanFactory.createBeanInstance(AbstractAutowireCapableBeanFactory.java:1218) ~[spring-beans-6.2.2.jar!/:6.2.2]
	at org.springframework.beans.factory.support.AbstractAutowireCapableBeanFactory.doCreateBean(AbstractAutowireCapableBeanFactory.java:563) ~[spring-beans-6.2.2.jar!/:6.2.2]
	at org.springframework.beans.factory.support.AbstractAutowireCapableBeanFactory.createBean(AbstractAutowireCapableBeanFactory.java:523) ~[spring-beans-6.2.2.jar!/:6.2.2]
	at org.springframework.beans.factory.support.AbstractBeanFactory.lambda$doGetBean$0(AbstractBeanFactory.java:336) ~[spring-beans-6.2.2.jar!/:6.2.2]
	at org.springframework.beans.factory.support.DefaultSingletonBeanRegistry.getSingleton(DefaultSingletonBeanRegistry.java:307) ~[spring-beans-6.2.2.jar!/:6.2.2]
	at org.springframework.beans.factory.support.AbstractBeanFactory.doGetBean(AbstractBeanFactory.java:334) ~[spring-beans-6.2.2.jar!/:6.2.2]
	at org.springframework.beans.factory.support.AbstractBeanFactory.getBean(AbstractBeanFactory.java:199) ~[spring-beans-6.2.2.jar!/:6.2.2]
	at org.springframework.beans.factory.support.DefaultListableBeanFactory.instantiateSingleton(DefaultListableBeanFactory.java:1122) ~[spring-beans-6.2.2.jar!/:6.2.2]
	at org.springframework.beans.factory.support.DefaultListableBeanFactory.preInstantiateSingleton(DefaultListableBeanFactory.java:1093) ~[spring-beans-6.2.2.jar!/:6.2.2]
	at org.springframework.beans.factory.support.DefaultListableBeanFactory.preInstantiateSingletons(DefaultListableBeanFactory.java:1030) ~[spring-beans-6.2.2.jar!/:6.2.2]
	at org.springframework.context.support.AbstractApplicationContext.finishBeanFactoryInitialization(AbstractApplicationContext.java:987) ~[spring-context-6.2.2.jar!/:6.2.2]
	at org.springframework.context.support.AbstractApplicationContext.refresh(AbstractApplicationContext.java:627) ~[spring-context-6.2.2.jar!/:6.2.2]
	at org.springframework.boot.web.servlet.context.ServletWebServerApplicationContext.refresh(ServletWebServerApplicationContext.java:146) ~[spring-boot-3.4.2.jar!/:3.4.2]
	at org.springframework.boot.SpringApplication.refresh(SpringApplication.java:752) ~[spring-boot-3.4.2.jar!/:3.4.2]
	at org.springframework.boot.SpringApplication.refreshContext(SpringApplication.java:439) ~[spring-boot-3.4.2.jar!/:3.4.2]
	at org.springframework.boot.SpringApplication.run(SpringApplication.java:318) ~[spring-boot-3.4.2.jar!/:3.4.2]
	at org.springframework.boot.SpringApplication.run(SpringApplication.java:1361) ~[spring-boot-3.4.2.jar!/:3.4.2]
	at org.springframework.boot.SpringApplication.run(SpringApplication.java:1350) ~[spring-boot-3.4.2.jar!/:3.4.2]
	at com.gomin_jungdok.gdgoc.GdgocApplication.main(GdgocApplication.java:10) ~[!/:0.0.1-SNAPSHOT]
	at java.base/jdk.internal.reflect.NativeMethodAccessorImpl.invoke0(Native Method) ~[na:na]
	at java.base/jdk.internal.reflect.NativeMethodAccessorImpl.invoke(NativeMethodAccessorImpl.java:77) ~[na:na]
	at java.base/jdk.internal.reflect.DelegatingMethodAccessorImpl.invoke(DelegatingMethodAccessorImpl.java:43) ~[na:na]
	at java.base/java.lang.reflect.Method.invoke(Method.java:569) ~[na:na]
	at org.springframework.boot.loader.launch.Launcher.launch(Launcher.java:102) ~[gdgoc-0.0.1-SNAPSHOT.jar:0.0.1-SNAPSHOT]
	at org.springframework.boot.loader.launch.Launcher.launch(Launcher.java:64) ~[gdgoc-0.0.1-SNAPSHOT.jar:0.0.1-SNAPSHOT]
	at org.springframework.boot.loader.launch.JarLauncher.main(JarLauncher.java:40) ~[gdgoc-0.0.1-SNAPSHOT.jar:0.0.1-SNAPSHOT]

2025-03-27T03:32:34.729Z DEBUG 845597 --- [gdgoc] [           main] cResourceLocalTransactionCoordinatorImpl : JDBC transaction marked for rollback-only (exception provided for stack trace)

java.lang.Exception: exception just for purpose of providing stack trace
	at org.hibernate.resource.transaction.backend.jdbc.internal.JdbcResourceLocalTransactionCoordinatorImpl$TransactionDriverControlImpl.markRollbackOnly(JdbcResourceLocalTransactionCoordinatorImpl.java:309) ~[hibernate-core-6.6.5.Final.jar!/:6.6.5.Final]
	at org.hibernate.internal.AbstractSharedSessionContract.buildNamedQuery(AbstractSharedSessionContract.java:1141) ~[hibernate-core-6.6.5.Final.jar!/:6.6.5.Final]
	at org.hibernate.internal.AbstractSharedSessionContract.createNamedQuery(AbstractSharedSessionContract.java:1019) ~[hibernate-core-6.6.5.Final.jar!/:6.6.5.Final]
	at org.hibernate.internal.AbstractSharedSessionContract.createNamedQuery(AbstractSharedSessionContract.java:143) ~[hibernate-core-6.6.5.Final.jar!/:6.6.5.Final]
	at jdk.internal.reflect.GeneratedMethodAccessor27.invoke(Unknown Source) ~[na:na]
	at java.base/jdk.internal.reflect.DelegatingMethodAccessorImpl.invoke(DelegatingMethodAccessorImpl.java:43) ~[na:na]
	at java.base/java.lang.reflect.Method.invoke(Method.java:569) ~[na:na]
	at org.springframework.orm.jpa.ExtendedEntityManagerCreator$ExtendedEntityManagerInvocationHandler.invoke(ExtendedEntityManagerCreator.java:364) ~[spring-orm-6.2.2.jar!/:6.2.2]
	at jdk.proxy2/jdk.proxy2.$Proxy134.createNamedQuery(Unknown Source) ~[na:na]
	at org.springframework.data.jpa.repository.query.NamedQuery.hasNamedQuery(NamedQuery.java:114) ~[spring-data-jpa-3.4.2.jar!/:3.4.2]
	at org.springframework.data.jpa.repository.query.NamedQuery.lookupFrom(NamedQuery.java:140) ~[spring-data-jpa-3.4.2.jar!/:3.4.2]
	at org.springframework.data.jpa.repository.query.JpaQueryLookupStrategy$DeclaredQueryLookupStrategy.resolveQuery(JpaQueryLookupStrategy.java:184) ~[spring-data-jpa-3.4.2.jar!/:3.4.2]
	at org.springframework.data.jpa.repository.query.JpaQueryLookupStrategy$CreateIfNotFoundQueryLookupStrategy.resolveQuery(JpaQueryLookupStrategy.java:256) ~[spring-data-jpa-3.4.2.jar!/:3.4.2]
	at org.springframework.data.jpa.repository.query.JpaQueryLookupStrategy$AbstractQueryLookupStrategy.resolveQuery(JpaQueryLookupStrategy.java:99) ~[spring-data-jpa-3.4.2.jar!/:3.4.2]
	at org.springframework.data.repository.core.support.QueryExecutorMethodInterceptor.lookupQuery(QueryExecutorMethodInterceptor.java:116) ~[spring-data-commons-3.4.2.jar!/:3.4.2]
	at org.springframework.data.repository.core.support.QueryExecutorMethodInterceptor.mapMethodsToQuery(QueryExecutorMethodInterceptor.java:104) ~[spring-data-commons-3.4.2.jar!/:3.4.2]
	at org.springframework.data.repository.core.support.QueryExecutorMethodInterceptor.lambda$new$0(QueryExecutorMethodInterceptor.java:92) ~[spring-data-commons-3.4.2.jar!/:3.4.2]
	at java.base/java.util.Optional.map(Optional.java:260) ~[na:na]
	at org.springframework.data.repository.core.support.QueryExecutorMethodInterceptor.<init>(QueryExecutorMethodInterceptor.java:92) ~[spring-data-commons-3.4.2.jar!/:3.4.2]
	at org.springframework.data.repository.core.support.RepositoryFactorySupport.getRepository(RepositoryFactorySupport.java:440) ~[spring-data-commons-3.4.2.jar!/:3.4.2]
	at org.springframework.data.repository.core.support.RepositoryFactoryBeanSupport.lambda$afterPropertiesSet$4(RepositoryFactoryBeanSupport.java:350) ~[spring-data-commons-3.4.2.jar!/:3.4.2]
	at org.springframework.data.util.Lazy.getNullable(Lazy.java:135) ~[spring-data-commons-3.4.2.jar!/:3.4.2]
	at org.springframework.data.util.Lazy.get(Lazy.java:113) ~[spring-data-commons-3.4.2.jar!/:3.4.2]
	at org.springframework.data.repository.core.support.RepositoryFactoryBeanSupport.afterPropertiesSet(RepositoryFactoryBeanSupport.java:356) ~[spring-data-commons-3.4.2.jar!/:3.4.2]
	at org.springframework.data.jpa.repository.support.JpaRepositoryFactoryBean.afterPropertiesSet(JpaRepositoryFactoryBean.java:132) ~[spring-data-jpa-3.4.2.jar!/:3.4.2]
	at org.springframework.beans.factory.support.AbstractAutowireCapableBeanFactory.invokeInitMethods(AbstractAutowireCapableBeanFactory.java:1859) ~[spring-beans-6.2.2.jar!/:6.2.2]
	at org.springframework.beans.factory.support.AbstractAutowireCapableBeanFactory.initializeBean(AbstractAutowireCapableBeanFactory.java:1808) ~[spring-beans-6.2.2.jar!/:6.2.2]
	at org.springframework.beans.factory.support.AbstractAutowireCapableBeanFactory.doCreateBean(AbstractAutowireCapableBeanFactory.java:601) ~[spring-beans-6.2.2.jar!/:6.2.2]
	at org.springframework.beans.factory.support.AbstractAutowireCapableBeanFactory.createBean(AbstractAutowireCapableBeanFactory.java:523) ~[spring-beans-6.2.2.jar!/:6.2.2]
	at org.springframework.beans.factory.support.AbstractBeanFactory.lambda$doGetBean$0(AbstractBeanFactory.java:336) ~[spring-beans-6.2.2.jar!/:6.2.2]
	at org.springframework.beans.factory.support.DefaultSingletonBeanRegistry.getSingleton(DefaultSingletonBeanRegistry.java:307) ~[spring-beans-6.2.2.jar!/:6.2.2]
	at org.springframework.beans.factory.support.AbstractBeanFactory.doGetBean(AbstractBeanFactory.java:334) ~[spring-beans-6.2.2.jar!/:6.2.2]
	at org.springframework.beans.factory.support.AbstractBeanFactory.getBean(AbstractBeanFactory.java:199) ~[spring-beans-6.2.2.jar!/:6.2.2]
	at org.springframework.beans.factory.support.DefaultListableBeanFactory.doResolveDependency(DefaultListableBeanFactory.java:1573) ~[spring-beans-6.2.2.jar!/:6.2.2]
	at org.springframework.beans.factory.support.DefaultListableBeanFactory.resolveDependency(DefaultListableBeanFactory.java:1519) ~[spring-beans-6.2.2.jar!/:6.2.2]
	at org.springframework.beans.factory.support.ConstructorResolver.resolveAutowiredArgument(ConstructorResolver.java:913) ~[spring-beans-6.2.2.jar!/:6.2.2]
	at org.springframework.beans.factory.support.ConstructorResolver.createArgumentArray(ConstructorResolver.java:791) ~[spring-beans-6.2.2.jar!/:6.2.2]
	at org.springframework.beans.factory.support.ConstructorResolver.autowireConstructor(ConstructorResolver.java:240) ~[spring-beans-6.2.2.jar!/:6.2.2]
	at org.springframework.beans.factory.support.AbstractAutowireCapableBeanFactory.autowireConstructor(AbstractAutowireCapableBeanFactory.java:1381) ~[spring-beans-6.2.2.jar!/:6.2.2]
	at org.springframework.beans.factory.support.AbstractAutowireCapableBeanFactory.createBeanInstance(AbstractAutowireCapableBeanFactory.java:1218) ~[spring-beans-6.2.2.jar!/:6.2.2]
	at org.springframework.beans.factory.support.AbstractAutowireCapableBeanFactory.doCreateBean(AbstractAutowireCapableBeanFactory.java:563) ~[spring-beans-6.2.2.jar!/:6.2.2]
	at org.springframework.beans.factory.support.AbstractAutowireCapableBeanFactory.createBean(AbstractAutowireCapableBeanFactory.java:523) ~[spring-beans-6.2.2.jar!/:6.2.2]
	at org.springframework.beans.factory.support.AbstractBeanFactory.lambda$doGetBean$0(AbstractBeanFactory.java:336) ~[spring-beans-6.2.2.jar!/:6.2.2]
	at org.springframework.beans.factory.support.DefaultSingletonBeanRegistry.getSingleton(DefaultSingletonBeanRegistry.java:307) ~[spring-beans-6.2.2.jar!/:6.2.2]
	at org.springframework.beans.factory.support.AbstractBeanFactory.doGetBean(AbstractBeanFactory.java:334) ~[spring-beans-6.2.2.jar!/:6.2.2]
	at org.springframework.beans.factory.support.AbstractBeanFactory.getBean(AbstractBeanFactory.java:199) ~[spring-beans-6.2.2.jar!/:6.2.2]
	at org.springframework.beans.factory.support.DefaultListableBeanFactory.doResolveDependency(DefaultListableBeanFactory.java:1573) ~[spring-beans-6.2.2.jar!/:6.2.2]
	at org.springframework.beans.factory.support.DefaultListableBeanFactory.resolveDependency(DefaultListableBeanFactory.java:1519) ~[spring-beans-6.2.2.jar!/:6.2.2]
	at org.springframework.beans.factory.support.ConstructorResolver.resolveAutowiredArgument(ConstructorResolver.java:913) ~[spring-beans-6.2.2.jar!/:6.2.2]
	at org.springframework.beans.factory.support.ConstructorResolver.createArgumentArray(ConstructorResolver.java:791) ~[spring-beans-6.2.2.jar!/:6.2.2]
	at org.springframework.beans.factory.support.ConstructorResolver.autowireConstructor(ConstructorResolver.java:240) ~[spring-beans-6.2.2.jar!/:6.2.2]
	at org.springframework.beans.factory.support.AbstractAutowireCapableBeanFactory.autowireConstructor(AbstractAutowireCapableBeanFactory.java:1381) ~[spring-beans-6.2.2.jar!/:6.2.2]
	at org.springframework.beans.factory.support.AbstractAutowireCapableBeanFactory.createBeanInstance(AbstractAutowireCapableBeanFactory.java:1218) ~[spring-beans-6.2.2.jar!/:6.2.2]
	at org.springframework.beans.factory.support.AbstractAutowireCapableBeanFactory.doCreateBean(AbstractAutowireCapableBeanFactory.java:563) ~[spring-beans-6.2.2.jar!/:6.2.2]
	at org.springframework.beans.factory.support.AbstractAutowireCapableBeanFactory.createBean(AbstractAutowireCapableBeanFactory.java:523) ~[spring-beans-6.2.2.jar!/:6.2.2]
	at org.springframework.beans.factory.support.AbstractBeanFactory.lambda$doGetBean$0(AbstractBeanFactory.java:336) ~[spring-beans-6.2.2.jar!/:6.2.2]
	at org.springframework.beans.factory.support.DefaultSingletonBeanRegistry.getSingleton(DefaultSingletonBeanRegistry.java:307) ~[spring-beans-6.2.2.jar!/:6.2.2]
	at org.springframework.beans.factory.support.AbstractBeanFactory.doGetBean(AbstractBeanFactory.java:334) ~[spring-beans-6.2.2.jar!/:6.2.2]
	at org.springframework.beans.factory.support.AbstractBeanFactory.getBean(AbstractBeanFactory.java:199) ~[spring-beans-6.2.2.jar!/:6.2.2]
	at org.springframework.beans.factory.support.DefaultListableBeanFactory.doResolveDependency(DefaultListableBeanFactory.java:1573) ~[spring-beans-6.2.2.jar!/:6.2.2]
	at org.springframework.beans.factory.support.DefaultListableBeanFactory.resolveDependency(DefaultListableBeanFactory.java:1519) ~[spring-beans-6.2.2.jar!/:6.2.2]
	at org.springframework.beans.factory.support.ConstructorResolver.resolveAutowiredArgument(ConstructorResolver.java:913) ~[spring-beans-6.2.2.jar!/:6.2.2]
	at org.springframework.beans.factory.support.ConstructorResolver.createArgumentArray(ConstructorResolver.java:791) ~[spring-beans-6.2.2.jar!/:6.2.2]
	at org.springframework.beans.factory.support.ConstructorResolver.autowireConstructor(ConstructorResolver.java:240) ~[spring-beans-6.2.2.jar!/:6.2.2]
	at org.springframework.beans.factory.support.AbstractAutowireCapableBeanFactory.autowireConstructor(AbstractAutowireCapableBeanFactory.java:1381) ~[spring-beans-6.2.2.jar!/:6.2.2]
	at org.springframework.beans.factory.support.AbstractAutowireCapableBeanFactory.createBeanInstance(AbstractAutowireCapableBeanFactory.java:1218) ~[spring-beans-6.2.2.jar!/:6.2.2]
	at org.springframework.beans.factory.support.AbstractAutowireCapableBeanFactory.doCreateBean(AbstractAutowireCapableBeanFactory.java:563) ~[spring-beans-6.2.2.jar!/:6.2.2]
	at org.springframework.beans.factory.support.AbstractAutowireCapableBeanFactory.createBean(AbstractAutowireCapableBeanFactory.java:523) ~[spring-beans-6.2.2.jar!/:6.2.2]
	at org.springframework.beans.factory.support.AbstractBeanFactory.lambda$doGetBean$0(AbstractBeanFactory.java:336) ~[spring-beans-6.2.2.jar!/:6.2.2]
	at org.springframework.beans.factory.support.DefaultSingletonBeanRegistry.getSingleton(DefaultSingletonBeanRegistry.java:307) ~[spring-beans-6.2.2.jar!/:6.2.2]
	at org.springframework.beans.factory.support.AbstractBeanFactory.doGetBean(AbstractBeanFactory.java:334) ~[spring-beans-6.2.2.jar!/:6.2.2]
	at org.springframework.beans.factory.support.AbstractBeanFactory.getBean(AbstractBeanFactory.java:199) ~[spring-beans-6.2.2.jar!/:6.2.2]
	at org.springframework.beans.factory.support.DefaultListableBeanFactory.instantiateSingleton(DefaultListableBeanFactory.java:1122) ~[spring-beans-6.2.2.jar!/:6.2.2]
	at org.springframework.beans.factory.support.DefaultListableBeanFactory.preInstantiateSingleton(DefaultListableBeanFactory.java:1093) ~[spring-beans-6.2.2.jar!/:6.2.2]
	at org.springframework.beans.factory.support.DefaultListableBeanFactory.preInstantiateSingletons(DefaultListableBeanFactory.java:1030) ~[spring-beans-6.2.2.jar!/:6.2.2]
	at org.springframework.context.support.AbstractApplicationContext.finishBeanFactoryInitialization(AbstractApplicationContext.java:987) ~[spring-context-6.2.2.jar!/:6.2.2]
	at org.springframework.context.support.AbstractApplicationContext.refresh(AbstractApplicationContext.java:627) ~[spring-context-6.2.2.jar!/:6.2.2]
	at org.springframework.boot.web.servlet.context.ServletWebServerApplicationContext.refresh(ServletWebServerApplicationContext.java:146) ~[spring-boot-3.4.2.jar!/:3.4.2]
	at org.springframework.boot.SpringApplication.refresh(SpringApplication.java:752) ~[spring-boot-3.4.2.jar!/:3.4.2]
	at org.springframework.boot.SpringApplication.refreshContext(SpringApplication.java:439) ~[spring-boot-3.4.2.jar!/:3.4.2]
	at org.springframework.boot.SpringApplication.run(SpringApplication.java:318) ~[spring-boot-3.4.2.jar!/:3.4.2]
	at org.springframework.boot.SpringApplication.run(SpringApplication.java:1361) ~[spring-boot-3.4.2.jar!/:3.4.2]
	at org.springframework.boot.SpringApplication.run(SpringApplication.java:1350) ~[spring-boot-3.4.2.jar!/:3.4.2]
	at com.gomin_jungdok.gdgoc.GdgocApplication.main(GdgocApplication.java:10) ~[!/:0.0.1-SNAPSHOT]
	at java.base/jdk.internal.reflect.NativeMethodAccessorImpl.invoke0(Native Method) ~[na:na]
	at java.base/jdk.internal.reflect.NativeMethodAccessorImpl.invoke(NativeMethodAccessorImpl.java:77) ~[na:na]
	at java.base/jdk.internal.reflect.DelegatingMethodAccessorImpl.invoke(DelegatingMethodAccessorImpl.java:43) ~[na:na]
	at java.base/java.lang.reflect.Method.invoke(Method.java:569) ~[na:na]
	at org.springframework.boot.loader.launch.Launcher.launch(Launcher.java:102) ~[gdgoc-0.0.1-SNAPSHOT.jar:0.0.1-SNAPSHOT]
	at org.springframework.boot.loader.launch.Launcher.launch(Launcher.java:64) ~[gdgoc-0.0.1-SNAPSHOT.jar:0.0.1-SNAPSHOT]
	at org.springframework.boot.loader.launch.JarLauncher.main(JarLauncher.java:40) ~[gdgoc-0.0.1-SNAPSHOT.jar:0.0.1-SNAPSHOT]

2025-03-27T03:32:35.875Z  WARN 845597 --- [gdgoc] [           main] JpaBaseConfiguration$JpaWebConfiguration : spring.jpa.open-in-view is enabled by default. Therefore, database queries may be performed during view rendering. Explicitly configure spring.jpa.open-in-view to disable this warning
2025-03-27T03:32:36.901Z DEBUG 845597 --- [gdgoc] [           main] .h.v.m.ResourceBundleMessageInterpolator : Loaded expression factory via original TCCL
2025-03-27T03:32:36.905Z DEBUG 845597 --- [gdgoc] [           main] o.h.v.i.e.AbstractConfigurationImpl      : Setting custom MessageInterpolator of type org.springframework.validation.beanvalidation.LocaleContextMessageInterpolator
2025-03-27T03:32:36.907Z DEBUG 845597 --- [gdgoc] [           main] o.h.v.i.e.AbstractConfigurationImpl      : Setting custom ConstraintValidatorFactory of type org.springframework.validation.beanvalidation.SpringConstraintValidatorFactory
2025-03-27T03:32:36.910Z DEBUG 845597 --- [gdgoc] [           main] o.h.v.i.xml.config.ValidationXmlParser   : Trying to load META-INF/validation.xml for XML based Validator configuration.
2025-03-27T03:32:36.911Z DEBUG 845597 --- [gdgoc] [           main] o.h.v.i.xml.config.ResourceLoaderHelper  : Trying to load META-INF/validation.xml via user class loader
2025-03-27T03:32:36.912Z DEBUG 845597 --- [gdgoc] [           main] o.h.v.i.xml.config.ResourceLoaderHelper  : Trying to load META-INF/validation.xml via TCCL
2025-03-27T03:32:36.913Z DEBUG 845597 --- [gdgoc] [           main] o.h.v.i.xml.config.ResourceLoaderHelper  : Trying to load META-INF/validation.xml via Hibernate Validator's class loader
2025-03-27T03:32:36.915Z DEBUG 845597 --- [gdgoc] [           main] o.h.v.i.xml.config.ValidationXmlParser   : No META-INF/validation.xml found. Using annotation based configuration only.
2025-03-27T03:32:36.915Z DEBUG 845597 --- [gdgoc] [           main] o.h.v.i.e.resolver.TraversableResolvers  : Found jakarta.persistence.Persistence on classpath containing 'getPersistenceUtil'. Assuming JPA 2 environment. Trying to instantiate JPA aware TraversableResolver
2025-03-27T03:32:36.915Z DEBUG 845597 --- [gdgoc] [           main] o.h.v.i.e.resolver.TraversableResolvers  : Instantiated JPA aware TraversableResolver of type org.hibernate.validator.internal.engine.resolver.JPATraversableResolver.
2025-03-27T03:32:36.919Z DEBUG 845597 --- [gdgoc] [           main] .i.e.ValidatorFactoryConfigurationHelper : HV000252: Using org.hibernate.validator.internal.engine.DefaultPropertyNodeNameProvider as property node name provider.
2025-03-27T03:32:36.921Z DEBUG 845597 --- [gdgoc] [           main] .i.e.ValidatorFactoryConfigurationHelper : HV000234: Using org.springframework.validation.beanvalidation.LocaleContextMessageInterpolator as ValidatorFactory-scoped message interpolator.
2025-03-27T03:32:36.921Z DEBUG 845597 --- [gdgoc] [           main] .i.e.ValidatorFactoryConfigurationHelper : HV000234: Using org.hibernate.validator.internal.engine.resolver.JPATraversableResolver as ValidatorFactory-scoped traversable resolver.
2025-03-27T03:32:36.922Z DEBUG 845597 --- [gdgoc] [           main] .i.e.ValidatorFactoryConfigurationHelper : HV000234: Using org.hibernate.validator.internal.util.ExecutableParameterNameProvider as ValidatorFactory-scoped parameter name provider.
2025-03-27T03:32:36.922Z DEBUG 845597 --- [gdgoc] [           main] .i.e.ValidatorFactoryConfigurationHelper : HV000234: Using org.hibernate.validator.internal.engine.DefaultClockProvider as ValidatorFactory-scoped clock provider.
2025-03-27T03:32:36.922Z DEBUG 845597 --- [gdgoc] [           main] .i.e.ValidatorFactoryConfigurationHelper : HV000234: Using org.hibernate.validator.internal.engine.scripting.DefaultScriptEvaluatorFactory as ValidatorFactory-scoped script evaluator factory.
2025-03-27T03:32:37.702Z  INFO 845597 --- [gdgoc] [           main] o.s.b.w.embedded.tomcat.TomcatWebServer  : Tomcat started on port 8080 (http) with context path '/'
2025-03-27T03:32:37.753Z  INFO 845597 --- [gdgoc] [           main] c.gomin_jungdok.gdgoc.GdgocApplication   : Started GdgocApplication in 20.934 seconds (process running for 22.821)
